Cites,Authors,Title,Year,Source,Publisher,ArticleURL,CitesURL,GSRank,QueryDate,Type,DOI,ISSN,CitationURL,Volume,Issue,StartPage,EndPage,ECC,CitesPerYear,CitesPerAuthor,AuthorCount,Age,Abstract,FullTextURL,RelatedURL
0,"A Chapnevis","EFFICIENT CONNECTIVITY MANAGEMENT AND PATH PLANNING FOR IOT AND UAV NETWORKS",2024,"","scholarscompass.vcu.edu","https://scholarscompass.vcu.edu/etd/7660/","",23,"2025-09-15 17:37:58","","","","",,,,,0,0.00,0,1,1,"… of UAV-assisted IoT networks, covering path planning, resource management, collaborative connectivity, … A related patent from Qualcomm discusses managing such wireless device …","https://scholarscompass.vcu.edu/cgi/viewcontent.cgi?article=8741&context=etd/","https://scholar.google.com/scholar?q=related:BvEy1EmjQBoJ:scholar.google.com/&scioq=uav%7Cdrone+%22waypoint+optimization%22%7C%22path+planning%22+%22signal+strength%22%7Cconnectivity%7Ccommunication+%22patent%22%7C%22patents%22+%22application%22%7C%22grant%22%7C%22publication%22%7C%22number%22%7C%22wo%22%7C%22us%22%7C%22cn%22%7C%22ep%22&hl=en&as_sdt=2007&as_vis=1"
416,"A Tsourdos, B White, M Shanmugavel","Cooperative path planning of unmanned aerial vehicles",2010,"","books.google.com","https://books.google.com/books?hl=en&lr=&id=goE5zLD_5kcC&oi=fnd&pg=PR9&dq=uav%7Cdrone+%22waypoint+optimization%22%7C%22path+planning%22+%22signal+strength%22%7Cconnectivity%7Ccommunication+%22patent%22%7C%22patents%22+%22application%22%7C%22grant%22%7C%22publication%22%7C%22number%22%7C%22wo%22%7C%22us%22%7C%22cn%22%7C%22ep%22&ots=_UvlWzu4Wp&sig=pqKQ0ncqhb9shRxqEc0sVHfFSEk","https://scholar.google.com/scholar?cites=13951298876311943740&as_sdt=2005&sciodt=2007&hl=en",28,"2025-09-15 17:37:58","BOOK","","","",,,,,416,27.73,139,3,15,"… Approaches the solution to UAV path planning via two phases: … with the Copyright, Designs and Patents Act 1988. … and communication requirements make the path planning more …","https://www.academia.edu/download/61100038/Cooperative_Path_Planning_Of_Unmanned_Aerial_Vehicles_Book20191102-107583-sjhhu3.pdf","https://scholar.google.com/scholar?q=related:PDrhLWn4nMEJ:scholar.google.com/&scioq=uav%7Cdrone+%22waypoint+optimization%22%7C%22path+planning%22+%22signal+strength%22%7Cconnectivity%7Ccommunication+%22patent%22%7C%22patents%22+%22application%22%7C%22grant%22%7C%22publication%22%7C%22number%22%7C%22wo%22%7C%22us%22%7C%22cn%22%7C%22ep%22&hl=en&as_sdt=2007&as_vis=1"
1,"H Shi, Z Zhao, J Chen, M Zhou, Y Liu","Enhancing UAV Path Planning in Multi-Agent Reinforcement Learning through Adaptive Dimensionality Reduction",2024,"","preprints.org","https://www.preprints.org/frontend/manuscript/62559f0e993d0a389a183f9dbb969f5b/download_pub","https://scholar.google.com/scholar?cites=10720352628783617360&as_sdt=2005&sciodt=2007&hl=en",80,"2025-09-15 17:37:58","PDF","","","",,,,,1,1.00,0,5,1,"… Effective path planning for multiple UAVs exploring a target area is crucial for maximizing … communication modules to facilitate inter-UAV coordination, further improving path planning …","https://www.preprints.org/frontend/manuscript/62559f0e993d0a389a183f9dbb969f5b/download_pub","https://scholar.google.com/scholar?q=related:UJWSwepXxpQJ:scholar.google.com/&scioq=uav%7Cdrone+%22waypoint+optimization%22%7C%22path+planning%22+%22signal+strength%22%7Cconnectivity%7Ccommunication+%22patent%22%7C%22patents%22+%22application%22%7C%22grant%22%7C%22publication%22%7C%22number%22%7C%22wo%22%7C%22us%22%7C%22cn%22%7C%22ep%22&hl=en&as_sdt=2007&as_vis=1"
19,"Q Ding, X Xu","Improved GWO algorithm for UAV path planning on crop pest monitoring",2022,"","reunir.unir.net","https://reunir.unir.net/handle/123456789/13675","https://scholar.google.com/scholar?cites=13337240843768443242&as_sdt=2005&sciodt=2007&hl=en",90,"2025-09-15 17:37:58","","","","",,,,,19,6.33,10,2,3,"… is close to the ground vehicle-mounted terminal, the UAV establishes a communication link … relayed through the relay equipment on the signal tower to establish a communication link. …","https://reunir.unir.net/bitstream/handle/123456789/13675/ijimai_7_5_4.pdf?sequence=1&isAllowed=y","https://scholar.google.com/scholar?q=related:ajGmOOJlF7kJ:scholar.google.com/&scioq=uav%7Cdrone+%22waypoint+optimization%22%7C%22path+planning%22+%22signal+strength%22%7Cconnectivity%7Ccommunication+%22patent%22%7C%22patents%22+%22application%22%7C%22grant%22%7C%22publication%22%7C%22number%22%7C%22wo%22%7C%22us%22%7C%22cn%22%7C%22ep%22&hl=en&as_sdt=2007&as_vis=1"
36,"X Liang, S Zhao, G Chen, G Meng, Y Wang","Design and development of ground station for UAV/UGV heterogeneous collaborative system",2021,"Ain Shams Engineering …","Elsevier","https://www.sciencedirect.com/science/article/pii/S2090447921002136","https://scholar.google.com/scholar?cites=3360367490579853469&as_sdt=2005&sciodt=2007&hl=en",94,"2025-09-15 17:37:58","HTML","","","",,,,,36,9.00,7,5,4,"… In data communication module, since the amount of data from the system is large, the data … In digital map module, a three-dimensional path planning method based on improved Ant …","https://www.sciencedirect.com/science/article/pii/S2090447921002136","https://scholar.google.com/scholar?q=related:nXDIvm1soi4J:scholar.google.com/&scioq=uav%7Cdrone+%22waypoint+optimization%22%7C%22path+planning%22+%22signal+strength%22%7Cconnectivity%7Ccommunication+%22patent%22%7C%22patents%22+%22application%22%7C%22grant%22%7C%22publication%22%7C%22number%22%7C%22wo%22%7C%22us%22%7C%22cn%22%7C%22ep%22&hl=en&as_sdt=2007&as_vis=1"
1,"J Yang","Frequency Point Game Environment for UAVs via Expert Knowledge and Large Language Model",2025,"arXiv preprint arXiv:2508.02757","arxiv.org","https://arxiv.org/abs/2508.02757","https://scholar.google.com/scholar?cites=17466271609455609397&as_sdt=2005&sciodt=2007&hl=en",100,"2025-09-15 17:37:58","","","","",,,,,1,1.00,1,1,1,"… gradient-free path planning of the adversary UAV. This creates … This paper introduces UAV-FPG, a drone communication … decision-making and path planning in complex …","https://arxiv.org/pdf/2508.02757","https://scholar.google.com/scholar?q=related:NYYXEH2pZPIJ:scholar.google.com/&scioq=uav%7Cdrone+%22waypoint+optimization%22%7C%22path+planning%22+%22signal+strength%22%7Cconnectivity%7Ccommunication+%22patent%22%7C%22patents%22+%22application%22%7C%22grant%22%7C%22publication%22%7C%22number%22%7C%22wo%22%7C%22us%22%7C%22cn%22%7C%22ep%22&hl=en&as_sdt=2007&as_vis=1"
12,"B Wu, B Zhang, D Guo, H Wang, ...","Anti-jamming trajectory design for UAV-enabled wireless sensor networks using communication flight corridor",2022,"China …","ieeexplore.ieee.org","https://ieeexplore.ieee.org/abstract/document/9837847/","https://scholar.google.com/scholar?cites=5445282457612621485&as_sdt=2005&sciodt=2007&hl=en",58,"2025-09-15 17:37:58","","","","",,,,,12,4.00,2,5,3,"… UAV flight trajectory. Firstly, we propose a general optimization framework which consists of path planning … papers and has been granted over 20 patents in his research areas. He has …","https://scholar.google.com/scholar?output=instlink&q=info:rZaqe4uHkUsJ:scholar.google.com/&hl=en&as_sdt=2007&as_vis=1&scillfp=1546875106312296656&oi=lle","https://scholar.google.com/scholar?q=related:rZaqe4uHkUsJ:scholar.google.com/&scioq=uav%7Cdrone+%22waypoint+optimization%22%7C%22path+planning%22+%22signal+strength%22%7Cconnectivity%7Ccommunication+%22patent%22%7C%22patents%22+%22application%22%7C%22grant%22%7C%22publication%22%7C%22number%22%7C%22wo%22%7C%22us%22%7C%22cn%22%7C%22ep%22&hl=en&as_sdt=2007&as_vis=1"
23,"BD Deebak, F Al-Turjman","Aerial and underwater drone communication: potentials and vulnerabilities",2020,"Drones in Smart-Cities","Elsevier","https://www.sciencedirect.com/science/article/pii/B978012819972500001X","https://scholar.google.com/scholar?cites=16785299429670374431&as_sdt=2005&sciodt=2007&hl=en",78,"2025-09-15 17:37:58","","","","",,,,,23,4.60,12,2,5,"… , path-planning, and communication requirements. This work includes machine learning and artificial intelligence for autonomous drone … the review of drone navigation methods and its …","https://scholar.google.com/scholar?output=instlink&q=info:H8wRIuZc8egJ:scholar.google.com/&hl=en&as_sdt=2007&as_vis=1&scillfp=18118844465539795207&oi=lle","https://scholar.google.com/scholar?q=related:H8wRIuZc8egJ:scholar.google.com/&scioq=uav%7Cdrone+%22waypoint+optimization%22%7C%22path+planning%22+%22signal+strength%22%7Cconnectivity%7Ccommunication+%22patent%22%7C%22patents%22+%22application%22%7C%22grant%22%7C%22publication%22%7C%22number%22%7C%22wo%22%7C%22us%22%7C%22cn%22%7C%22ep%22&hl=en&as_sdt=2007&as_vis=1"
2,"S Jung, YJ Kim","Extremum Seeking-Based Radio Signal Strength Optimization Algorithm for Hoverable UAV Path Planning",2024,"Electronics","mdpi.com","https://www.mdpi.com/2079-9292/13/20/4064","https://scholar.google.com/scholar?cites=7953234929006469205&as_sdt=2005&sciodt=2007&hl=en",2,"2025-09-15 17:37:58","HTML","","","",,,,,2,2.00,1,2,1,"… on maintaining reliable UAV communication by ensuring the signal strength (RADIO.rssi) … path planning. We show that slight UAV movements can greatly enhance the communication …","https://www.mdpi.com/2079-9292/13/20/4064","https://scholar.google.com/scholar?q=related:VeCopgeRX24J:scholar.google.com/&scioq=uav%7Cdrone+%22waypoint+optimization%22%7C%22path+planning%22+%22signal+strength%22%7Cconnectivity%7Ccommunication+%22patent%22%7C%22patents%22+%22application%22%7C%22grant%22%7C%22publication%22%7C%22number%22%7C%22wo%22%7C%22us%22%7C%22cn%22%7C%22ep%22&hl=en&as_sdt=2007&as_vis=1"
547,"Y Lu, Z Xue, GS Xia, L Zhang","A survey on vision-based UAV navigation",2018,"Geo-spatial information science","Taylor &Francis","https://www.tandfonline.com/doi/abs/10.1080/10095020.2017.1420509","https://scholar.google.com/scholar?cites=8041549377186004436&as_sdt=2005&sciodt=2007&hl=en",95,"2025-09-15 17:37:58","","10.1080/10095020.2017.1420509","","",,,,,547,78.14,137,4,7,"… due to the limitations of communication and perception ability of … , global path planning is not enough to control a UAV in real … He also holds 15 patents. His research interests include …","https://www.tandfonline.com/doi/pdf/10.1080/10095020.2017.1420509","https://scholar.google.com/scholar?q=related:1H3vdo1SmW8J:scholar.google.com/&scioq=uav%7Cdrone+%22waypoint+optimization%22%7C%22path+planning%22+%22signal+strength%22%7Cconnectivity%7Ccommunication+%22patent%22%7C%22patents%22+%22application%22%7C%22grant%22%7C%22publication%22%7C%22number%22%7C%22wo%22%7C%22us%22%7C%22cn%22%7C%22ep%22&hl=en&as_sdt=2007&as_vis=1"
12,"D Horváth, J Gazda, E Šlapak, T Maksymyuk, ...","Evolutionary coverage optimization for a self-organizing UAV-based wireless communication system",2021,"IEEE …","ieeexplore.ieee.org","https://ieeexplore.ieee.org/abstract/document/9583254/","https://scholar.google.com/scholar?cites=4380354920965818438&as_sdt=2005&sciodt=2007&hl=en",16,"2025-09-15 17:37:58","","","","",,,,,12,3.00,2,5,4,"… Notably, the application of evolution-based path planning for the UAV swarm trajectory, specially addressing the uncertainties in the dynamic environment, was proposed in [16]. A …","https://ieeexplore.ieee.org/iel7/6287639/6514899/09583254.pdf","https://scholar.google.com/scholar?q=related:RkhNrpclyjwJ:scholar.google.com/&scioq=uav%7Cdrone+%22waypoint+optimization%22%7C%22path+planning%22+%22signal+strength%22%7Cconnectivity%7Ccommunication+%22patent%22%7C%22patents%22+%22application%22%7C%22grant%22%7C%22publication%22%7C%22number%22%7C%22wo%22%7C%22us%22%7C%22cn%22%7C%22ep%22&hl=en&as_sdt=2007&as_vis=1"
0,"K Karam, A Mansour, M Khaldi, B Clement, ...","UAV Path Optimization for WSN in Smart Agriculture",2025,"IEEE …","ieeexplore.ieee.org","https://ieeexplore.ieee.org/abstract/document/11003879/","",37,"2025-09-15 17:37:58","","","","",,,,,0,0.00,0,5,1,"… communication ranges, the UAV dynamically adjusts its altitude to maintain connectivity … ’s dynamic flight characteristics, which are critical for realistic and efficient path planning. After …","https://ieeexplore.ieee.org/iel8/6287639/6514899/11003879.pdf","https://scholar.google.com/scholar?q=related:IrKHs7ltkJwJ:scholar.google.com/&scioq=uav%7Cdrone+%22waypoint+optimization%22%7C%22path+planning%22+%22signal+strength%22%7Cconnectivity%7Ccommunication+%22patent%22%7C%22patents%22+%22application%22%7C%22grant%22%7C%22publication%22%7C%22number%22%7C%22wo%22%7C%22us%22%7C%22cn%22%7C%22ep%22&hl=en&as_sdt=2007&as_vis=1"
68,"S Iranmanesh, R Raad, MS Raheel, F Tubbal, ...","Novel DTN mobility-driven routing in autonomous drone logistics networks",2019,"IEEE …","ieeexplore.ieee.org","https://ieeexplore.ieee.org/abstract/document/8932497/","https://scholar.google.com/scholar?cites=1295964603362048938&as_sdt=2005&sciodt=2007&hl=en",41,"2025-09-15 17:37:58","","","","",,,,,68,11.33,14,5,6,"… Amazon has an issued patent that describes how … path planning in data communication, we explore the following hypothesis. Suppose that in a drone logistics network, every drone has …","https://ieeexplore.ieee.org/iel7/6287639/8948470/08932497.pdf","https://scholar.google.com/scholar?q=related:qvvfwPAw_BEJ:scholar.google.com/&scioq=uav%7Cdrone+%22waypoint+optimization%22%7C%22path+planning%22+%22signal+strength%22%7Cconnectivity%7Ccommunication+%22patent%22%7C%22patents%22+%22application%22%7C%22grant%22%7C%22publication%22%7C%22number%22%7C%22wo%22%7C%22us%22%7C%22cn%22%7C%22ep%22&hl=en&as_sdt=2007&as_vis=1"
30,"RA Saeed, ES Ali, M Abdelhaq, R Alsaqour, ...","Energy efficient path planning scheme for unmanned aerial vehicle using hybrid generic algorithm-based Q-learning optimization",2023,"IEEE …","ieeexplore.ieee.org","https://ieeexplore.ieee.org/abstract/document/10365503/","https://scholar.google.com/scholar?cites=3871285749040808502&as_sdt=2005&sciodt=2007&hl=en",83,"2025-09-15 17:37:58","","","","",,,,,30,15.00,6,5,2,"… to solve a UAV path planning energy efficiency challenge. … on acceleration, communication cost, and Radius of UAV for … He is successfully awarded three US patents in these areas. …","https://ieeexplore.ieee.org/iel7/6287639/6514899/10365503.pdf","https://scholar.google.com/scholar?q=related:NgKct-CRuTUJ:scholar.google.com/&scioq=uav%7Cdrone+%22waypoint+optimization%22%7C%22path+planning%22+%22signal+strength%22%7Cconnectivity%7Ccommunication+%22patent%22%7C%22patents%22+%22application%22%7C%22grant%22%7C%22publication%22%7C%22number%22%7C%22wo%22%7C%22us%22%7C%22cn%22%7C%22ep%22&hl=en&as_sdt=2007&as_vis=1"
92,"A Mardani, M Chiaberge, P Giaccone","Communication-aware UAV path planning",2019,"IEEE Access","ieeexplore.ieee.org","https://ieeexplore.ieee.org/abstract/document/8691430/","https://scholar.google.com/scholar?cites=2925642981811158815&as_sdt=2005&sciodt=2007&hl=en",1,"2025-09-15 17:37:58","","","","",,,,,92,15.33,31,3,6,"… in order to maximize the communication quality, given a … path planning algorithms and we show that our algorithms outperform classical approaches that are oblivious of communication …","https://ieeexplore.ieee.org/iel7/6287639/8600701/08691430.pdf","https://scholar.google.com/scholar?q=related:H_93jsr4mSgJ:scholar.google.com/&scioq=uav%7Cdrone+%22waypoint+optimization%22%7C%22path+planning%22+%22signal+strength%22%7Cconnectivity%7Ccommunication+%22patent%22%7C%22patents%22+%22application%22%7C%22grant%22%7C%22publication%22%7C%22number%22%7C%22wo%22%7C%22us%22%7C%22cn%22%7C%22ep%22&hl=en&as_sdt=2007&as_vis=1"
99,"J Park, H Lee, S Eom, I Lee","UAV-aided wireless powered communication networks: Trajectory optimization and resource allocation for minimum throughput maximization",2019,"IEEE Access","ieeexplore.ieee.org","https://ieeexplore.ieee.org/abstract/document/8836548/","https://scholar.google.com/scholar?cites=5321957550863133898&as_sdt=2005&sciodt=2007&hl=en",8,"2025-09-15 17:37:58","","","","",,,,,99,16.50,25,4,6,"… In this work, a UAV network is considered where the UAVs support the uplink communication of the GTs for a pre-determined time period T [15], [38]. The time period T is regarded as a …","https://ieeexplore.ieee.org/iel7/6287639/8600701/08836548.pdf","https://scholar.google.com/scholar?q=related:yqznEDJk20kJ:scholar.google.com/&scioq=uav%7Cdrone+%22waypoint+optimization%22%7C%22path+planning%22+%22signal+strength%22%7Cconnectivity%7Ccommunication+%22patent%22%7C%22patents%22+%22application%22%7C%22grant%22%7C%22publication%22%7C%22number%22%7C%22wo%22%7C%22us%22%7C%22cn%22%7C%22ep%22&hl=en&as_sdt=2007&as_vis=1"
33,"YJ Chen, DY Huang","Trajectory optimization for cellular-enabled UAV with connectivity outage constraint",2020,"IEEE Access","ieeexplore.ieee.org","https://ieeexplore.ieee.org/abstract/document/8984324/","https://scholar.google.com/scholar?cites=12496162272174255891&as_sdt=2005&sciodt=2007&hl=en",10,"2025-09-15 17:37:58","","","","",,,,,33,6.60,17,2,5,"… and path planning,’’ IEEE Trans. Veh. Technol., vol. … Shu, ‘‘User association and path planning for UAV-aided mobile … He holds four US patents and four ROC patents. His research …","https://ieeexplore.ieee.org/iel7/6287639/8948470/08984324.pdf","https://scholar.google.com/scholar?q=related:E6-VCGFJa60J:scholar.google.com/&scioq=uav%7Cdrone+%22waypoint+optimization%22%7C%22path+planning%22+%22signal+strength%22%7Cconnectivity%7Ccommunication+%22patent%22%7C%22patents%22+%22application%22%7C%22grant%22%7C%22publication%22%7C%22number%22%7C%22wo%22%7C%22us%22%7C%22cn%22%7C%22ep%22&hl=en&as_sdt=2007&as_vis=1"
95,"J Xie, LRG Carrillo, L Jin","Path planning for UAV to cover multiple separated convex polygonal regions",2020,"IEEE Access","ieeexplore.ieee.org","https://ieeexplore.ieee.org/abstract/document/9032151/","https://scholar.google.com/scholar?cites=1727962820605636020&as_sdt=2005&sciodt=2007&hl=en",18,"2025-09-15 17:37:58","","","","",,,,,95,19.00,32,3,5,"… path for the UAV to quickly cover all regions. The new path planning problem explored here, … salesman problem (TSP) and the coverage path planning (CPP) problem, which has not …","https://ieeexplore.ieee.org/iel7/6287639/8948470/09032151.pdf","https://scholar.google.com/scholar?q=related:tO1Huwf1-hcJ:scholar.google.com/&scioq=uav%7Cdrone+%22waypoint+optimization%22%7C%22path+planning%22+%22signal+strength%22%7Cconnectivity%7Ccommunication+%22patent%22%7C%22patents%22+%22application%22%7C%22grant%22%7C%22publication%22%7C%22number%22%7C%22wo%22%7C%22us%22%7C%22cn%22%7C%22ep%22&hl=en&as_sdt=2007&as_vis=1"
345,"H Qie, D Shi, T Shen, X Xu, Y Li, L Wang","Joint optimization of multi-UAV target assignment and path planning based on multi-agent reinforcement learning",2019,"IEEE access","ieeexplore.ieee.org","https://ieeexplore.ieee.org/abstract/document/8846699/","https://scholar.google.com/scholar?cites=16815955058607309130&as_sdt=2005&sciodt=2007&hl=en",63,"2025-09-15 17:37:58","","","","",,,,,345,57.50,58,6,6,"… (UAV) collaborative control systems is the problem of multi-UAV target assignment and path planning (… in which target assignment and path planning are solved separately. However, …","https://ieeexplore.ieee.org/iel7/6287639/8600701/08846699.pdf","https://scholar.google.com/scholar?q=related:SsE48wdGXukJ:scholar.google.com/&scioq=uav%7Cdrone+%22waypoint+optimization%22%7C%22path+planning%22+%22signal+strength%22%7Cconnectivity%7Ccommunication+%22patent%22%7C%22patents%22+%22application%22%7C%22grant%22%7C%22publication%22%7C%22number%22%7C%22wo%22%7C%22us%22%7C%22cn%22%7C%22ep%22&hl=en&as_sdt=2007&as_vis=1"
202,"B Li, Y Wu","Path planning for UAV ground target tracking via deep reinforcement learning",2020,"IEEE access","ieeexplore.ieee.org","https://ieeexplore.ieee.org/abstract/document/8984371/","https://scholar.google.com/scholar?cites=1421133768042247372&as_sdt=2005&sciodt=2007&hl=en",69,"2025-09-15 17:37:58","","","","",,,,,202,40.40,101,2,5,"… dynamic planning solution for UAV trajectory planning. … path planning. How to react to the dynamic environment using incomplete information is a key issue in UAV online path planning. …","https://ieeexplore.ieee.org/iel7/6287639/6514899/08984371.pdf","https://scholar.google.com/scholar?q=related:zHR47qHhuBMJ:scholar.google.com/&scioq=uav%7Cdrone+%22waypoint+optimization%22%7C%22path+planning%22+%22signal+strength%22%7Cconnectivity%7Ccommunication+%22patent%22%7C%22patents%22+%22application%22%7C%22grant%22%7C%22publication%22%7C%22number%22%7C%22wo%22%7C%22us%22%7C%22cn%22%7C%22ep%22&hl=en&as_sdt=2007&as_vis=1"
101,"RJ Wai, AS Prasetia","Adaptive neural network control and optimal path planning of UAV surveillance system with energy consumption prediction",2019,"Ieee Access","ieeexplore.ieee.org","https://ieeexplore.ieee.org/abstract/document/8819962/","https://scholar.google.com/scholar?cites=15555023145878851397&as_sdt=2005&sciodt=2007&hl=en",87,"2025-09-15 17:37:58","","","","",,,,,101,16.83,51,2,6,"… connectivity issue of using the K-means algorithm for a 3-dimensional energy-efficient path planning … inertia weight to solve the UAV optimal path-planning problem is presented in this …","https://ieeexplore.ieee.org/iel7/6287639/8600701/08819962.pdf","https://scholar.google.com/scholar?q=related:RY8WGyOL3tcJ:scholar.google.com/&scioq=uav%7Cdrone+%22waypoint+optimization%22%7C%22path+planning%22+%22signal+strength%22%7Cconnectivity%7Ccommunication+%22patent%22%7C%22patents%22+%22application%22%7C%22grant%22%7C%22publication%22%7C%22number%22%7C%22wo%22%7C%22us%22%7C%22cn%22%7C%22ep%22&hl=en&as_sdt=2007&as_vis=1"
24,"R Lai, B Zhang, G Gong, H Yuan, J Yang, ...","Energy-efficient scheduling in UAV-assisted hierarchical wireless sensor networks",2024,"IEEE Internet of …","ieeexplore.ieee.org","https://ieeexplore.ieee.org/abstract/document/10445189/","https://scholar.google.com/scholar?cites=15317697357872053915&as_sdt=2005&sciodt=2007&hl=en",96,"2025-09-15 17:37:58","","","","",,,,,24,24.00,4,6,1,"… , and UAV path planning to minimize the weighted sum of energy consumption of WSNs and that of a UAV. … 2) This work mathematically models the communication speed and energy …","https://s2.smu.edu/~jiazhang/Papers/JiaZhang-UAV.pdf","https://scholar.google.com/scholar?q=related:mz7nIJdkk9QJ:scholar.google.com/&scioq=uav%7Cdrone+%22waypoint+optimization%22%7C%22path+planning%22+%22signal+strength%22%7Cconnectivity%7Ccommunication+%22patent%22%7C%22patents%22+%22application%22%7C%22grant%22%7C%22publication%22%7C%22number%22%7C%22wo%22%7C%22us%22%7C%22cn%22%7C%22ep%22&hl=en&as_sdt=2007&as_vis=1"
93,"O Esrafilian, R Gangula, ...","Learning to communicate in UAV-aided wireless networks: Map-based approaches",2018,"IEEE Internet of Things …","ieeexplore.ieee.org","https://ieeexplore.ieee.org/abstract/document/8525324/","https://scholar.google.com/scholar?cites=16292059126720997994&as_sdt=2005&sciodt=2007&hl=en",7,"2025-09-15 17:37:58","","","","",,,,,93,13.29,31,3,7,"… yet static locations of the UAV BSs, path planning involves finding UAV trajectories. In both … design for a UAV BS that is providing communication services for a number of ground nodes …","https://arxiv.org/pdf/1806.05165","https://scholar.google.com/scholar?q=related:aqrd63QFGeIJ:scholar.google.com/&scioq=uav%7Cdrone+%22waypoint+optimization%22%7C%22path+planning%22+%22signal+strength%22%7Cconnectivity%7Ccommunication+%22patent%22%7C%22patents%22+%22application%22%7C%22grant%22%7C%22publication%22%7C%22number%22%7C%22wo%22%7C%22us%22%7C%22cn%22%7C%22ep%22&hl=en&as_sdt=2007&as_vis=1"
52,"Y Guan, S Zou, H Peng, W Ni, Y Sun, ...","Cooperative UAV trajectory design for disaster area emergency communications: A multiagent PPO method",2023,"IEEE Internet of Things …","ieeexplore.ieee.org","https://ieeexplore.ieee.org/abstract/document/10268067/","https://scholar.google.com/scholar?cites=7814767237254501164&as_sdt=2005&sciodt=2007&hl=en",30,"2025-09-15 17:37:58","","","","",,,,,52,26.00,9,6,2,"… UAV trajectory for communication recovery after a disaster was studied in [17], which considered UAV multi-hop transmission and UAV … , the suboptimal path planning of the PPO …","https://scholar.google.com/scholar?output=instlink&q=info:LFPq2mWhc2wJ:scholar.google.com/&hl=en&as_sdt=2007&as_vis=1&scillfp=2164100483816787803&oi=lle","https://scholar.google.com/scholar?q=related:LFPq2mWhc2wJ:scholar.google.com/&scioq=uav%7Cdrone+%22waypoint+optimization%22%7C%22path+planning%22+%22signal+strength%22%7Cconnectivity%7Ccommunication+%22patent%22%7C%22patents%22+%22application%22%7C%22grant%22%7C%22publication%22%7C%22number%22%7C%22wo%22%7C%22us%22%7C%22cn%22%7C%22ep%22&hl=en&as_sdt=2007&as_vis=1"
317,"Z Yu, Z Si, X Li, D Wang, H Song","A novel hybrid particle swarm optimization algorithm for path planning of UAVs",2022,"IEEE Internet of Things …","ieeexplore.ieee.org","https://ieeexplore.ieee.org/abstract/document/9795684/","https://scholar.google.com/scholar?cites=7784888814638703395&as_sdt=2005&sciodt=2007&hl=en",43,"2025-09-15 17:37:58","","","","",,,,,317,105.67,63,5,3,"… UAV path planning has been proven to be an NP-hard … focus on the impact of communication variations between UAVs on the … and is the inventor of two patents. His research has been …","https://scholar.google.com/scholar?output=instlink&q=info:I6NzfCF7CWwJ:scholar.google.com/&hl=en&as_sdt=2007&as_vis=1&scillfp=4820840138216594716&oi=lle","https://scholar.google.com/scholar?q=related:I6NzfCF7CWwJ:scholar.google.com/&scioq=uav%7Cdrone+%22waypoint+optimization%22%7C%22path+planning%22+%22signal+strength%22%7Cconnectivity%7Ccommunication+%22patent%22%7C%22patents%22+%22application%22%7C%22grant%22%7C%22publication%22%7C%22number%22%7C%22wo%22%7C%22us%22%7C%22cn%22%7C%22ep%22&hl=en&as_sdt=2007&as_vis=1"
142,"Y Huo, X Dong, T Lu, W Xu, ...","Distributed and multilayer UAV networks for next-generation wireless communication and power transfer: A feasibility study",2019,"IEEE Internet of Things …","ieeexplore.ieee.org","https://ieeexplore.ieee.org/abstract/document/8703821/","https://scholar.google.com/scholar?cites=4494651663440785680&as_sdt=2005&sciodt=2007&hl=en",61,"2025-09-15 17:37:58","","","","",,,,,142,23.67,28,5,6,"… On the other hand, UAV path planning plays a crucial role in … specific application scenarios. As an example, [19] optimized … 28 granted domestic patents and 3 US patents. His current …","https://scholar.google.com/scholar?output=instlink&q=info:ELGBzN81YD4J:scholar.google.com/&hl=en&as_sdt=2007&as_vis=1&scillfp=6354626133917916105&oi=lle","https://scholar.google.com/scholar?q=related:ELGBzN81YD4J:scholar.google.com/&scioq=uav%7Cdrone+%22waypoint+optimization%22%7C%22path+planning%22+%22signal+strength%22%7Cconnectivity%7Ccommunication+%22patent%22%7C%22patents%22+%22application%22%7C%22grant%22%7C%22publication%22%7C%22number%22%7C%22wo%22%7C%22us%22%7C%22cn%22%7C%22ep%22&hl=en&as_sdt=2007&as_vis=1"
48,"S Hu, X Yuan, W Ni, X Wang, ...","RIS-assisted jamming rejection and path planning for UAV-borne IoT platform: A new deep reinforcement learning framework",2023,"IEEE Internet of Things …","ieeexplore.ieee.org","https://ieeexplore.ieee.org/abstract/document/10146001/","https://scholar.google.com/scholar?cites=16914436343062328107&as_sdt=2005&sciodt=2007&hl=en",67,"2025-09-15 17:37:58","","","","",,,,,48,24.00,10,5,2,"… communication strategy was developed between a UAV swarm and a BS to counteract jamming attempts. This improved the communication … technical papers, and five patents, all in the …","https://arxiv.org/pdf/2302.04994","https://scholar.google.com/scholar?q=related:K_MvzDwmvOoJ:scholar.google.com/&scioq=uav%7Cdrone+%22waypoint+optimization%22%7C%22path+planning%22+%22signal+strength%22%7Cconnectivity%7Ccommunication+%22patent%22%7C%22patents%22+%22application%22%7C%22grant%22%7C%22publication%22%7C%22number%22%7C%22wo%22%7C%22us%22%7C%22cn%22%7C%22ep%22&hl=en&as_sdt=2007&as_vis=1"
42,"R Han, L Bai, Y Wen, J Liu, J Choi, ...","UAV-aided backscatter communications: Performance analysis and trajectory optimization",2021,"IEEE Journal on …","ieeexplore.ieee.org","https://ieeexplore.ieee.org/abstract/document/9453805/","https://scholar.google.com/scholar?cites=14676585598434569926&as_sdt=2005&sciodt=2007&hl=en",29,"2025-09-15 17:37:58","","","","",,,,,42,10.50,7,6,4,"… In this section, we assume that there are K UAVs in the backscatter communication system and each UAV is to help I parasite devices during the flight time. The background noise is …","https://scholar.google.com/scholar?output=instlink&q=info:xm5Ohte0rcsJ:scholar.google.com/&hl=en&as_sdt=2007&as_vis=1&scillfp=9252303428631202654&oi=lle","https://scholar.google.com/scholar?q=related:xm5Ohte0rcsJ:scholar.google.com/&scioq=uav%7Cdrone+%22waypoint+optimization%22%7C%22path+planning%22+%22signal+strength%22%7Cconnectivity%7Ccommunication+%22patent%22%7C%22patents%22+%22application%22%7C%22grant%22%7C%22publication%22%7C%22number%22%7C%22wo%22%7C%22us%22%7C%22cn%22%7C%22ep%22&hl=en&as_sdt=2007&as_vis=1"
153,"M Atif, R Ahmad, W Ahmad, L Zhao, ...","UAV-assisted wireless localization for search and rescue",2021,"IEEE Systems …","ieeexplore.ieee.org","https://ieeexplore.ieee.org/abstract/document/9345802/","https://scholar.google.com/scholar?cites=9182602120584967009&as_sdt=2005&sciodt=2007&hl=en",45,"2025-09-15 17:37:58","","","","",,,,,153,38.25,31,5,4,"… This article presents a novel localization and path planning … energy of the UAV and the number of unlocalized nodes. The … the neighboring nodes and their signal strength. It is assumed …","","https://scholar.google.com/scholar?q=related:YTM3J_onb38J:scholar.google.com/&scioq=uav%7Cdrone+%22waypoint+optimization%22%7C%22path+planning%22+%22signal+strength%22%7Cconnectivity%7Ccommunication+%22patent%22%7C%22patents%22+%22application%22%7C%22grant%22%7C%22publication%22%7C%22number%22%7C%22wo%22%7C%22us%22%7C%22cn%22%7C%22ep%22&hl=en&as_sdt=2007&as_vis=1"
11,"C Luo, SI McClean, G Parr, Q Wang, ...","A communication model to decouple the path planning and connectivity optimization and support cooperative sensing",2014,"IEEE Transactions …","ieeexplore.ieee.org","https://ieeexplore.ieee.org/abstract/document/6736065/","https://scholar.google.com/scholar?cites=6686674533177009508&as_sdt=2005&sciodt=2007&hl=en",5,"2025-09-15 17:37:58","","","","",,,,,11,1.00,2,5,11,"… model, the path planning algorithm and network connectivity … the optimizations of UAV path-planning and relay deployment… and conference papers and filed 5 patents. He is actively …","https://core.ac.uk/download/pdf/43097929.pdf","https://scholar.google.com/scholar?q=related:ZKWqdg_Xy1wJ:scholar.google.com/&scioq=uav%7Cdrone+%22waypoint+optimization%22%7C%22path+planning%22+%22signal+strength%22%7Cconnectivity%7Ccommunication+%22patent%22%7C%22patents%22+%22application%22%7C%22grant%22%7C%22publication%22%7C%22number%22%7C%22wo%22%7C%22us%22%7C%22cn%22%7C%22ep%22&hl=en&as_sdt=2007&as_vis=1"
66,"OS Oubbati, M Atiquzzaman, P Lorenz, ...","SEARCH: An SDN-enabled approach for vehicle path-planning",2020,"IEEE Transactions …","ieeexplore.ieee.org","https://ieeexplore.ieee.org/abstract/document/9286572/","https://scholar.google.com/scholar?cites=2951444579081489985&as_sdt=2005&sciodt=2007&hl=en",24,"2025-09-15 17:37:58","","","","",,,,,66,13.20,17,4,5,"… In V2V communication, vehicles can communicate with each … interfaces for each vehicle and UAV using the framework Veins [42… He is the author/co-author of 3 books, 3 patents and 200 …","https://hal.science/hal-03110411/file/Article%201.pdf","https://scholar.google.com/scholar?q=related:QY5nDjWj9SgJ:scholar.google.com/&scioq=uav%7Cdrone+%22waypoint+optimization%22%7C%22path+planning%22+%22signal+strength%22%7Cconnectivity%7Ccommunication+%22patent%22%7C%22patents%22+%22application%22%7C%22grant%22%7C%22publication%22%7C%22number%22%7C%22wo%22%7C%22us%22%7C%22cn%22%7C%22ep%22&hl=en&as_sdt=2007&as_vis=1"
0,"Y Chen, Q Zhu, J Wang, Z Jia, X Wang, ...","UAV-Aided Efficient Informative Path Planning for Autonomous 3D Spectrum Mapping",2025,"IEEE Transactions …","ieeexplore.ieee.org","https://ieeexplore.ieee.org/abstract/document/11143588/","",26,"2025-09-15 17:37:58","","","","",,,,,0,0.00,0,6,1,"… PhD in communication and … patents. His current research interests include channel sounding, modeling, and emulation for the 5G/6G mobile communication and UAV communication …","https://scholar.google.com/scholar?output=instlink&q=info:rLwOpCcFcGsJ:scholar.google.com/&hl=en&as_sdt=2007&as_vis=1&scillfp=5872513820789930533&oi=lle","https://scholar.google.com/scholar?q=related:rLwOpCcFcGsJ:scholar.google.com/&scioq=uav%7Cdrone+%22waypoint+optimization%22%7C%22path+planning%22+%22signal+strength%22%7Cconnectivity%7Ccommunication+%22patent%22%7C%22patents%22+%22application%22%7C%22grant%22%7C%22publication%22%7C%22number%22%7C%22wo%22%7C%22us%22%7C%22cn%22%7C%22ep%22&hl=en&as_sdt=2007&as_vis=1"
210,"S Javaid, N Saeed, Z Qadir, H Fahim, ...","Communication and control in collaborative UAVs: Recent advances and future trends",2023,"IEEE Transactions …","ieeexplore.ieee.org","https://ieeexplore.ieee.org/abstract/document/10077453/","https://scholar.google.com/scholar?cites=9204267516604860767&as_sdt=2005&sciodt=2007&hl=en",54,"2025-09-15 17:37:58","","","","",,,,,210,105.00,42,5,2,"… for UAV path planning. The grey wolf optimizer algorithms mimic the social hunting behavior of the grey wolf and perform exploration, exploitation, geometric adjustment, and optimal …","https://arxiv.org/pdf/2302.12175","https://scholar.google.com/scholar?q=related:X0nmQIogvH8J:scholar.google.com/&scioq=uav%7Cdrone+%22waypoint+optimization%22%7C%22path+planning%22+%22signal+strength%22%7Cconnectivity%7Ccommunication+%22patent%22%7C%22patents%22+%22application%22%7C%22grant%22%7C%22publication%22%7C%22number%22%7C%22wo%22%7C%22us%22%7C%22cn%22%7C%22ep%22&hl=en&as_sdt=2007&as_vis=1"
71,"T Wu, J Liu, J Liu, Z Huang, H Wu, ...","A novel AI-based framework for AoI-optimal trajectory planning in UAV-assisted wireless sensor networks",2021,"IEEE Transactions …","ieeexplore.ieee.org","https://ieeexplore.ieee.org/abstract/document/9543607/","https://scholar.google.com/scholar?cites=15051603224145498996&as_sdt=2005&sciodt=2007&hl=en",79,"2025-09-15 17:37:58","","","","",,,,,71,17.75,12,6,4,"… Two types of communication links are considered here. One is … Li, “Travelling salesman problem for UAV path planning with … -time UAV path planning,” IEEE Trans. Industr. Inform., vol. …","https://scholar.google.com/scholar?output=instlink&q=info:dBNRs2IJ4tAJ:scholar.google.com/&hl=en&as_sdt=2007&as_vis=1&scillfp=11472902104988103023&oi=lle","https://scholar.google.com/scholar?q=related:dBNRs2IJ4tAJ:scholar.google.com/&scioq=uav%7Cdrone+%22waypoint+optimization%22%7C%22path+planning%22+%22signal+strength%22%7Cconnectivity%7Ccommunication+%22patent%22%7C%22patents%22+%22application%22%7C%22grant%22%7C%22publication%22%7C%22number%22%7C%22wo%22%7C%22us%22%7C%22cn%22%7C%22ep%22&hl=en&as_sdt=2007&as_vis=1"
81,"S Hu, X Yuan, W Ni, X Wang","Trajectory planning of cellular-connected UAV for communication-assisted radar sensing",2022,"IEEE Transactions on …","ieeexplore.ieee.org","https://ieeexplore.ieee.org/abstract/document/9847217/","https://scholar.google.com/scholar?cites=5915405737427350488&as_sdt=2005&sciodt=2007&hl=en",3,"2025-09-15 17:37:58","","","","",,,,,81,27.00,20,4,3,"… System model of joint communication and radar sensing by a BS-UAV bistatic SAR, where the UAV receives the downlink cellular signals from the BS and the reflections of the signals …","https://arxiv.org/pdf/2207.13238","https://scholar.google.com/scholar?q=related:2DOqUS2-F1IJ:scholar.google.com/&scioq=uav%7Cdrone+%22waypoint+optimization%22%7C%22path+planning%22+%22signal+strength%22%7Cconnectivity%7Ccommunication+%22patent%22%7C%22patents%22+%22application%22%7C%22grant%22%7C%22publication%22%7C%22number%22%7C%22wo%22%7C%22us%22%7C%22cn%22%7C%22ep%22&hl=en&as_sdt=2007&as_vis=1"
195,"B Zhu, E Bedeer, HH Nguyen, ...","UAV trajectory planning in wireless sensor networks for energy consumption minimization by deep reinforcement learning",2021,"IEEE Transactions on …","ieeexplore.ieee.org","https://ieeexplore.ieee.org/abstract/document/9507262/","https://scholar.google.com/scholar?cites=7998791335944896643&as_sdt=2005&sciodt=2007&hl=en",27,"2025-09-15 17:37:58","","","","",,,,,195,48.75,49,4,4,"… in [19] formulate the UAV’s path planning problem as a dynamic … to the UAV, and Pcom is the communication power of the UAV. In … Rob also holds many patents in the areas of wireless …","https://arxiv.org/pdf/2108.00354","https://scholar.google.com/scholar?q=related:g8B3M1dqAW8J:scholar.google.com/&scioq=uav%7Cdrone+%22waypoint+optimization%22%7C%22path+planning%22+%22signal+strength%22%7Cconnectivity%7Ccommunication+%22patent%22%7C%22patents%22+%22application%22%7C%22grant%22%7C%22publication%22%7C%22number%22%7C%22wo%22%7C%22us%22%7C%22cn%22%7C%22ep%22&hl=en&as_sdt=2007&as_vis=1"
58,"M Eskandari, H Huang, AV Savkin, ...","Model predictive control-based 3D navigation of a RIS-equipped UAV for LoS wireless communication with a ground intelligent vehicle",2022,"IEEE Transactions on …","ieeexplore.ieee.org","https://ieeexplore.ieee.org/abstract/document/10002850/","https://scholar.google.com/scholar?cites=4199270398823813052&as_sdt=2005&sciodt=2007&hl=en",32,"2025-09-15 17:37:58","","","","",,,,,58,19.33,15,4,3,"… planning by considering the UAV motion constraints while following the MT. However, in most UAVassisted communications, 2D unobstructed path planning has been considered for …","https://ira.lib.polyu.edu.hk/bitstream/10397/98857/1/Huang_Model_Predictive_Navigation.pdf","https://scholar.google.com/scholar?q=related:vM-01S3ORjoJ:scholar.google.com/&scioq=uav%7Cdrone+%22waypoint+optimization%22%7C%22path+planning%22+%22signal+strength%22%7Cconnectivity%7Ccommunication+%22patent%22%7C%22patents%22+%22application%22%7C%22grant%22%7C%22publication%22%7C%22number%22%7C%22wo%22%7C%22us%22%7C%22cn%22%7C%22ep%22&hl=en&as_sdt=2007&as_vis=1"
23,"Y Xu, Y Han, Z Sun, W Gu, Y Jin, ...","Path planning optimization with multiple pesticide and power loading bases using several unmanned aerial systems on segmented agricultural fields",2022,"IEEE Transactions on …","ieeexplore.ieee.org","https://ieeexplore.ieee.org/abstract/document/9904967/","https://scholar.google.com/scholar?cites=16618460818170832726&as_sdt=2005&sciodt=2007&hl=en",33,"2025-09-15 17:37:58","","","","",,,,,23,7.67,4,6,3,"… Bettstetter, “Multi-objective UAV path planning for search and … application in unmanned combat aerial vehicle path planning… academic papers and obtained 32 patents; drafted the first …","https://scholar.google.com/scholar?output=instlink&q=info:VufR1BCioOYJ:scholar.google.com/&hl=en&as_sdt=2007&as_vis=1&scillfp=10084490876493760174&oi=lle","https://scholar.google.com/scholar?q=related:VufR1BCioOYJ:scholar.google.com/&scioq=uav%7Cdrone+%22waypoint+optimization%22%7C%22path+planning%22+%22signal+strength%22%7Cconnectivity%7Ccommunication+%22patent%22%7C%22patents%22+%22application%22%7C%22grant%22%7C%22publication%22%7C%22number%22%7C%22wo%22%7C%22us%22%7C%22cn%22%7C%22ep%22&hl=en&as_sdt=2007&as_vis=1"
271,"Z Yang, W Xu, M Shikh-Bahaei","Energy efficient UAV communication with energy harvesting",2019,"IEEE Transactions on …","ieeexplore.ieee.org","https://ieeexplore.ieee.org/abstract/document/8941314/","https://scholar.google.com/scholar?cites=2340078044288392601&as_sdt=2005&sciodt=2007&hl=en",39,"2025-09-15 17:37:58","","","","",,,,,271,45.17,90,3,6,"… subproblem and energy minimization subproblem with fixed path planning. For path planning … For energy minimization subproblem with fixed path planning, we firstly obtain the optimal …","https://arxiv.org/pdf/1911.00351","https://scholar.google.com/scholar?q=related:mR2AQJWgeSAJ:scholar.google.com/&scioq=uav%7Cdrone+%22waypoint+optimization%22%7C%22path+planning%22+%22signal+strength%22%7Cconnectivity%7Ccommunication+%22patent%22%7C%22patents%22+%22application%22%7C%22grant%22%7C%22publication%22%7C%22number%22%7C%22wo%22%7C%22us%22%7C%22cn%22%7C%22ep%22&hl=en&as_sdt=2007&as_vis=1"
73,"W Hu, Y Yu, S Liu, C She, L Guo, ...","Multi-UAV coverage path planning: A distributed online cooperation method",2023,"IEEE Transactions on …","ieeexplore.ieee.org","https://ieeexplore.ieee.org/abstract/document/10102336/","https://scholar.google.com/scholar?cites=5359381030961338149&as_sdt=2005&sciodt=2007&hl=en",48,"2025-09-15 17:37:58","","","","",,,,,73,36.50,12,6,2,"… Here we first assume that a UAV can always maintain communication with any other … He holds a number of patents granted and pending in these fields. He is also the Editor of IEEE …","https://scholar.google.com/scholar?output=instlink&q=info:JddqBqdYYEoJ:scholar.google.com/&hl=en&as_sdt=2007&as_vis=1&scillfp=5760821791798904089&oi=lle","https://scholar.google.com/scholar?q=related:JddqBqdYYEoJ:scholar.google.com/&scioq=uav%7Cdrone+%22waypoint+optimization%22%7C%22path+planning%22+%22signal+strength%22%7Cconnectivity%7Ccommunication+%22patent%22%7C%22patents%22+%22application%22%7C%22grant%22%7C%22publication%22%7C%22number%22%7C%22wo%22%7C%22us%22%7C%22cn%22%7C%22ep%22&hl=en&as_sdt=2007&as_vis=1"
85,"MMU Chowdhury, SJ Maeng, E Bulut, ...","3-D trajectory optimization in UAV-assisted cellular networks considering antenna radiation pattern and backhaul constraint",2020,"IEEE Transactions on …","ieeexplore.ieee.org","https://ieeexplore.ieee.org/abstract/document/9037325/","https://scholar.google.com/scholar?cites=101968588350509447&as_sdt=2005&sciodt=2007&hl=en",70,"2025-09-15 17:37:58","","","","",,,,,85,17.00,21,4,5,"… 3-D path planning problem of an unmanned aerial vehicle (UAV), in interference prevalent downlink cellular networks. We consider a cellular-connected UAV … the cellular connectivity of …","https://ieeexplore.ieee.org/ielaam/7/9219049/9037325-aam.pdf","https://scholar.google.com/scholar?q=related:h1HhDuRDagEJ:scholar.google.com/&scioq=uav%7Cdrone+%22waypoint+optimization%22%7C%22path+planning%22+%22signal+strength%22%7Cconnectivity%7Ccommunication+%22patent%22%7C%22patents%22+%22application%22%7C%22grant%22%7C%22publication%22%7C%22number%22%7C%22wo%22%7C%22us%22%7C%22cn%22%7C%22ep%22&hl=en&as_sdt=2007&as_vis=1"
2,"B Duo, A Kong, Q Wu, X Yuan, ...","Joint path and pick-up design for connectivity-aware UAV-enabled multi-package delivery",2024,"IEEE Transactions on …","ieeexplore.ieee.org","https://ieeexplore.ieee.org/abstract/document/10706999/","https://scholar.google.com/scholar?cites=5073930030972592772&as_sdt=2005&sciodt=2007&hl=en",71,"2025-09-15 17:37:58","","","","",,,,,2,2.00,0,5,1,"… In this section, we introduce a connectivity-aware solution for the UAV path planning based on … He holds a number of patents granted and pending in these fields. He was a recipient of …","https://scholar.google.com/scholar?output=instlink&q=info:hOJO93o4akYJ:scholar.google.com/&hl=en&as_sdt=2007&as_vis=1&scillfp=4815405652242929754&oi=lle","https://scholar.google.com/scholar?q=related:hOJO93o4akYJ:scholar.google.com/&scioq=uav%7Cdrone+%22waypoint+optimization%22%7C%22path+planning%22+%22signal+strength%22%7Cconnectivity%7Ccommunication+%22patent%22%7C%22patents%22+%22application%22%7C%22grant%22%7C%22publication%22%7C%22number%22%7C%22wo%22%7C%22us%22%7C%22cn%22%7C%22ep%22&hl=en&as_sdt=2007&as_vis=1"
0,"Y Yoo, J Suh, D Choi, J Paek, ...","ASCEND: Altitude Selection for High-quality Cellular Connectivity on Drones",2025,"IEEE Transactions on …","ieeexplore.ieee.org","https://ieeexplore.ieee.org/abstract/document/11115971/","",82,"2025-09-15 17:37:58","","","","",,,,,0,0.00,0,5,1,"… of UAV cellular connectivity in real-world environments. Some studies focus on drone path planning but fail to take into account connectivity … and holds more than 100 patents. He is a …","https://scholar.google.com/scholar?output=instlink&q=info:y9yxG84SpxUJ:scholar.google.com/&hl=en&as_sdt=2007&as_vis=1&scillfp=12601835640488517092&oi=lle","https://scholar.google.com/scholar?q=related:y9yxG84SpxUJ:scholar.google.com/&scioq=uav%7Cdrone+%22waypoint+optimization%22%7C%22path+planning%22+%22signal+strength%22%7Cconnectivity%7Ccommunication+%22patent%22%7C%22patents%22+%22application%22%7C%22grant%22%7C%22publication%22%7C%22number%22%7C%22wo%22%7C%22us%22%7C%22cn%22%7C%22ep%22&hl=en&as_sdt=2007&as_vis=1"
173,"Y Wan, Y Zhong, A Ma, L Zhang","An accurate UAV 3-D path planning method for disaster emergency response based on an improved multiobjective swarm intelligence algorithm",2022,"IEEE Transactions on …","ieeexplore.ieee.org","https://ieeexplore.ieee.org/abstract/document/9780258/","https://scholar.google.com/scholar?cites=18162936254129955047&as_sdt=2005&sciodt=2007&hl=en",85,"2025-09-15 17:37:58","","","","",,,,,173,57.67,43,4,3,"… UAV 3-D path planning approach in accordance with an enhanced multiobjective swarm intelligence algorithm is proposed (APPMS). In the APPMS method, the path planning … UAV 3-D …","https://www.researchgate.net/profile/Yuting-Wan/publication/360803059_An_Accurate_UAV_3-D_Path_Planning_Method_for_Disaster_Emergency_Response_Based_on_an_Improved_Multiobjective_Swarm_Intelligence_Algorithm/links/628cd3c06773462154d4f3f9/An-Accurate-UAV-3-D-Path-Planning-Method-for-Disaster-Emergency-Response-Based-on-an-Improved-Multiobjective-Swarm-Intelligence-Algorithm.pdf","https://scholar.google.com/scholar?q=related:5-B6sUq2D_wJ:scholar.google.com/&scioq=uav%7Cdrone+%22waypoint+optimization%22%7C%22path+planning%22+%22signal+strength%22%7Cconnectivity%7Ccommunication+%22patent%22%7C%22patents%22+%22application%22%7C%22grant%22%7C%22publication%22%7C%22number%22%7C%22wo%22%7C%22us%22%7C%22cn%22%7C%22ep%22&hl=en&as_sdt=2007&as_vis=1"
12,"Z Sun, J Wu, GG Yen, Z Lu, ...","Performance analysis and system implementation for energy-efficient passive UAV radar imaging system",2023,"IEEE Transactions on …","ieeexplore.ieee.org","https://ieeexplore.ieee.org/abstract/document/10079148/","https://scholar.google.com/scholar?cites=12912776980314751843&as_sdt=2005&sciodt=2007&hl=en",98,"2025-09-15 17:37:58","","","","",,,,,12,6.00,2,5,2,"… UAV navigation, passive SAR imaging and communication. An energy-efficient path planning method is then presented to generate a UAV … evaluators and path planning method. Finally…","https://scholar.google.com/scholar?output=instlink&q=info:Y4OArz9mM7MJ:scholar.google.com/&hl=en&as_sdt=2007&as_vis=1&scillfp=9026151075927346423&oi=lle","https://scholar.google.com/scholar?q=related:Y4OArz9mM7MJ:scholar.google.com/&scioq=uav%7Cdrone+%22waypoint+optimization%22%7C%22path+planning%22+%22signal+strength%22%7Cconnectivity%7Ccommunication+%22patent%22%7C%22patents%22+%22application%22%7C%22grant%22%7C%22publication%22%7C%22number%22%7C%22wo%22%7C%22us%22%7C%22cn%22%7C%22ep%22&hl=en&as_sdt=2007&as_vis=1"
0,"J Xiong, J Wu, Y Zhou, S Xu","On Energy Replenishment Station Site Selection and Path Planning for Drone Video Streaming",2025,"IEEE Transactions on …","ieeexplore.ieee.org","https://ieeexplore.ieee.org/abstract/document/11000306/","",99,"2025-09-15 17:37:58","","","","",,,,,0,0.00,0,4,1,"… to the nearby energy resupply station via wireless communication network. 2) The energy … papers and holds more than 40 patents, including 39 awarded patents. His current research …","https://scholar.google.com/scholar?output=instlink&q=info:FR9fLONxSjUJ:scholar.google.com/&hl=en&as_sdt=2007&as_vis=1&scillfp=3429403081360317689&oi=lle","https://scholar.google.com/scholar?q=related:FR9fLONxSjUJ:scholar.google.com/&scioq=uav%7Cdrone+%22waypoint+optimization%22%7C%22path+planning%22+%22signal+strength%22%7Cconnectivity%7Ccommunication+%22patent%22%7C%22patents%22+%22application%22%7C%22grant%22%7C%22publication%22%7C%22number%22%7C%22wo%22%7C%22us%22%7C%22cn%22%7C%22ep%22&hl=en&as_sdt=2007&as_vis=1"
295,"CH Liu, X Ma, X Gao, J Tang","Distributed energy-efficient multi-UAV navigation for long-term communication coverage by deep reinforcement learning",2019,"IEEE Transactions on Mobile …","ieeexplore.ieee.org","https://ieeexplore.ieee.org/abstract/document/8676325/","https://scholar.google.com/scholar?cites=16115017559697450058&as_sdt=2005&sciodt=2007&hl=en",65,"2025-09-15 17:37:58","","","","",,,,,295,49.17,74,4,6,"… UAV network and multi-layer UAV ad-hoc network. Our work is related to the UAV deployment and path planning, and UAV … more than 14 EU/US/UK/China patents, with Google Scholar …","https://scholar.google.com/scholar?output=instlink&q=info:SuTy6hYLpN8J:scholar.google.com/&hl=en&as_sdt=2007&as_vis=1&scillfp=6410370113822227355&oi=lle","https://scholar.google.com/scholar?q=related:SuTy6hYLpN8J:scholar.google.com/&scioq=uav%7Cdrone+%22waypoint+optimization%22%7C%22path+planning%22+%22signal+strength%22%7Cconnectivity%7Ccommunication+%22patent%22%7C%22patents%22+%22application%22%7C%22grant%22%7C%22publication%22%7C%22number%22%7C%22wo%22%7C%22us%22%7C%22cn%22%7C%22ep%22&hl=en&as_sdt=2007&as_vis=1"
0,"C Luo, SI McClean, G Parr","A communication model to decouple the path planning and connectivity optimization and support",,"IEEE Transactions on Vehicular Technology","academia.edu","https://www.academia.edu/download/96835228/A_communication_model_to_decouple_pp_network.pdf","",14,"2025-09-15 17:37:58","PDF","","","",,,,,0,0.00,0,3,,"… model, the path planning algorithm and network connectivity … the optimizations of UAV path-planning and relay deployment… and conference papers and filed 5 patents. He is actively …","https://www.academia.edu/download/96835228/A_communication_model_to_decouple_pp_network.pdf","https://scholar.google.com/scholar?q=related:lVV20NKL1fMJ:scholar.google.com/&scioq=uav%7Cdrone+%22waypoint+optimization%22%7C%22path+planning%22+%22signal+strength%22%7Cconnectivity%7Ccommunication+%22patent%22%7C%22patents%22+%22application%22%7C%22grant%22%7C%22publication%22%7C%22number%22%7C%22wo%22%7C%22us%22%7C%22cn%22%7C%22ep%22&hl=en&as_sdt=2007&as_vis=1"
102,"Y Li, AH Aghvami, D Dong","Path planning for cellular-connected UAV: A DRL solution with quantum-inspired experience replay",2022,"IEEE Transactions on Wireless …","ieeexplore.ieee.org","https://ieeexplore.ieee.org/abstract/document/9748970/","https://scholar.google.com/scholar?cites=12037727671228374949&as_sdt=2005&sciodt=2007&hl=en",17,"2025-09-15 17:37:58","","","","",,,,,102,34.00,34,3,3,"… the aerial coverage issue, compared to terrestrial communication scenario where non line-of-… of UAV makes it possible to tackle the aforementioned aerial coverage obstacles via UAV …","https://arxiv.org/pdf/2108.13184","https://scholar.google.com/scholar?q=related:pR910omZDqcJ:scholar.google.com/&scioq=uav%7Cdrone+%22waypoint+optimization%22%7C%22path+planning%22+%22signal+strength%22%7Cconnectivity%7Ccommunication+%22patent%22%7C%22patents%22+%22application%22%7C%22grant%22%7C%22publication%22%7C%22number%22%7C%22wo%22%7C%22us%22%7C%22cn%22%7C%22ep%22&hl=en&as_sdt=2007&as_vis=1"
18,"D Gesbert, O Esrafilian, J Chen, ...","UAV-aided RF mapping for sensing and connectivity in wireless networks",2022,"IEEE Wireless …","ieeexplore.ieee.org","https://ieeexplore.ieee.org/abstract/document/9771333/","https://scholar.google.com/scholar?cites=4198371468287095073&as_sdt=2005&sciodt=2007&hl=en",25,"2025-09-15 17:37:58","","","","",,,,,18,6.00,5,4,3,"… Specifically, UAV path planning problems that constitute a … to predict a UAV trajectory allowing us to collect maximally … He published about 350 articles and 25 patents, seven of them …","https://arxiv.org/pdf/2205.03335","https://scholar.google.com/scholar?q=related:ITFjQpucQzoJ:scholar.google.com/&scioq=uav%7Cdrone+%22waypoint+optimization%22%7C%22path+planning%22+%22signal+strength%22%7Cconnectivity%7Ccommunication+%22patent%22%7C%22patents%22+%22application%22%7C%22grant%22%7C%22publication%22%7C%22number%22%7C%22wo%22%7C%22us%22%7C%22cn%22%7C%22ep%22&hl=en&as_sdt=2007&as_vis=1"
54,"H Oh, S Kim, A Tsourdos, BA White","Coordinated road-network search route planning by a team of UAVs",2014,"International Journal of …","Taylor &Francis","https://www.tandfonline.com/doi/abs/10.1080/00207721.2012.737116","https://scholar.google.com/scholar?cites=15085575056741794042&as_sdt=2005&sciodt=2007&hl=en",52,"2025-09-15 17:37:58","","10.1080/00207721.2012.737116","","",,,,,54,4.91,14,4,11,"… , an efficient UAV team size and path planning method is … vehicle such as fuel, communication resources or surrounding … -inventor of two Korean domestic patents. He was also awarded …","https://repository.lboro.ac.uk/articles/journal_contribution/Coordinated_road-network_search_route_planning_by_a_team_of_UAVs/9226430/1/files/16805978.pdf","https://scholar.google.com/scholar?q=related:-oCWWZa6WtEJ:scholar.google.com/&scioq=uav%7Cdrone+%22waypoint+optimization%22%7C%22path+planning%22+%22signal+strength%22%7Cconnectivity%7Ccommunication+%22patent%22%7C%22patents%22+%22application%22%7C%22grant%22%7C%22publication%22%7C%22number%22%7C%22wo%22%7C%22us%22%7C%22cn%22%7C%22ep%22&hl=en&as_sdt=2007&as_vis=1"
217,"F Yan, YS Liu, JZ Xiao","Path planning in complex 3D environments using a probabilistic roadmap method",2013,"International Journal of Automation and computing","Springer","https://link.springer.com/article/10.1007/s11633-013-0750-9","https://scholar.google.com/scholar?cites=3485061583305520909&as_sdt=2005&sciodt=2007&hl=en",51,"2025-09-15 17:37:58","HTML","10.1007/s11633-013-0750-9","","",,,,,217,18.08,72,3,12,"… evaluate the free voxel connectivity. The probabilistic roadmap … For UAV path planning, the free space of the environment is … used for UAV path planning (the size of our UAV is about 0.4 …","https://link.springer.com/article/10.1007/s11633-013-0750-9","https://scholar.google.com/scholar?q=related:DTdJnQttXTAJ:scholar.google.com/&scioq=uav%7Cdrone+%22waypoint+optimization%22%7C%22path+planning%22+%22signal+strength%22%7Cconnectivity%7Ccommunication+%22patent%22%7C%22patents%22+%22application%22%7C%22grant%22%7C%22publication%22%7C%22number%22%7C%22wo%22%7C%22us%22%7C%22cn%22%7C%22ep%22&hl=en&as_sdt=2007&as_vis=1"
32,"…, R Kunst, W Hardjawana, EP de Freitas","A systematic literature review of flying ad hoc networks: State‐of‐the‐art, challenges, and perspectives",2023,"Journal of Field …","Wiley Online Library","https://onlinelibrary.wiley.com/doi/abs/10.1002/rob.22157","https://scholar.google.com/scholar?cites=16472914684095073148&as_sdt=2005&sciodt=2007&hl=en",77,"2025-09-15 17:37:58","","10.1002/rob.22157","","",,,,,32,16.00,8,4,2,"… To have an overall perspective about published patents in the area of UAV-based networks… path planning: One of the essential factors to optimize the UAV network's performance is UAV …","https://www.researchgate.net/profile/Faezeh-Pasandideh-2/publication/367397743_A_systematic_literature_review_of_flying_ad_hoc_networks_State-of-the-art_challenges_and_perspectives/links/6513df58f91aee386e6e8d5e/A-systematic-literature-review-of-flying-ad-hoc-networks-State-of-the-art-challenges-and-perspectives.pdf","https://scholar.google.com/scholar?q=related:fIvNwKCMm-QJ:scholar.google.com/&scioq=uav%7Cdrone+%22waypoint+optimization%22%7C%22path+planning%22+%22signal+strength%22%7Cconnectivity%7Ccommunication+%22patent%22%7C%22patents%22+%22application%22%7C%22grant%22%7C%22publication%22%7C%22number%22%7C%22wo%22%7C%22us%22%7C%22cn%22%7C%22ep%22&hl=en&as_sdt=2007&as_vis=1"
31,"G Aiello, KP Valavanis, A Rizzo","Fixed-wing uav energy efficient 3d path planning in cluttered environments",2022,"Journal of Intelligent &Robotic Systems","Springer","https://link.springer.com/article/10.1007/s10846-022-01608-1","https://scholar.google.com/scholar?cites=14223279747196035397&as_sdt=2005&sciodt=2007&hl=en",72,"2025-09-15 17:37:58","","10.1007/s10846-022-01608-1","","",,,,,31,10.33,10,3,3,"… that achieve a desired communication topology, while minimiz… In [17], the UAV path planning problem has been modeled … He is the author of two books, two international patents, and …","https://link.springer.com/content/pdf/10.1007/s10846-022-01608-1.pdf","https://scholar.google.com/scholar?q=related:RaGgaJI9Y8UJ:scholar.google.com/&scioq=uav%7Cdrone+%22waypoint+optimization%22%7C%22path+planning%22+%22signal+strength%22%7Cconnectivity%7Ccommunication+%22patent%22%7C%22patents%22+%22application%22%7C%22grant%22%7C%22publication%22%7C%22number%22%7C%22wo%22%7C%22us%22%7C%22cn%22%7C%22ep%22&hl=en&as_sdt=2007&as_vis=1"
2,"J Liu, X Wu, N Fu, H Pang, Z Ma, ...","Communication control system of UAV based On 5G network",2020,"Journal of Physics …","iopscience.iop.org","https://iopscience.iop.org/article/10.1088/1742-6596/1650/2/022018/meta","https://scholar.google.com/scholar?cites=11639020245335562233&as_sdt=2005&sciodt=2007&hl=en",55,"2025-09-15 17:37:58","","10.1088/1742-6596/1650/2/022018","","",,,,,2,0.40,0,6,5,"… Finally, the background of the UAV flight scheduling and path planning, by marking points … to the communication motherboard in the order of number, the communication motherboard …","https://iopscience.iop.org/article/10.1088/1742-6596/1650/2/022018/pdf","https://scholar.google.com/scholar?q=related:-VfOOD8bhqEJ:scholar.google.com/&scioq=uav%7Cdrone+%22waypoint+optimization%22%7C%22path+planning%22+%22signal+strength%22%7Cconnectivity%7Ccommunication+%22patent%22%7C%22patents%22+%22application%22%7C%22grant%22%7C%22publication%22%7C%22number%22%7C%22wo%22%7C%22us%22%7C%22cn%22%7C%22ep%22&hl=en&as_sdt=2007&as_vis=1"
213,"A Puente-Castro, D Rivero, A Pazos, ...","A review of artificial intelligence applied to path planning in UAV swarms",2022,"Neural Computing and …","Springer","https://link.springer.com/article/10.1007/s00521-021-06569-4","https://scholar.google.com/scholar?cites=9057788622144344014&as_sdt=2005&sciodt=2007&hl=en",20,"2025-09-15 17:37:58","","10.1007/s00521-021-06569-4","","",,,,,213,71.00,53,4,3,"… communication mechanisms between group members. More biologically puristic approaches employed mechanisms that mimicked communication by means of odor or pheromones. …","https://ruc.udc.es/bitstreams/8e7917ea-93b1-44b3-b6ef-666685ed08ae/download","https://scholar.google.com/scholar?q=related:zg99-cK6s30J:scholar.google.com/&scioq=uav%7Cdrone+%22waypoint+optimization%22%7C%22path+planning%22+%22signal+strength%22%7Cconnectivity%7Ccommunication+%22patent%22%7C%22patents%22+%22application%22%7C%22grant%22%7C%22publication%22%7C%22number%22%7C%22wo%22%7C%22us%22%7C%22cn%22%7C%22ep%22&hl=en&as_sdt=2007&as_vis=1"
0,"G Xu","A comparative study of drones path planning and bezier curve optimization based on multi-strategy search algorithm",2025,"PLoS One","journals.plos.org","https://journals.plos.org/plosone/article?id=10.1371/journal.pone.0326633","",34,"2025-09-15 17:37:58","HTML","","","",,,,,0,0.00,0,1,1,"… path planning strategies for applications like drone obstacle … deployments and 14 recent patent innovations, the paper … The ACO algorithm mimics the behavior and communication …","https://journals.plos.org/plosone/article?id=10.1371/journal.pone.0326633","https://scholar.google.com/scholar?q=related:Ukz3glM_4DQJ:scholar.google.com/&scioq=uav%7Cdrone+%22waypoint+optimization%22%7C%22path+planning%22+%22signal+strength%22%7Cconnectivity%7Ccommunication+%22patent%22%7C%22patents%22+%22application%22%7C%22grant%22%7C%22publication%22%7C%22number%22%7C%22wo%22%7C%22us%22%7C%22cn%22%7C%22ep%22&hl=en&as_sdt=2007&as_vis=1"
20,"S Ghambari, M Golabi, L Jourdan, J Lepagnot, ...","UAV path planning techniques: A survey",2024,"RAIRO-Operations …","rairo-ro.org","https://www.rairo-ro.org/articles/ro/abs/2024/04/ro220216/ro220216.html","https://scholar.google.com/scholar?cites=18103102686932316824&as_sdt=2005&sciodt=2007&hl=en",4,"2025-09-15 17:37:58","","","","",,,,,20,20.00,4,5,1,"… Antenna: the antenna is a critical component of the UAV’s communication system, allowing it to send and receive signals to and from ground stations or other aircraft. It is responsible for …","https://www.rairo-ro.org/articles/ro/pdf/2024/04/ro220216.pdf","https://scholar.google.com/scholar?q=related:mDIFu_ojO_sJ:scholar.google.com/&scioq=uav%7Cdrone+%22waypoint+optimization%22%7C%22path+planning%22+%22signal+strength%22%7Cconnectivity%7Ccommunication+%22patent%22%7C%22patents%22+%22application%22%7C%22grant%22%7C%22publication%22%7C%22number%22%7C%22wo%22%7C%22us%22%7C%22cn%22%7C%22ep%22&hl=en&as_sdt=2007&as_vis=1"
1,"L Wang, X Yang, S Liu, H Liu, J Peng, ...","A Review of Research on Shortest Path Planning Algorithms for Mobile Robots",2024,"Recent Patents on …","benthamdirect.com","https://www.benthamdirect.com/content/journals/eng/10.2174/0118722121322545241015160200","https://scholar.google.com/scholar?cites=12357585214208718929&as_sdt=2005&sciodt=2007&hl=en",11,"2025-09-15 17:37:58","HTML","10.2174/0118722121322545241015160200","","",,,,,1,1.00,0,6,1,"… to better consider the geometry and connectivity of the environment, … Zhu proposed a multi-UAV cooperative region algorithm … The strategy uses the V-graph centroid to guide the UAV to …","https://www.benthamdirect.com/content/journals/eng/10.2174/0118722121322545241015160200","https://scholar.google.com/scholar?q=related:UbiHbkf2fqsJ:scholar.google.com/&scioq=uav%7Cdrone+%22waypoint+optimization%22%7C%22path+planning%22+%22signal+strength%22%7Cconnectivity%7Ccommunication+%22patent%22%7C%22patents%22+%22application%22%7C%22grant%22%7C%22publication%22%7C%22number%22%7C%22wo%22%7C%22us%22%7C%22cn%22%7C%22ep%22&hl=en&as_sdt=2007&as_vis=1"
2,"H Liu, S Zhang, X Yang","Overview of Path Planning Algorithms",2024,"Recent Patents on Engineering","benthamdirect.com","https://www.benthamdirect.com/content/journals/eng/10.2174/1872212118666230828150857","https://scholar.google.com/scholar?cites=10453611124464676251&as_sdt=2005&sciodt=2007&hl=en",21,"2025-09-15 17:37:58","","10.2174/1872212118666230828150857","","",,,,,2,2.00,1,3,1,"… : global path-planning algorithms, local path-planning algorithms, and hybrid path-planning … Pehlivanoglu, ""An enhanced genetic algorithm for path planning of autonomous UAV in …","","https://scholar.google.com/scholar?q=related:m-3Jne6vEpEJ:scholar.google.com/&scioq=uav%7Cdrone+%22waypoint+optimization%22%7C%22path+planning%22+%22signal+strength%22%7Cconnectivity%7Ccommunication+%22patent%22%7C%22patents%22+%22application%22%7C%22grant%22%7C%22publication%22%7C%22number%22%7C%22wo%22%7C%22us%22%7C%22cn%22%7C%22ep%22&hl=en&as_sdt=2007&as_vis=1"
0,"DTN Novel","Research Online",,"ro.uow.edu.au","","https://ro.uow.edu.au/ndownloader/files/50507622","",92,"2025-09-15 17:37:58","PDF","","","",,,,,0,0.00,0,1,,"… Amazon has an issued patent that describes how … path planning in data communication, we explore the following hypothesis. Suppose that in a drone logistics network, every drone has …","https://ro.uow.edu.au/ndownloader/files/50507622","https://scholar.google.com/scholar?q=related:Fr2m-IAqMWoJ:scholar.google.com/&scioq=uav%7Cdrone+%22waypoint+optimization%22%7C%22path+planning%22+%22signal+strength%22%7Cconnectivity%7Ccommunication+%22patent%22%7C%22patents%22+%22application%22%7C%22grant%22%7C%22publication%22%7C%22number%22%7C%22wo%22%7C%22us%22%7C%22cn%22%7C%22ep%22&hl=en&as_sdt=2007&as_vis=1"
47,"IZ Biundini, MF Pinto, AG Melo, ALM Marcato, ...","A framework for coverage path planning optimization based on point cloud for structural inspection",2021,"Sensors","mdpi.com","https://www.mdpi.com/1424-8220/21/2/570","https://scholar.google.com/scholar?cites=17446196696714600915&as_sdt=2005&sciodt=2007&hl=en",40,"2025-09-15 17:37:58","HTML","","","",,,,,47,11.75,9,5,4,"… Path Planning algorithm that optimizes photometric characteristics such as intersection, intersection and incidence angle and UAV … do not have the mesh connectivity structure, and, …","https://www.mdpi.com/1424-8220/21/2/570","https://scholar.google.com/scholar?q=related:02FENXZXHfIJ:scholar.google.com/&scioq=uav%7Cdrone+%22waypoint+optimization%22%7C%22path+planning%22+%22signal+strength%22%7Cconnectivity%7Ccommunication+%22patent%22%7C%22patents%22+%22application%22%7C%22grant%22%7C%22publication%22%7C%22number%22%7C%22wo%22%7C%22us%22%7C%22cn%22%7C%22ep%22&hl=en&as_sdt=2007&as_vis=1"
1181,"A Fotouhi, H Qiang, M Ding, M Hassan, ...","Survey on UAV cellular communications: Practical aspects, standardization advancements, regulation, and security challenges",2019,"… surveys &tutorials","ieeexplore.ieee.org","https://ieeexplore.ieee.org/abstract/document/8675384/","https://scholar.google.com/scholar?cites=5924764277537465224&as_sdt=2005&sciodt=2007&hl=en",50,"2025-09-15 17:37:58","","","","",,,,,1181,196.83,236,5,6,"… to be considered by the UAV path planning optimizations as the mobility of UAV-BSs can … for UAV-assisted cellular communication. We believe that UAV cellular communication is at a …","https://arxiv.org/pdf/1809.01752","https://scholar.google.com/scholar?q=related:iGOLPLj9OFIJ:scholar.google.com/&scioq=uav%7Cdrone+%22waypoint+optimization%22%7C%22path+planning%22+%22signal+strength%22%7Cconnectivity%7Ccommunication+%22patent%22%7C%22patents%22+%22application%22%7C%22grant%22%7C%22publication%22%7C%22number%22%7C%22wo%22%7C%22us%22%7C%22cn%22%7C%22ep%22&hl=en&as_sdt=2007&as_vis=1"
7,"GF Boland, Y Ma, JG Manweiler, ...","Method of optimized path planning for UAVs for the purpose of ground coverage",2022,"US Patent …","Google Patents","https://patents.google.com/patent/US11322031/en","https://scholar.google.com/scholar?cites=12800170370266137938&as_sdt=2005&sciodt=2007&hl=en",12,"2025-09-15 17:37:58","","","","",,,,,7,2.33,2,4,3,"… UAV unmanned aerial vehicle … a result of the heuristics for a shortest path planning, relative to the three-dimensional grid of points for control of an unmanned aerial vehicle (UAV). …","https://patentimages.storage.googleapis.com/3d/c6/1e/15a1fab92863e9/US11322031.pdf","https://scholar.google.com/scholar?q=related:UoUxMCJXo7EJ:scholar.google.com/&scioq=uav%7Cdrone+%22waypoint+optimization%22%7C%22path+planning%22+%22signal+strength%22%7Cconnectivity%7Ccommunication+%22patent%22%7C%22patents%22+%22application%22%7C%22grant%22%7C%22publication%22%7C%22number%22%7C%22wo%22%7C%22us%22%7C%22cn%22%7C%22ep%22&hl=en&as_sdt=2007&as_vis=1"
633,"DE Ekhaguere, RE Annati, DL Gerlock, ...","Systems and methods for unmanned aerial vehicle navigation",2013,"US Patent …","Google Patents","https://patents.google.com/patent/US8543265B2/en","https://scholar.google.com/scholar?cites=3753312237194333536&as_sdt=2005&sciodt=2007&hl=en",49,"2025-09-15 17:37:58","","","","",,,,,633,52.75,158,4,12,"… , UAV 100 may store the input received from friendly UAV 430 and … information to another friendly UAV over a communication link. … of UAV and MAV design and operation, see US patent …","https://patentimages.storage.googleapis.com/4c/1b/c2/6f6bfe3001b8d6/US8543265.pdf","https://scholar.google.com/scholar?q=related:YE0YBZhxFjQJ:scholar.google.com/&scioq=uav%7Cdrone+%22waypoint+optimization%22%7C%22path+planning%22+%22signal+strength%22%7Cconnectivity%7Ccommunication+%22patent%22%7C%22patents%22+%22application%22%7C%22grant%22%7C%22publication%22%7C%22number%22%7C%22wo%22%7C%22us%22%7C%22cn%22%7C%22ep%22&hl=en&as_sdt=2007&as_vis=1"
0,"RA Lopez, LC Macias, DG Gutierrez, JP Vilchis, ...","Drone path planning",2020,"US Patent …","Google Patents","https://patents.google.com/patent/US10768623B2/en","",57,"2025-09-15 17:37:58","","","","",,,,,0,0.00,0,5,5,"… Publications, patents, and patent documents referred to in this document are incorporated … In this document, the terms “a” or “an” are used, as is common in patent documents, to include …","https://patentimages.storage.googleapis.com/69/83/cf/fbb49961f4fb1e/US10768623.pdf","https://scholar.google.com/scholar?q=related:35W3-ZxsXT8J:scholar.google.com/&scioq=uav%7Cdrone+%22waypoint+optimization%22%7C%22path+planning%22+%22signal+strength%22%7Cconnectivity%7Ccommunication+%22patent%22%7C%22patents%22+%22application%22%7C%22grant%22%7C%22publication%22%7C%22number%22%7C%22wo%22%7C%22us%22%7C%22cn%22%7C%22ep%22&hl=en&as_sdt=2007&as_vis=1"
3,"LUO He, G Wang, Z Liang, X Hu, Y Shanlin, ...","Method and apparatus for joint optimization of multi-UAV task assignment and path planning",2018,"US Patent …","Google Patents","https://patents.google.com/patent/US10140875B1/en","https://scholar.google.com/scholar?cites=12450088191815608467&as_sdt=2005&sciodt=2007&hl=en",75,"2025-09-15 17:37:58","","","","",,,,,3,0.43,1,6,7,"… assignment and path planning constrained by a … UAV task assignment, path planning and flight control it is the main tasks of the current UAV research in terms of how to reduce the UAV …","https://patentimages.storage.googleapis.com/5c/08/32/076979922d6732/US10140875.pdf","https://scholar.google.com/scholar?q=related:k2h0Pz-Zx6wJ:scholar.google.com/&scioq=uav%7Cdrone+%22waypoint+optimization%22%7C%22path+planning%22+%22signal+strength%22%7Cconnectivity%7Ccommunication+%22patent%22%7C%22patents%22+%22application%22%7C%22grant%22%7C%22publication%22%7C%22number%22%7C%22wo%22%7C%22us%22%7C%22cn%22%7C%22ep%22&hl=en&as_sdt=2007&as_vis=1"
24,"H Sharma, S SHAILENDRA, ...","Computer implemented system and method for providing robust communication links to unmanned aerial vehicles",2019,"US Patent …","Google Patents","https://patents.google.com/patent/US10255817B2/en","https://scholar.google.com/scholar?cites=13666171852311850568&as_sdt=2005&sciodt=2007&hl=en",81,"2025-09-15 17:37:58","","","","",,,,,24,4.00,8,3,6,"US10255817B2 - Computer implemented system and method for providing robust communication links to unmanned aerial vehicles - Google Patents US10255817B2 - Computer …","https://patentimages.storage.googleapis.com/1d/90/b9/0b0fcdd35cede8/US10255817.pdf","https://scholar.google.com/scholar?q=related:SG59qOT-p70J:scholar.google.com/&scioq=uav%7Cdrone+%22waypoint+optimization%22%7C%22path+planning%22+%22signal+strength%22%7Cconnectivity%7Ccommunication+%22patent%22%7C%22patents%22+%22application%22%7C%22grant%22%7C%22publication%22%7C%22number%22%7C%22wo%22%7C%22us%22%7C%22cn%22%7C%22ep%22&hl=en&as_sdt=2007&as_vis=1"
13,"J Tseng, B Edwards","Ducted rotor unmanned aerial vehicles",2018,"US Patent 10,017,249","Google Patents","https://patents.google.com/patent/US10017249B1/en","https://scholar.google.com/scholar?cites=6608933353244904357&as_sdt=2005&sciodt=2007&hl=en",86,"2025-09-15 17:37:58","","","","",,,,,13,1.86,7,2,7,"… using the UAV; performing path planning to navigate the UAV to … least one camera on the UAV when the UAV is posed in one … UAV can utilize any of a variety of wireless communication …","https://patentimages.storage.googleapis.com/a0/5a/3e/f3806292892952/US10017249.pdf","https://scholar.google.com/scholar?q=related:pctkgN6lt1sJ:scholar.google.com/&scioq=uav%7Cdrone+%22waypoint+optimization%22%7C%22path+planning%22+%22signal+strength%22%7Cconnectivity%7Ccommunication+%22patent%22%7C%22patents%22+%22application%22%7C%22grant%22%7C%22publication%22%7C%22number%22%7C%22wo%22%7C%22us%22%7C%22cn%22%7C%22ep%22&hl=en&as_sdt=2007&as_vis=1"
17,"KM Yang, CK Chang, TM Liu","Path planning method and related navigation device",2020,"US Patent 10,635,913","Google Patents","https://patents.google.com/patent/US10635913B2/en","https://scholar.google.com/scholar?cites=11318826352499933330&as_sdt=2005&sciodt=2007&hl=en",62,"2025-09-15 17:37:58","","","","",,,,,17,3.40,6,3,5,"… be applied to the UAV, the path planning function utilizes the stripes … a path planning function includes an data communication unit and a computing processor. The data communication …","https://patentimages.storage.googleapis.com/72/51/bc/dd2694b7456d65/US10635913.pdf","https://scholar.google.com/scholar?q=related:ksAWD5mMFJ0J:scholar.google.com/&scioq=uav%7Cdrone+%22waypoint+optimization%22%7C%22path+planning%22+%22signal+strength%22%7Cconnectivity%7Ccommunication+%22patent%22%7C%22patents%22+%22application%22%7C%22grant%22%7C%22publication%22%7C%22number%22%7C%22wo%22%7C%22us%22%7C%22cn%22%7C%22ep%22&hl=en&as_sdt=2007&as_vis=1"
9,"H Huang, K Xie","UAV flight path generating method and device",2020,"US Patent 10,663,300","Google Patents","https://patents.google.com/patent/US10663300B2/en","https://scholar.google.com/scholar?cites=2118033466691586192&as_sdt=2005&sciodt=2007&hl=en",38,"2025-09-15 17:37:58","","","","",,,,,9,1.80,5,2,5,"… a flight path of a UAV, so we can reduce the difficulty in controlling the flight of the UAV. An embodiment of the present invention provides a method for generating a UAV flight path, …","https://patentimages.storage.googleapis.com/b9/95/17/0a20b1aa45d99f/US10663300.pdf","https://scholar.google.com/scholar?q=related:kIiKVDfEZB0J:scholar.google.com/&scioq=uav%7Cdrone+%22waypoint+optimization%22%7C%22path+planning%22+%22signal+strength%22%7Cconnectivity%7Ccommunication+%22patent%22%7C%22patents%22+%22application%22%7C%22grant%22%7C%22publication%22%7C%22number%22%7C%22wo%22%7C%22us%22%7C%22cn%22%7C%22ep%22&hl=en&as_sdt=2007&as_vis=1"
8,"H Sharma, TK SEBASTIAN, ...","Distance and communication costs based aerial path planning",2020,"US Patent 10,692,385","Google Patents","https://patents.google.com/patent/US10692385B2/en","https://scholar.google.com/scholar?cites=11099647137950013754&as_sdt=2005&sciodt=2007&hl=en",31,"2025-09-15 17:37:58","","","","",,,,,8,1.60,3,3,5,"US10692385B2 - Distance and communication costs based aerial path planning - Google Patents US10692385B2 - Distance and communication costs based aerial path planning - …","https://patentimages.storage.googleapis.com/12/4e/dd/06ac494cea4bbe/US10692385.pdf","https://scholar.google.com/scholar?q=related:OhmxdUPeCZoJ:scholar.google.com/&scioq=uav%7Cdrone+%22waypoint+optimization%22%7C%22path+planning%22+%22signal+strength%22%7Cconnectivity%7Ccommunication+%22patent%22%7C%22patents%22+%22application%22%7C%22grant%22%7C%22publication%22%7C%22number%22%7C%22wo%22%7C%22us%22%7C%22cn%22%7C%22ep%22&hl=en&as_sdt=2007&as_vis=1"
15,"X Cao, X Zhenyu, P Yang, C Yin, X Xi, ...","Joint search method for UAV multiobjective path planning in urban low altitude environment",2020,"US Patent 10,706,729","Google Patents","https://patents.google.com/patent/US10706729B2/en","https://scholar.google.com/scholar?cites=14413648499633794187&as_sdt=2005&sciodt=2007&hl=en",9,"2025-09-15 17:37:58","","","","",,,,,15,3.00,3,6,5,"… a complete process of UAV path planning, this invention describes a UAV path planning system. … Online path planning module includes a communication module and a path replanning …","https://patentimages.storage.googleapis.com/22/50/99/a9ab2ba648d23f/US10706729.pdf","https://scholar.google.com/scholar?q=related:i6wDkvGQB8gJ:scholar.google.com/&scioq=uav%7Cdrone+%22waypoint+optimization%22%7C%22path+planning%22+%22signal+strength%22%7Cconnectivity%7Ccommunication+%22patent%22%7C%22patents%22+%22application%22%7C%22grant%22%7C%22publication%22%7C%22number%22%7C%22wo%22%7C%22us%22%7C%22cn%22%7C%22ep%22&hl=en&as_sdt=2007&as_vis=1"
77,"X Hu, A Liu, L ZHANG, K Tang","Systems and methods for UAV path planning and control",2020,"US Patent 10,860,040","Google Patents","https://patents.google.com/patent/US10860040B2/en","https://scholar.google.com/scholar?cites=14314893731463600161&as_sdt=2005&sciodt=2007&hl=en",15,"2025-09-15 17:37:58","","","","",,,,,77,15.40,19,4,5,"… for the UAV, and one or more motion characteristics of the UAV at … path for the UAV from a position of the UAV to the reference … a single communication link or multiple different types of …","https://patentimages.storage.googleapis.com/0d/eb/bc/70247339bcbf6f/US10860040.pdf","https://scholar.google.com/scholar?q=related:IZhaVQG4qMYJ:scholar.google.com/&scioq=uav%7Cdrone+%22waypoint+optimization%22%7C%22path+planning%22+%22signal+strength%22%7Cconnectivity%7Ccommunication+%22patent%22%7C%22patents%22+%22application%22%7C%22grant%22%7C%22publication%22%7C%22number%22%7C%22wo%22%7C%22us%22%7C%22cn%22%7C%22ep%22&hl=en&as_sdt=2007&as_vis=1"
18,"M Delaney, B Ward, MR Conde, WJ Green","Drone flight optimization using drone-to-drone permissioning",2021,"US Patent 11,183,071","Google Patents","https://patents.google.com/patent/US11183071B2/en","https://scholar.google.com/scholar?cites=13706911888437860519&as_sdt=2005&sciodt=2007&hl=en",44,"2025-09-15 17:37:58","","","","",,,,,18,4.50,5,4,4,"… the appropriate communication interfaces for drone-to-drone communication where each … appropriate communication interfaces for drone-to-drone communication where each drone is …","https://patentimages.storage.googleapis.com/a0/26/1b/7434ecbdeba760/US11183071.pdf","https://scholar.google.com/scholar?q=related:p9jqfb27OL4J:scholar.google.com/&scioq=uav%7Cdrone+%22waypoint+optimization%22%7C%22path+planning%22+%22signal+strength%22%7Cconnectivity%7Ccommunication+%22patent%22%7C%22patents%22+%22application%22%7C%22grant%22%7C%22publication%22%7C%22number%22%7C%22wo%22%7C%22us%22%7C%22cn%22%7C%22ep%22&hl=en&as_sdt=2007&as_vis=1"
9,"GS Sachdeva, R Yechangunja","System and method for optimizing unmanned aerial vehicle based warehouse management",2022,"US Patent 11,430,341","Google Patents","https://patents.google.com/patent/US11430341B2/en","https://scholar.google.com/scholar?cites=415107484743948401&as_sdt=2005&sciodt=2007&hl=en",74,"2025-09-15 17:37:58","","","","",,,,,9,3.00,5,2,3,"… a system for generating optimized path for an Unmanned Aerial Vehicle (UAV) for warehouse … stored in the memory, and a path planning engine in communication with the processor. …","https://patentimages.storage.googleapis.com/4e/bc/47/01bfd2ada9f58c/US11430341.pdf","https://scholar.google.com/scholar?q=related:cdjE2w7CwgUJ:scholar.google.com/&scioq=uav%7Cdrone+%22waypoint+optimization%22%7C%22path+planning%22+%22signal+strength%22%7Cconnectivity%7Ccommunication+%22patent%22%7C%22patents%22+%22application%22%7C%22grant%22%7C%22publication%22%7C%22number%22%7C%22wo%22%7C%22us%22%7C%22cn%22%7C%22ep%22&hl=en&as_sdt=2007&as_vis=1"
2,"L Li, F He, L Zhang","Grid based path search method for UAV delivery operations in urban environment",2024,"US Patent 11,915,599","Google Patents","https://patents.google.com/patent/US11915599B2/en","https://scholar.google.com/scholar?cites=8561763973270360834&as_sdt=2005&sciodt=2007&hl=en",93,"2025-09-15 17:37:58","","","","",,,,,2,2.00,1,3,1,"… a three-dimensional path planning method for unmanned aerial vehicles in the context of autonomous delivery operations based on an any-angle path planning algorithm to search for …","","https://scholar.google.com/scholar?q=related:AlOEtfh-0XYJ:scholar.google.com/&scioq=uav%7Cdrone+%22waypoint+optimization%22%7C%22path+planning%22+%22signal+strength%22%7Cconnectivity%7Ccommunication+%22patent%22%7C%22patents%22+%22application%22%7C%22grant%22%7C%22publication%22%7C%22number%22%7C%22wo%22%7C%22us%22%7C%22cn%22%7C%22ep%22&hl=en&as_sdt=2007&as_vis=1"
0,"S Bigdeli, T Javidi, K Alikhani","Multi-drone/sensor platform with information lateralization and federated path planning",2024,"US Patent 12,007,791","Google Patents","https://patents.google.com/patent/US12007791B2/en","",56,"2025-09-15 17:37:58","","","","",,,,,0,0.00,0,3,1,"US12007791B2 - Multi-drone/sensor platform with information lateralization and federated path planning - Google Patents US12007791B2 - Multi-drone/sensor platform with …","","https://scholar.google.com/scholar?q=related:I0fxK0JVs4kJ:scholar.google.com/&scioq=uav%7Cdrone+%22waypoint+optimization%22%7C%22path+planning%22+%22signal+strength%22%7Cconnectivity%7Ccommunication+%22patent%22%7C%22patents%22+%22application%22%7C%22grant%22%7C%22publication%22%7C%22number%22%7C%22wo%22%7C%22us%22%7C%22cn%22%7C%22ep%22&hl=en&as_sdt=2007&as_vis=1"
0,"R Singh","UAV system emergency path planning on communication failure",2024,"US Patent 12,008,910","Google Patents","https://patents.google.com/patent/US12008910B2/en","",46,"2025-09-15 17:37:58","","","","",,,,,0,0.00,0,1,1,"… safe, and fast UAV emergency path planning that does not have shortcomings of conventional … UAV path planning method for events involving loss of communication with home location. …","https://patentimages.storage.googleapis.com/7f/4b/49/50a1c61fdea4a0/US12008910.pdf","https://scholar.google.com/scholar?q=related:7EzaqMGi2TgJ:scholar.google.com/&scioq=uav%7Cdrone+%22waypoint+optimization%22%7C%22path+planning%22+%22signal+strength%22%7Cconnectivity%7Ccommunication+%22patent%22%7C%22patents%22+%22application%22%7C%22grant%22%7C%22publication%22%7C%22number%22%7C%22wo%22%7C%22us%22%7C%22cn%22%7C%22ep%22&hl=en&as_sdt=2007&as_vis=1"
2,"J Huang","Unmanned aerial vehicle path planning method and apparatus and unmanned aerial vehicle",2024,"US Patent 12,025,996","Google Patents","https://patents.google.com/patent/US12025996B2/en","https://scholar.google.com/scholar?cites=6058642603425197248&as_sdt=2005&sciodt=2007&hl=en",68,"2025-09-15 17:37:58","","","","",,,,,2,2.00,2,1,1,"… of the present application relate to the technical field of robot control, and in particular, to an unmanned aerial vehicle (UAV) path planning method and apparatus and a UAV. The …","","https://scholar.google.com/scholar?q=related:wOw0BlmfFFQJ:scholar.google.com/&scioq=uav%7Cdrone+%22waypoint+optimization%22%7C%22path+planning%22+%22signal+strength%22%7Cconnectivity%7Ccommunication+%22patent%22%7C%22patents%22+%22application%22%7C%22grant%22%7C%22publication%22%7C%22number%22%7C%22wo%22%7C%22us%22%7C%22cn%22%7C%22ep%22&hl=en&as_sdt=2007&as_vis=1"
2,"S James","Optimizing aircraft path planning",2024,"US Patent 12,051,335","Google Patents","https://patents.google.com/patent/US12051335B2/en","https://scholar.google.com/scholar?cites=11496305486497707969&as_sdt=2005&sciodt=2007&hl=en",97,"2025-09-15 17:37:58","","","","",,,,,2,2.00,2,1,1,"… (UAV) into the common airspace further drives the need for an automated approach to aviation path planning. … The transceiver(s) may utilize communication protocols in order to transmit …","https://patentimages.storage.googleapis.com/21/45/e5/8de2b647378949/US12051335.pdf","https://scholar.google.com/scholar?q=related:wfcREO4Ui58J:scholar.google.com/&scioq=uav%7Cdrone+%22waypoint+optimization%22%7C%22path+planning%22+%22signal+strength%22%7Cconnectivity%7Ccommunication+%22patent%22%7C%22patents%22+%22application%22%7C%22grant%22%7C%22publication%22%7C%22number%22%7C%22wo%22%7C%22us%22%7C%22cn%22%7C%22ep%22&hl=en&as_sdt=2007&as_vis=1"
0,"X Zhang, Y Li, Y Zhu","Method for UAV path planning in urban airspace based on safe reinforcement learning",2025,"US Patent 12,248,327","Google Patents","https://patents.google.com/patent/US12248327B1/en","",59,"2025-09-15 17:37:58","","","","",,,,,0,0.00,0,3,1,"US12248327B1 - Method for UAV path planning in urban airspace based on safe reinforcement learning - Google Patents US12248327B1 - Method for UAV path planning in urban …","https://patentimages.storage.googleapis.com/56/b8/89/325323acc82d00/US12248327.pdf","https://scholar.google.com/scholar?q=related:CdxlVHINS_0J:scholar.google.com/&scioq=uav%7Cdrone+%22waypoint+optimization%22%7C%22path+planning%22+%22signal+strength%22%7Cconnectivity%7Ccommunication+%22patent%22%7C%22patents%22+%22application%22%7C%22grant%22%7C%22publication%22%7C%22number%22%7C%22wo%22%7C%22us%22%7C%22cn%22%7C%22ep%22&hl=en&as_sdt=2007&as_vis=1"
3,"S James, R Raheb","Unmanned aerial vehicle swarm path planning",2025,"US Patent 12,269,591","Google Patents","https://patents.google.com/patent/US12269591B2/en","https://scholar.google.com/scholar?cites=10927893742084713828&as_sdt=2005&sciodt=2007&hl=en",64,"2025-09-15 17:37:58","","","","",,,,,3,3.00,2,2,1,"… , UAV path planning (either for an individual UAV or for a UAV … in US patent application Ser. No. 16/720,906, filed Dec. … for communication with a central path planning engine, with other …","https://patentimages.storage.googleapis.com/13/c9/31/c6e5d2183530d9/US12269591B2.pdf","https://scholar.google.com/scholar?q=related:ZG0swHWtp5cJ:scholar.google.com/&scioq=uav%7Cdrone+%22waypoint+optimization%22%7C%22path+planning%22+%22signal+strength%22%7Cconnectivity%7Ccommunication+%22patent%22%7C%22patents%22+%22application%22%7C%22grant%22%7C%22publication%22%7C%22number%22%7C%22wo%22%7C%22us%22%7C%22cn%22%7C%22ep%22&hl=en&as_sdt=2007&as_vis=1"
144,"CO Carlsson, P Adebjörk","Waypoint navigation",2007,"US Patent 7,158,877","Google Patents","https://patents.google.com/patent/US7158877B2/en","https://scholar.google.com/scholar?cites=16860187326106301767&as_sdt=2005&sciodt=2007&hl=en",13,"2025-09-15 17:37:58","","","","",,,,,144,8.00,72,2,18,"… a UAV wherein upon loss of radio contact between a control station and the UAV, the UAV flies … During any interruption of the radio contact, the UAV will fly on a substitute route, which is …","https://patentimages.storage.googleapis.com/ad/86/bb/021db2d15be8a2/US7158877.pdf","https://scholar.google.com/scholar?q=related:R_UbQwtr--kJ:scholar.google.com/&scioq=uav%7Cdrone+%22waypoint+optimization%22%7C%22path+planning%22+%22signal+strength%22%7Cconnectivity%7Ccommunication+%22patent%22%7C%22patents%22+%22application%22%7C%22grant%22%7C%22publication%22%7C%22number%22%7C%22wo%22%7C%22us%22%7C%22cn%22%7C%22ep%22&hl=en&as_sdt=2007&as_vis=1"
207,"WK Bodin, J Redman, DC Thorson","Navigating a uav with obstacle avoidance algorithms",2007,"US Patent 7,228,232","Google Patents","https://patents.google.com/patent/US7228232B2/en","https://scholar.google.com/scholar?cites=247645962563054268&as_sdt=2005&sciodt=2007&hl=en",42,"2025-09-15 17:37:58","","","","",,,,,207,11.50,69,3,18,"… view aspects of a UAV's flight using cameras installed on the UAV with images provided … of the UAV's flight, including such aspects as starting location, the UAV's current location, …","https://patentimages.storage.googleapis.com/52/0c/23/43cf6f7440e40e/US7228232.pdf","https://scholar.google.com/scholar?q=related:vGqh3LDQbwMJ:scholar.google.com/&scioq=uav%7Cdrone+%22waypoint+optimization%22%7C%22path+planning%22+%22signal+strength%22%7Cconnectivity%7Ccommunication+%22patent%22%7C%22patents%22+%22application%22%7C%22grant%22%7C%22publication%22%7C%22number%22%7C%22wo%22%7C%22us%22%7C%22cn%22%7C%22ep%22&hl=en&as_sdt=2007&as_vis=1"
113,"M Tehan, D Hursig","Flight path planning to reduce detection of an unmanned aerial vehicle",2011,"US Patent 7,970,532","Google Patents","https://patents.google.com/patent/US7970532B2/en","https://scholar.google.com/scholar?cites=5689108715155416931&as_sdt=2005&sciodt=2007&hl=en",6,"2025-09-15 17:37:58","","","","",,,,,113,8.07,57,2,14,"US7970532B2 - Flight path planning to reduce detection of an unmanned aerial vehicle - Google Patents US7970532B2 - Flight path planning to reduce detection of an unmanned …","https://patentimages.storage.googleapis.com/e2/eb/b7/de689affaf03f8/US7970532.pdf","https://scholar.google.com/scholar?q=related:Y-dq9zvG804J:scholar.google.com/&scioq=uav%7Cdrone+%22waypoint+optimization%22%7C%22path+planning%22+%22signal+strength%22%7Cconnectivity%7Ccommunication+%22patent%22%7C%22patents%22+%22application%22%7C%22grant%22%7C%22publication%22%7C%22number%22%7C%22wo%22%7C%22us%22%7C%22cn%22%7C%22ep%22&hl=en&as_sdt=2007&as_vis=1"
99,"YB Asher, S Feldman, P Gurfil","UAV decision and control system",2012,"US Patent 8,186,589","Google Patents","https://patents.google.com/patent/US8186589B2/en","https://scholar.google.com/scholar?cites=2513936831560908978&as_sdt=2005&sciodt=2007&hl=en",76,"2025-09-15 17:37:58","","","","",,,,,99,7.62,33,3,13,"… communication of multiple Unmanned Aerial Vehicles (UAV's) engaging multiple attack targets. … UAV joins the group, or a UAV moves out of communication range, has a communication …","https://patentimages.storage.googleapis.com/4c/30/0f/3ea9f2ffd4b371/US8186589.pdf","https://scholar.google.com/scholar?q=related:soD1mDpM4yIJ:scholar.google.com/&scioq=uav%7Cdrone+%22waypoint+optimization%22%7C%22path+planning%22+%22signal+strength%22%7Cconnectivity%7Ccommunication+%22patent%22%7C%22patents%22+%22application%22%7C%22grant%22%7C%22publication%22%7C%22number%22%7C%22wo%22%7C%22us%22%7C%22cn%22%7C%22ep%22&hl=en&as_sdt=2007&as_vis=1"
47,"RM Ruuspakka, D Pickem, P Jagannathan","Connectivity maintenance using a quality of service-based robot path planning algorithm",2015,"US Patent 9,216,508","Google Patents","https://patents.google.com/patent/US9216508B2/en","https://scholar.google.com/scholar?cites=12083601755903327867&as_sdt=2005&sciodt=2007&hl=en",35,"2025-09-15 17:37:58","","","","",,,,,47,4.70,16,3,10,"… used as part of a pre-emptive connectivity-based planning approach for maintaining remote … below one or more connectivity thresholds, or both. a path planning method provides for …","https://patentimages.storage.googleapis.com/2f/0e/f8/cea7b6adc8216e/US9216508.pdf","https://scholar.google.com/scholar?q=related:e37ne8aTsacJ:scholar.google.com/&scioq=uav%7Cdrone+%22waypoint+optimization%22%7C%22path+planning%22+%22signal+strength%22%7Cconnectivity%7Ccommunication+%22patent%22%7C%22patents%22+%22application%22%7C%22grant%22%7C%22publication%22%7C%22number%22%7C%22wo%22%7C%22us%22%7C%22cn%22%7C%22ep%22&hl=en&as_sdt=2007&as_vis=1"
3,"PT Boufounos, R Vaccaro, M Benosman","Distributed path planning for mobile sensors",2015,"US Patent 9,218,646","Google Patents","https://patents.google.com/patent/US9218646B1/en","https://scholar.google.com/scholar?cites=8759587333833514222&as_sdt=2005&sciodt=2007&hl=en",91,"2025-09-15 17:37:58","","","","",,,,,3,0.30,1,3,10,"… , sensors within communication range, the sensors can perform the path planning in a distrubted manner. However, it should be undertood that the other communication techniques can …","https://patentimages.storage.googleapis.com/09/b6/5e/7e9e26d32c2f9b/US9218646.pdf","https://scholar.google.com/scholar?q=related:7lwoFEVOkHkJ:scholar.google.com/&scioq=uav%7Cdrone+%22waypoint+optimization%22%7C%22path+planning%22+%22signal+strength%22%7Cconnectivity%7Ccommunication+%22patent%22%7C%22patents%22+%22application%22%7C%22grant%22%7C%22publication%22%7C%22number%22%7C%22wo%22%7C%22us%22%7C%22cn%22%7C%22ep%22&hl=en&as_sdt=2007&as_vis=1"
5,"WD Arbogast, W Barnawi, ME Lind, B Wall","System and method for decentralized, multi-agent unmanned vehicle navigation and formation control",2016,"US Patent 9,436,187","Google Patents","https://patents.google.com/patent/US9436187B2/en","https://scholar.google.com/scholar?cites=8614741474182516982&as_sdt=2005&sciodt=2007&hl=en",73,"2025-09-15 17:37:58","","","","",,,,,5,0.56,1,4,9,"… execute autonomous path-planning in an A2/AD environment, where communication reach back … For example, adding a cooperative unmanned aerial vehicle (UAV) would increase the …","https://patentimages.storage.googleapis.com/0c/9b/66/8f8221e1d6c97a/US9436187.pdf","https://scholar.google.com/scholar?q=related:9lB5WLq1jXcJ:scholar.google.com/&scioq=uav%7Cdrone+%22waypoint+optimization%22%7C%22path+planning%22+%22signal+strength%22%7Cconnectivity%7Ccommunication+%22patent%22%7C%22patents%22+%22application%22%7C%22grant%22%7C%22publication%22%7C%22number%22%7C%22wo%22%7C%22us%22%7C%22cn%22%7C%22ep%22&hl=en&as_sdt=2007&as_vis=1"
158,"BG DeRoos, K SPERANSKY, MAM Trujillo","Unmanned aerial vehicle 3D mapping system",2017,"US Patent 9,618,934","Google Patents","https://patents.google.com/patent/US9618934B2/en","https://scholar.google.com/scholar?cites=509195848762787795&as_sdt=2005&sciodt=2007&hl=en",47,"2025-09-15 17:37:58","","","","",,,,,158,19.75,53,3,8,"… a controller capable of communication with a flight control module of the UAV. The controller is … During the initial phase of the UAV flight path planning, rules are applied to regions, eg, …","https://patentimages.storage.googleapis.com/e5/9a/34/d110845c7828a9/US9618934.pdf","https://scholar.google.com/scholar?q=related:0wecNu0GEQcJ:scholar.google.com/&scioq=uav%7Cdrone+%22waypoint+optimization%22%7C%22path+planning%22+%22signal+strength%22%7Cconnectivity%7Ccommunication+%22patent%22%7C%22patents%22+%22application%22%7C%22grant%22%7C%22publication%22%7C%22number%22%7C%22wo%22%7C%22us%22%7C%22cn%22%7C%22ep%22&hl=en&as_sdt=2007&as_vis=1"
90,"NW Anderson","Mission and path planning using images of crop wind damage",2017,"US Patent 9,696,162","Google Patents","https://patents.google.com/patent/US9696162B2/en","https://scholar.google.com/scholar?cites=16293751653722589068&as_sdt=2005&sciodt=2007&hl=en",88,"2025-09-15 17:37:58","","","","",,,,,90,11.25,90,1,8,"US9696162B2 - Mission and path planning using images of crop wind damage - Google Patents US9696162B2 - Mission and path planning using images of crop wind damage - …","https://patentimages.storage.googleapis.com/73/72/a6/2d82f345922b1d/US9696162.pdf","https://scholar.google.com/scholar?q=related:jIeREs0IH-IJ:scholar.google.com/&scioq=uav%7Cdrone+%22waypoint+optimization%22%7C%22path+planning%22+%22signal+strength%22%7Cconnectivity%7Ccommunication+%22patent%22%7C%22patents%22+%22application%22%7C%22grant%22%7C%22publication%22%7C%22number%22%7C%22wo%22%7C%22us%22%7C%22cn%22%7C%22ep%22&hl=en&as_sdt=2007&as_vis=1"
102,"LR KOTECHA","Dynamic navigation of UAVs using three dimensional network coverage information",2017,"US Patent 9,818,303","Google Patents","https://patents.google.com/patent/US9818303B2/en","https://scholar.google.com/scholar?cites=10305131032150938541&as_sdt=2005&sciodt=2007&hl=en",19,"2025-09-15 17:37:58","","","","",,,,,102,12.75,102,1,8,"… 18, 2015, at 1 pm, by a UAV, but that the current signal strength estimate for this 3D location is 6. In this situation, the measurement may have been considered to be stale and other …","https://patentimages.storage.googleapis.com/de/0f/a3/ba853380657e2e/US9818303.pdf","https://scholar.google.com/scholar?q=related:rRM2JxMuA48J:scholar.google.com/&scioq=uav%7Cdrone+%22waypoint+optimization%22%7C%22path+planning%22+%22signal+strength%22%7Cconnectivity%7Ccommunication+%22patent%22%7C%22patents%22+%22application%22%7C%22grant%22%7C%22publication%22%7C%22number%22%7C%22wo%22%7C%22us%22%7C%22cn%22%7C%22ep%22&hl=en&as_sdt=2007&as_vis=1"
19,"D Winkle, JJ O'Brien","Systems, devices, and methods for generating vehicle routes within signal coverage zones",2019,"US Patent App. 16/054,002","Google Patents","https://patents.google.com/patent/US20190041225A1/en","https://scholar.google.com/scholar?cites=9841327058262360792&as_sdt=2005&sciodt=2007&hl=en",22,"2025-09-15 17:37:58","","","","",,,,,19,3.17,10,2,6,"… autonomous drone, thus redirecting the drone in real-time based on dynamic changes in … drone to utilize a particular wireless communication signal type in order to avoid a low …","https://patentimages.storage.googleapis.com/26/95/6a/7a65d7ee5e66a2/US20190041225A1.pdf","https://scholar.google.com/scholar?q=related:2AIrYtFqk4gJ:scholar.google.com/&scioq=uav%7Cdrone+%22waypoint+optimization%22%7C%22path+planning%22+%22signal+strength%22%7Cconnectivity%7Ccommunication+%22patent%22%7C%22patents%22+%22application%22%7C%22grant%22%7C%22publication%22%7C%22number%22%7C%22wo%22%7C%22us%22%7C%22cn%22%7C%22ep%22&hl=en&as_sdt=2007&as_vis=1"
21,"ML Arksey, D BLAAUW, LT HAHN, ...","Systems and methods for drone swarm wireless communication",2022,"US Patent App. 17 …","Google Patents","https://patents.google.com/patent/US20220399936A1/en","https://scholar.google.com/scholar?cites=3088836073479966261&as_sdt=2005&sciodt=2007&hl=en",53,"2025-09-15 17:37:58","","","","",,,,,21,7.00,5,4,3,"… communication for a drone swarm by, at a computing system, receiving, from a plurality of drones of a drone … This separates the actual path planning details from the points that must be …","https://patentimages.storage.googleapis.com/3e/58/56/bf313d6f4304c0/US20220399936A1.pdf","https://scholar.google.com/scholar?q=related:NY4vIQvA3SoJ:scholar.google.com/&scioq=uav%7Cdrone+%22waypoint+optimization%22%7C%22path+planning%22+%22signal+strength%22%7Cconnectivity%7Ccommunication+%22patent%22%7C%22patents%22+%22application%22%7C%22grant%22%7C%22publication%22%7C%22number%22%7C%22wo%22%7C%22us%22%7C%22cn%22%7C%22ep%22&hl=en&as_sdt=2007&as_vis=1"
1,"X Cao, W Du, L Zheng, L Xu","Uav path planning method and device guided by the safety situation, uav and storage medium",2021,"US Patent App. 17/102,966","Google Patents","https://patents.google.com/patent/US20210327287A1/en","https://scholar.google.com/scholar?cites=4241330651745520817&as_sdt=2005&sciodt=2007&hl=en",66,"2025-09-15 17:37:58","","","","",,,,,1,0.25,0,4,4,"… the application relates to the automatic navigation of the unmanned aerial … UAV), and particularly relates to an UAV path planning method and device guided by the safety situation, UAV …","https://patentimages.storage.googleapis.com/15/2a/5d/fa3f7713a51039/US20210327287A1.pdf","https://scholar.google.com/scholar?q=related:sYxEmME73DoJ:scholar.google.com/&scioq=uav%7Cdrone+%22waypoint+optimization%22%7C%22path+planning%22+%22signal+strength%22%7Cconnectivity%7Ccommunication+%22patent%22%7C%22patents%22+%22application%22%7C%22grant%22%7C%22publication%22%7C%22number%22%7C%22wo%22%7C%22us%22%7C%22cn%22%7C%22ep%22&hl=en&as_sdt=2007&as_vis=1"
1,"X Hu, A Liu, L ZHANG, K Tang","Systems and methods for uav path planning and control",2021,"US Patent App. 17/111,447","Google Patents","https://patents.google.com/patent/US20210116944A1/en","https://scholar.google.com/scholar?cites=7064191832630474263&as_sdt=2005&sciodt=2007&hl=en",36,"2025-09-15 17:37:58","","","","",,,,,1,0.25,0,4,4,"… for the UAV, and one or more motion characteristics of the UAV at … path for the UAV from a position of the UAV to the reference … a single communication link or multiple different types of …","https://patentimages.storage.googleapis.com/bd/be/69/68bfa8cb7e7798/US20210116944A1.pdf","https://scholar.google.com/scholar?q=related:F7YnSQsNCWIJ:scholar.google.com/&scioq=uav%7Cdrone+%22waypoint+optimization%22%7C%22path+planning%22+%22signal+strength%22%7Cconnectivity%7Ccommunication+%22patent%22%7C%22patents%22+%22application%22%7C%22grant%22%7C%22publication%22%7C%22number%22%7C%22wo%22%7C%22us%22%7C%22cn%22%7C%22ep%22&hl=en&as_sdt=2007&as_vis=1"
0,"MA Rahman, AA Khalil","Federated deep reinforcement learning-assisted uav trajectory planning against hostile defense system",2025,"US Patent App. 18/601,091","Google Patents","https://patents.google.com/patent/US20250224730A1/en","",89,"2025-09-15 17:37:58","","","","",,,,,0,0.00,0,2,1,"… in operable communication with the … art path planning solutions, embodiments of the subject invention provide a federated DRL-based UAV path planning framework for real-time UAV …","","https://scholar.google.com/scholar?q=related:6fYwtJjyu5oJ:scholar.google.com/&scioq=uav%7Cdrone+%22waypoint+optimization%22%7C%22path+planning%22+%22signal+strength%22%7Cconnectivity%7Ccommunication+%22patent%22%7C%22patents%22+%22application%22%7C%22grant%22%7C%22publication%22%7C%22number%22%7C%22wo%22%7C%22us%22%7C%22cn%22%7C%22ep%22&hl=en&as_sdt=2007&as_vis=1"
0,"YJ Kim","Optimal path planning device and method for drones considering obstacles",2025,"US Patent App. 18/852,830","Google Patents","https://patents.google.com/patent/US20250224734A1/en","",84,"2025-09-15 17:37:58","","","","",,,,,0,0.00,0,1,1,"… The drone 200, optimal path planning device 300, and map database 400 included in the … system may be connected through a communication network. Here, the communication …","","https://scholar.google.com/scholar?q=related:t1OgjyCourkJ:scholar.google.com/&scioq=uav%7Cdrone+%22waypoint+optimization%22%7C%22path+planning%22+%22signal+strength%22%7Cconnectivity%7Ccommunication+%22patent%22%7C%22patents%22+%22application%22%7C%22grant%22%7C%22publication%22%7C%22number%22%7C%22wo%22%7C%22us%22%7C%22cn%22%7C%22ep%22&hl=en&as_sdt=2007&as_vis=1"
0,"QU Boyang, X Li, C Xuzhao, WEN Pengwei, ...","Multi-unmanned aerial vehicle (uav) cooperative coverage path planning methods based on improved ant colony algorithm with q-learning adaptive strategy",2025,"US Patent App. 19 …","Google Patents","https://patents.google.com/patent/US20250238033A1/en","",60,"2025-09-15 17:37:58","","","","",,,,,0,0.00,0,5,1,"US20250238033A1 - Multi-unmanned aerial vehicle (uav) cooperative coverage path planning methods based on improved ant colony algorithm with q-learning adaptive strategy - …","","https://scholar.google.com/scholar?q=related:135hsHKhq2wJ:scholar.google.com/&scioq=uav%7Cdrone+%22waypoint+optimization%22%7C%22path+planning%22+%22signal+strength%22%7Cconnectivity%7Ccommunication+%22patent%22%7C%22patents%22+%22application%22%7C%22grant%22%7C%22publication%22%7C%22number%22%7C%22wo%22%7C%22us%22%7C%22cn%22%7C%22ep%22&hl=en&as_sdt=2007&as_vis=1"
