{
  "type": "FeatureCollection",
  "generator": "overpass-turbo",
  "copyright": "The data included in this document is from www.openstreetmap.org. The data is made available under ODbL.",
  "timestamp": "2026-01-25T09:29:43Z",
  "features": [
    {
      "type": "Feature",
      "properties": {
        "@id": "way/247430742",
        "highway": "secondary",
        "name": "龙兴路",
        "ref": "X206",
        "source": "bing"
      },
      "geometry": {
        "type": "LineString",
        "coordinates": [
          [
            114.4490826,
            22.7051077
          ],
          [
            114.448851,
            22.7050557
          ],
          [
            114.4478416,
            22.7047705
          ],
          [
            114.4474018,
            22.7047152
          ],
          [
            114.4470959,
            22.7047267
          ],
          [
            114.4467073,
            22.7048259
          ],
          [
            114.4463151,
            22.7049506
          ],
          [
            114.4460093,
            22.7050878
          ],
          [
            114.4456572,
            22.7052701
          ],
          [
            114.4453339,
            22.7054476
          ],
          [
            114.4450485,
            22.7055648
          ],
          [
            114.4443474,
            22.705852
          ],
          [
            114.4433956,
            22.7062119
          ],
          [
            114.4431761,
            22.706269
          ],
          [
            114.4428083,
            22.706296
          ],
          [
            114.4426391,
            22.7062814
          ],
          [
            114.441154,
            22.7060677
          ],
          [
            114.4409131,
            22.7060157
          ],
          [
            114.4404542,
            22.7058682
          ],
          [
            114.4402103,
            22.7057785
          ],
          [
            114.4400568,
            22.7056839
          ],
          [
            114.439833,
            22.7054513
          ],
          [
            114.4396419,
            22.7052548
          ],
          [
            114.4395275,
            22.7051763
          ],
          [
            114.4393664,
            22.7051414
          ],
          [
            114.4379258,
            22.7052188
          ],
          [
            114.4377137,
            22.7051582
          ],
          [
            114.4373198,
            22.7048486
          ],
          [
            114.4371508,
            22.7046574
          ],
          [
            114.4369593,
            22.7044091
          ],
          [
            114.4366105,
            22.7040594
          ],
          [
            114.4364905,
            22.7039681
          ],
          [
            114.4363128,
            22.703889
          ],
          [
            114.4360835,
            22.7038141
          ],
          [
            114.4358501,
            22.7037978
          ],
          [
            114.4335524,
            22.703772
          ],
          [
            114.4332866,
            22.7037541
          ],
          [
            114.4329905,
            22.7037119
          ],
          [
            114.432831,
            22.70369
          ],
          [
            114.4327344,
            22.7036758
          ],
          [
            114.4326335,
            22.7036607
          ],
          [
            114.4304247,
            22.7032828
          ],
          [
            114.4298989,
            22.7031567
          ],
          [
            114.429872,
            22.7031502
          ],
          [
            114.4295706,
            22.7030613
          ]
        ]
      },
      "id": "way/247430742"
    },
    {
      "type": "Feature",
      "properties": {
        "@id": "way/247430760",
        "bridge": "yes",
        "highway": "tertiary",
        "lanes": "2",
        "layer": "1",
        "name": "创景南路跨河桥",
        "oneway": "yes",
        "source": "bing"
      },
      "geometry": {
        "type": "LineString",
        "coordinates": [
          [
            114.3919759,
            22.7083718
          ],
          [
            114.3928148,
            22.7073694
          ]
        ]
      },
      "id": "way/247430760"
    },
    {
      "type": "Feature",
      "properties": {
        "@id": "way/247430763",
        "bridge": "yes",
        "highway": "tertiary",
        "layer": "1",
        "name": "创景南路跨河桥",
        "oneway": "yes",
        "source": "bing"
      },
      "geometry": {
        "type": "LineString",
        "coordinates": [
          [
            114.3929209,
            22.7074515
          ],
          [
            114.3920841,
            22.7084482
          ]
        ]
      },
      "id": "way/247430763"
    },
    {
      "type": "Feature",
      "properties": {
        "@id": "way/247430776",
        "highway": "tertiary",
        "lanes": "2",
        "name": "创景路",
        "name:en": "Chuangjing Road",
        "name:zh": "创景路",
        "oneway": "yes",
        "surface": "asphalt"
      },
      "geometry": {
        "type": "LineString",
        "coordinates": [
          [
            114.3932845,
            22.7068169
          ],
          [
            114.3934203,
            22.706657
          ],
          [
            114.3934569,
            22.7066139
          ],
          [
            114.3952848,
            22.7044194
          ],
          [
            114.395319,
            22.7043795
          ],
          [
            114.3954339,
            22.7042453
          ],
          [
            114.3955871,
            22.7040662
          ],
          [
            114.3956218,
            22.7040256
          ],
          [
            114.3957542,
            22.7038541
          ],
          [
            114.3958517,
            22.7037017
          ],
          [
            114.3959098,
            22.7035989
          ],
          [
            114.3959621,
            22.7035032
          ],
          [
            114.3960251,
            22.7033651
          ],
          [
            114.3961032,
            22.7031692
          ],
          [
            114.3961698,
            22.7029575
          ],
          [
            114.3962071,
            22.7028124
          ],
          [
            114.3962284,
            22.7026608
          ],
          [
            114.3962457,
            22.7024908
          ],
          [
            114.3962554,
            22.7018665
          ],
          [
            114.3962554,
            22.7018528
          ],
          [
            114.3962552,
            22.7015556
          ],
          [
            114.3962496,
            22.7012886
          ]
        ]
      },
      "id": "way/247430776"
    },
    {
      "type": "Feature",
      "properties": {
        "@id": "way/247430778",
        "highway": "tertiary",
        "name": "创景路",
        "name:en": "Chuangjing Road",
        "name:zh": "创景路",
        "oneway": "yes",
        "surface": "asphalt"
      },
      "geometry": {
        "type": "LineString",
        "coordinates": [
          [
            114.396378,
            22.7010732
          ],
          [
            114.396379,
            22.7011266
          ],
          [
            114.3963795,
            22.7011521
          ],
          [
            114.3963822,
            22.7012925
          ],
          [
            114.3963872,
            22.7015495
          ],
          [
            114.3963938,
            22.701812
          ],
          [
            114.3963806,
            22.7024703
          ],
          [
            114.3963679,
            22.7026396
          ],
          [
            114.3963466,
            22.7027938
          ],
          [
            114.3963137,
            22.7029546
          ],
          [
            114.3962339,
            22.7032092
          ],
          [
            114.3961555,
            22.7034034
          ],
          [
            114.396084,
            22.7035549
          ],
          [
            114.3960319,
            22.7036512
          ],
          [
            114.3959863,
            22.7037355
          ],
          [
            114.3958777,
            22.7039059
          ],
          [
            114.3957562,
            22.7040693
          ],
          [
            114.3957029,
            22.704132
          ],
          [
            114.3956047,
            22.7042476
          ],
          [
            114.3955472,
            22.7043152
          ],
          [
            114.3954321,
            22.7044506
          ],
          [
            114.3953918,
            22.7044979
          ],
          [
            114.3950007,
            22.7049698
          ],
          [
            114.3941952,
            22.7059415
          ],
          [
            114.3935817,
            22.7066815
          ],
          [
            114.3935422,
            22.7067275
          ],
          [
            114.3934195,
            22.7068705
          ]
        ]
      },
      "id": "way/247430778"
    },
    {
      "type": "Feature",
      "properties": {
        "@id": "way/247430783",
        "highway": "tertiary",
        "name": "创景路",
        "oneway": "yes"
      },
      "geometry": {
        "type": "LineString",
        "coordinates": [
          [
            114.3910101,
            22.7118841
          ],
          [
            114.3910057,
            22.7120296
          ],
          [
            114.3910047,
            22.7120624
          ],
          [
            114.3910004,
            22.7122008
          ],
          [
            114.3909164,
            22.7149512
          ],
          [
            114.390915,
            22.7149965
          ],
          [
            114.3909102,
            22.7151552
          ],
          [
            114.3909059,
            22.7152944
          ],
          [
            114.3909047,
            22.7153349
          ],
          [
            114.3908236,
            22.7179882
          ],
          [
            114.3908224,
            22.7180282
          ],
          [
            114.3908189,
            22.718145
          ]
        ]
      },
      "id": "way/247430783"
    },
    {
      "type": "Feature",
      "properties": {
        "@id": "way/247430785",
        "highway": "tertiary",
        "name": "创景路",
        "oneway": "yes"
      },
      "geometry": {
        "type": "LineString",
        "coordinates": [
          [
            114.3907971,
            22.714027
          ],
          [
            114.3908489,
            22.712065
          ],
          [
            114.3908499,
            22.7120266
          ],
          [
            114.3908547,
            22.7118425
          ]
        ]
      },
      "id": "way/247430785"
    },
    {
      "type": "Feature",
      "properties": {
        "@id": "way/307587070",
        "highway": "primary",
        "name": "龙山一路",
        "oneway": "yes"
      },
      "geometry": {
        "type": "LineString",
        "coordinates": [
          [
            114.4197487,
            22.7470692
          ],
          [
            114.4197488,
            22.7469619
          ],
          [
            114.4197489,
            22.7469063
          ],
          [
            114.4197494,
            22.7464079
          ],
          [
            114.4197461,
            22.7455804
          ],
          [
            114.4197817,
            22.7417108
          ],
          [
            114.4197837,
            22.7412559
          ],
          [
            114.4197862,
            22.7379137
          ],
          [
            114.4197807,
            22.7377132
          ],
          [
            114.4197778,
            22.7375785
          ],
          [
            114.4197739,
            22.7373747
          ],
          [
            114.4197778,
            22.736102
          ],
          [
            114.4197609,
            22.7348652
          ],
          [
            114.4197589,
            22.7335169
          ],
          [
            114.4197396,
            22.7323582
          ],
          [
            114.4197521,
            22.7315954
          ]
        ]
      },
      "id": "way/307587070"
    },
    {
      "type": "Feature",
      "properties": {
        "@id": "way/307587075",
        "highway": "tertiary",
        "name": "龙海三路",
        "oneway": "yes"
      },
      "geometry": {
        "type": "LineString",
        "coordinates": [
          [
            114.4321152,
            22.7309479
          ],
          [
            114.4292614,
            22.7309439
          ],
          [
            114.4289774,
            22.7309428
          ],
          [
            114.4289338,
            22.7309426
          ],
          [
            114.4281736,
            22.7309492
          ],
          [
            114.4266428,
            22.7309497
          ]
        ]
      },
      "id": "way/307587075"
    },
    {
      "type": "Feature",
      "properties": {
        "@id": "way/307587077",
        "highway": "primary",
        "name": "龙山一路",
        "oneway": "yes"
      },
      "geometry": {
        "type": "LineString",
        "coordinates": [
          [
            114.4198923,
            22.7307947
          ],
          [
            114.4199937,
            22.7309485
          ],
          [
            114.4199977,
            22.7311134
          ],
          [
            114.4199872,
            22.7324014
          ],
          [
            114.4199864,
            22.7335187
          ],
          [
            114.4199881,
            22.7336613
          ],
          [
            114.420003,
            22.7348737
          ],
          [
            114.4200209,
            22.7360932
          ],
          [
            114.4200155,
            22.7367557
          ],
          [
            114.4200048,
            22.7373694
          ],
          [
            114.4200106,
            22.7375746
          ],
          [
            114.4200149,
            22.7377075
          ],
          [
            114.4200196,
            22.7379133
          ],
          [
            114.420028,
            22.739241
          ],
          [
            114.4200289,
            22.7408096
          ],
          [
            114.4200288,
            22.7412441
          ],
          [
            114.4200275,
            22.7416449
          ],
          [
            114.4200287,
            22.7417114
          ],
          [
            114.4200082,
            22.7432451
          ],
          [
            114.4199749,
            22.745405
          ],
          [
            114.4199718,
            22.7456069
          ],
          [
            114.419964,
            22.7464106
          ]
        ]
      },
      "id": "way/307587077"
    },
    {
      "type": "Feature",
      "properties": {
        "@id": "way/313306159",
        "highway": "secondary",
        "name": "金牛东路",
        "name:en": "Jinniu East Road",
        "name:zh": "金牛东路",
        "oneway": "yes",
        "source": "bing"
      },
      "geometry": {
        "type": "LineString",
        "coordinates": [
          [
            114.4028091,
            22.7138382
          ],
          [
            114.4025148,
            22.7138714
          ],
          [
            114.4024249,
            22.7138697
          ],
          [
            114.4023733,
            22.7138688
          ],
          [
            114.4019943,
            22.7138617
          ],
          [
            114.4018632,
            22.7138593
          ],
          [
            114.4003373,
            22.7138309
          ],
          [
            114.3990443,
            22.7138069
          ],
          [
            114.3973475,
            22.7137829
          ],
          [
            114.3970888,
            22.7137721
          ],
          [
            114.3968472,
            22.7137527
          ],
          [
            114.3965826,
            22.7137235
          ],
          [
            114.3963604,
            22.7136911
          ],
          [
            114.3961435,
            22.7136547
          ],
          [
            114.3960804,
            22.7136414
          ],
          [
            114.3958498,
            22.7135925
          ],
          [
            114.395627,
            22.7135388
          ],
          [
            114.3953992,
            22.7134742
          ],
          [
            114.3951645,
            22.7134013
          ],
          [
            114.3949165,
            22.7133165
          ],
          [
            114.3934578,
            22.7127744
          ],
          [
            114.3913599,
            22.7119947
          ],
          [
            114.3911964,
            22.7119339
          ],
          [
            114.3911502,
            22.7119215
          ],
          [
            114.3910101,
            22.7118841
          ]
        ]
      },
      "id": "way/313306159"
    },
    {
      "type": "Feature",
      "properties": {
        "@id": "way/314548455",
        "highway": "residential",
        "name": "新面路"
      },
      "geometry": {
        "type": "LineString",
        "coordinates": [
          [
            114.4142079,
            22.6981368
          ],
          [
            114.4143186,
            22.6988276
          ],
          [
            114.4143576,
            22.6991063
          ]
        ]
      },
      "id": "way/314548455"
    },
    {
      "type": "Feature",
      "properties": {
        "@id": "way/314548456",
        "highway": "tertiary",
        "name": "环境园路",
        "oneway": "yes"
      },
      "geometry": {
        "type": "LineString",
        "coordinates": [
          [
            114.4114897,
            22.6980545
          ],
          [
            114.4115728,
            22.6980213
          ],
          [
            114.4115886,
            22.6988293
          ],
          [
            114.4115986,
            22.6995604
          ]
        ]
      },
      "id": "way/314548456"
    },
    {
      "type": "Feature",
      "properties": {
        "@id": "way/314548457",
        "highway": "tertiary",
        "name": "上洋路"
      },
      "geometry": {
        "type": "LineString",
        "coordinates": [
          [
            114.4103666,
            22.706975
          ],
          [
            114.4104463,
            22.7071757
          ],
          [
            114.4104892,
            22.7073984
          ],
          [
            114.4105053,
            22.7076062
          ],
          [
            114.4104953,
            22.7078311
          ],
          [
            114.4104731,
            22.7079971
          ],
          [
            114.4104355,
            22.7081406
          ],
          [
            114.4102082,
            22.7092244
          ],
          [
            114.4099929,
            22.7096937
          ],
          [
            114.4106421,
            22.7110759
          ],
          [
            114.4112292,
            22.7120641
          ],
          [
            114.4114387,
            22.712243
          ],
          [
            114.4122126,
            22.7124855
          ],
          [
            114.4125213,
            22.7126182
          ],
          [
            114.4127408,
            22.7127955
          ],
          [
            114.412848,
            22.7129484
          ],
          [
            114.4132797,
            22.7140056
          ],
          [
            114.4134495,
            22.7141106
          ],
          [
            114.4135716,
            22.7141441
          ],
          [
            114.4137423,
            22.7141628
          ],
          [
            114.4139112,
            22.7141734
          ],
          [
            114.4144134,
            22.7144222
          ],
          [
            114.4150787,
            22.7147877
          ],
          [
            114.4161953,
            22.7155868
          ]
        ]
      },
      "id": "way/314548457"
    },
    {
      "type": "Feature",
      "properties": {
        "@id": "way/314548459",
        "highway": "unclassified",
        "name": "对山路"
      },
      "geometry": {
        "type": "LineString",
        "coordinates": [
          [
            114.4085865,
            22.6950417
          ],
          [
            114.4100815,
            22.6950659
          ],
          [
            114.4114734,
            22.69509
          ]
        ]
      },
      "id": "way/314548459"
    },
    {
      "type": "Feature",
      "properties": {
        "@id": "way/314548460",
        "highway": "residential",
        "name": "新联路"
      },
      "geometry": {
        "type": "LineString",
        "coordinates": [
          [
            114.4140567,
            22.6961179
          ],
          [
            114.4140484,
            22.6960525
          ],
          [
            114.4139546,
            22.6953133
          ]
        ]
      },
      "id": "way/314548460"
    },
    {
      "type": "Feature",
      "properties": {
        "@id": "way/314548461",
        "highway": "unclassified",
        "name": "新田路"
      },
      "geometry": {
        "type": "LineString",
        "coordinates": [
          [
            114.4100793,
            22.6951317
          ],
          [
            114.4100815,
            22.6950659
          ],
          [
            114.4101629,
            22.694046
          ]
        ]
      },
      "id": "way/314548461"
    },
    {
      "type": "Feature",
      "properties": {
        "@id": "way/314548462",
        "highway": "tertiary",
        "name": "杜岗路"
      },
      "geometry": {
        "type": "LineString",
        "coordinates": [
          [
            114.4103666,
            22.706975
          ],
          [
            114.4079043,
            22.707747
          ],
          [
            114.4061502,
            22.708034
          ],
          [
            114.4053071,
            22.7085316
          ],
          [
            114.404544,
            22.7086307
          ]
        ]
      },
      "id": "way/314548462"
    },
    {
      "type": "Feature",
      "properties": {
        "@id": "way/314548465",
        "highway": "unclassified",
        "name": "环境园路B段2号线"
      },
      "geometry": {
        "type": "LineString",
        "coordinates": [
          [
            114.4053071,
            22.7085316
          ],
          [
            114.4054144,
            22.7086553
          ],
          [
            114.4076997,
            22.7104266
          ],
          [
            114.4078507,
            22.7105479
          ],
          [
            114.4094332,
            22.7120374
          ],
          [
            114.4106421,
            22.7110759
          ]
        ]
      },
      "id": "way/314548465"
    },
    {
      "type": "Feature",
      "properties": {
        "@id": "way/314548466",
        "bridge": "yes",
        "highway": "tertiary",
        "name": "环境园路A段中桥"
      },
      "geometry": {
        "type": "LineString",
        "coordinates": [
          [
            114.4100493,
            22.7061711
          ],
          [
            114.4103666,
            22.706975
          ]
        ]
      },
      "id": "way/314548466"
    },
    {
      "type": "Feature",
      "properties": {
        "@id": "way/314548476",
        "highway": "residential",
        "name": "谷面路"
      },
      "geometry": {
        "type": "LineString",
        "coordinates": [
          [
            114.4143186,
            22.6988276
          ],
          [
            114.4127216,
            22.6988286
          ],
          [
            114.4115886,
            22.6988293
          ],
          [
            114.4114851,
            22.6988299
          ]
        ]
      },
      "id": "way/314548476"
    },
    {
      "type": "Feature",
      "properties": {
        "@id": "way/314787025",
        "highway": "secondary",
        "name": "兰景中路",
        "oneway": "yes"
      },
      "geometry": {
        "type": "LineString",
        "coordinates": [
          [
            114.3829262,
            22.7113762
          ],
          [
            114.3813193,
            22.7135703
          ],
          [
            114.3805355,
            22.7146709
          ],
          [
            114.380407,
            22.7148513
          ],
          [
            114.3791419,
            22.7166276
          ],
          [
            114.3785468,
            22.7174801
          ],
          [
            114.3784391,
            22.7176385
          ],
          [
            114.3783222,
            22.7178127
          ],
          [
            114.3782678,
            22.7179022
          ]
        ]
      },
      "id": "way/314787025"
    },
    {
      "type": "Feature",
      "properties": {
        "@id": "way/343473820",
        "highway": "tertiary",
        "name": "翠景路",
        "oneway": "yes"
      },
      "geometry": {
        "type": "LineString",
        "coordinates": [
          [
            114.3749933,
            22.7364482
          ],
          [
            114.3750914,
            22.7364371
          ],
          [
            114.3751996,
            22.7363887
          ],
          [
            114.3752834,
            22.7363082
          ],
          [
            114.375353,
            22.7361747
          ],
          [
            114.375646,
            22.7354951
          ],
          [
            114.3760875,
            22.7344797
          ],
          [
            114.3764038,
            22.7337683
          ],
          [
            114.3768707,
            22.7327183
          ],
          [
            114.3774217,
            22.7314189
          ],
          [
            114.377565,
            22.7310809
          ],
          [
            114.3776012,
            22.7309679
          ],
          [
            114.3777691,
            22.7304971
          ],
          [
            114.3780069,
            22.729932
          ],
          [
            114.3787846,
            22.7281662
          ],
          [
            114.3791785,
            22.7272369
          ],
          [
            114.3801386,
            22.7251291
          ],
          [
            114.3801836,
            22.7250284
          ],
          [
            114.3816337,
            22.7218196
          ],
          [
            114.3819088,
            22.7211366
          ],
          [
            114.3820071,
            22.7208666
          ],
          [
            114.3830742,
            22.7184316
          ],
          [
            114.38316,
            22.7182358
          ],
          [
            114.383181,
            22.718188
          ],
          [
            114.3832497,
            22.7180311
          ],
          [
            114.3832871,
            22.7179458
          ],
          [
            114.3833449,
            22.7178139
          ],
          [
            114.3833664,
            22.717765
          ],
          [
            114.3834329,
            22.7176131
          ],
          [
            114.3837413,
            22.7169094
          ],
          [
            114.384484,
            22.7152148
          ],
          [
            114.38451,
            22.7151555
          ],
          [
            114.3845938,
            22.7149642
          ],
          [
            114.3846755,
            22.7147778
          ],
          [
            114.3846985,
            22.7147253
          ],
          [
            114.386022,
            22.7117054
          ]
        ]
      },
      "id": "way/343473820"
    },
    {
      "type": "Feature",
      "properties": {
        "@id": "way/492328625",
        "highway": "secondary",
        "lanes": "2",
        "name": "青松西路",
        "name:en": "Qingsong West Road",
        "name:zh": "青松西路",
        "oneway": "yes"
      },
      "geometry": {
        "type": "LineString",
        "coordinates": [
          [
            114.3946925,
            22.7255477
          ],
          [
            114.3943949,
            22.7255396
          ],
          [
            114.3943536,
            22.7255384
          ],
          [
            114.3918252,
            22.7254712
          ],
          [
            114.388813,
            22.7253912
          ],
          [
            114.3887606,
            22.7253898
          ],
          [
            114.3885216,
            22.7253835
          ],
          [
            114.3882928,
            22.7253774
          ],
          [
            114.3882336,
            22.7253759
          ],
          [
            114.388064,
            22.7253714
          ],
          [
            114.3873799,
            22.7253532
          ],
          [
            114.3852008,
            22.7252953
          ],
          [
            114.3851665,
            22.7252944
          ],
          [
            114.3850213,
            22.7252906
          ],
          [
            114.3849627,
            22.725289
          ],
          [
            114.3803647,
            22.7251669
          ],
          [
            114.3802438,
            22.7251445
          ],
          [
            114.3801386,
            22.7251291
          ],
          [
            114.3784394,
            22.7244238
          ],
          [
            114.3782401,
            22.7243438
          ],
          [
            114.3759803,
            22.723376
          ],
          [
            114.3759545,
            22.7233653
          ],
          [
            114.3759168,
            22.7233496
          ],
          [
            114.3757878,
            22.723296
          ],
          [
            114.3756729,
            22.7232482
          ],
          [
            114.3755446,
            22.7231603
          ]
        ]
      },
      "id": "way/492328625"
    },
    {
      "type": "Feature",
      "properties": {
        "@id": "way/492328626",
        "highway": "residential",
        "lanes": "2",
        "name": "聚柳路",
        "name:en": "Juliu Road",
        "name:zh": "聚柳路",
        "oneway": "no"
      },
      "geometry": {
        "type": "LineString",
        "coordinates": [
          [
            114.3819747,
            22.7211449
          ],
          [
            114.3821368,
            22.7211648
          ],
          [
            114.3850704,
            22.7212435
          ],
          [
            114.3851099,
            22.7212446
          ],
          [
            114.385291,
            22.7212494
          ],
          [
            114.3854823,
            22.7212546
          ],
          [
            114.385519,
            22.7212556
          ],
          [
            114.3884284,
            22.7213337
          ],
          [
            114.3884716,
            22.7213348
          ],
          [
            114.3886639,
            22.72134
          ]
        ]
      },
      "id": "way/492328626"
    },
    {
      "type": "Feature",
      "properties": {
        "@id": "way/492328627",
        "highway": "tertiary",
        "lanes": "3",
        "name": "青兰一路",
        "name:en": "Qinglan 1st Road",
        "name:zh": "青兰一路",
        "oneway": "no"
      },
      "geometry": {
        "type": "LineString",
        "coordinates": [
          [
            114.3887757,
            22.718091
          ],
          [
            114.3887726,
            22.7181807
          ],
          [
            114.3887642,
            22.7184274
          ],
          [
            114.3887628,
            22.7184672
          ],
          [
            114.3886728,
            22.721081
          ],
          [
            114.3886712,
            22.7211283
          ],
          [
            114.3886639,
            22.72134
          ],
          [
            114.3886587,
            22.7214917
          ],
          [
            114.3886573,
            22.7215316
          ],
          [
            114.3885315,
            22.7251858
          ],
          [
            114.3885283,
            22.7252489
          ],
          [
            114.3885251,
            22.7253121
          ],
          [
            114.3885216,
            22.7253835
          ]
        ]
      },
      "id": "way/492328627"
    },
    {
      "type": "Feature",
      "properties": {
        "@id": "way/492328629",
        "highway": "tertiary",
        "name": "青兰三路"
      },
      "geometry": {
        "type": "LineString",
        "coordinates": [
          [
            114.3964153,
            22.725595
          ],
          [
            114.3964153,
            22.725525
          ],
          [
            114.3964255,
            22.7254625
          ],
          [
            114.3964591,
            22.7253103
          ],
          [
            114.397559,
            22.7220782
          ],
          [
            114.3977573,
            22.7214953
          ],
          [
            114.3978451,
            22.7213502
          ],
          [
            114.3984793,
            22.7206865
          ],
          [
            114.3986948,
            22.7204427
          ],
          [
            114.3990647,
            22.7198877
          ],
          [
            114.3994184,
            22.719254
          ],
          [
            114.3994306,
            22.719029
          ],
          [
            114.3994517,
            22.7184624
          ]
        ]
      },
      "id": "way/492328629"
    },
    {
      "type": "Feature",
      "properties": {
        "@id": "way/492328630",
        "highway": "unclassified",
        "name": "兰和路"
      },
      "geometry": {
        "type": "LineString",
        "coordinates": [
          [
            114.3947629,
            22.7215171
          ],
          [
            114.3948299,
            22.7215169
          ],
          [
            114.396414,
            22.7215115
          ],
          [
            114.3966905,
            22.7215865
          ],
          [
            114.3967833,
            22.7216428
          ]
        ]
      },
      "id": "way/492328630"
    },
    {
      "type": "Feature",
      "properties": {
        "@id": "way/492328631",
        "highway": "residential",
        "lanes": "2",
        "name": "聚和路",
        "name:en": "Juhe Road",
        "name:zh": "聚和路",
        "oneway": "no"
      },
      "geometry": {
        "type": "LineString",
        "coordinates": [
          [
            114.3851665,
            22.7252944
          ],
          [
            114.3851687,
            22.7252235
          ],
          [
            114.3851724,
            22.7251031
          ],
          [
            114.3851736,
            22.7250638
          ],
          [
            114.3852849,
            22.7214459
          ],
          [
            114.3852859,
            22.7214132
          ],
          [
            114.385291,
            22.7212494
          ],
          [
            114.3852961,
            22.7210824
          ],
          [
            114.3852975,
            22.7210371
          ],
          [
            114.3853799,
            22.718358
          ],
          [
            114.3853813,
            22.7183128
          ],
          [
            114.3853882,
            22.718089
          ]
        ]
      },
      "id": "way/492328631"
    },
    {
      "type": "Feature",
      "properties": {
        "@id": "way/492328632",
        "highway": "tertiary",
        "name": "科技路"
      },
      "geometry": {
        "type": "LineString",
        "coordinates": [
          [
            114.3846818,
            22.7149668
          ],
          [
            114.3883804,
            22.7150902
          ],
          [
            114.3905317,
            22.7151531
          ],
          [
            114.3905678,
            22.7151533
          ],
          [
            114.3907674,
            22.7151544
          ]
        ]
      },
      "id": "way/492328632"
    },
    {
      "type": "Feature",
      "properties": {
        "@id": "way/492328634",
        "highway": "unclassified",
        "name": "科秀路"
      },
      "geometry": {
        "type": "LineString",
        "coordinates": [
          [
            114.3990443,
            22.7138069
          ],
          [
            114.3989806,
            22.7157214
          ]
        ]
      },
      "id": "way/492328634"
    },
    {
      "type": "Feature",
      "properties": {
        "@id": "way/492328635",
        "highway": "unclassified",
        "name": "科兰路"
      },
      "geometry": {
        "type": "LineString",
        "coordinates": [
          [
            114.3960155,
            22.7156657
          ],
          [
            114.3989806,
            22.7157214
          ]
        ]
      },
      "id": "way/492328635"
    },
    {
      "type": "Feature",
      "properties": {
        "@id": "way/570672573",
        "highway": "primary",
        "lanes": "4",
        "name": "兰竹东路",
        "name:en": "Lanzhu East Road",
        "name:zh": "兰竹东路",
        "oneway": "yes"
      },
      "geometry": {
        "type": "LineString",
        "coordinates": [
          [
            114.4031997,
            22.7187391
          ],
          [
            114.4029957,
            22.7186775
          ],
          [
            114.4028005,
            22.7186339
          ],
          [
            114.4025684,
            22.7186001
          ],
          [
            114.4024883,
            22.7185869
          ],
          [
            114.4023998,
            22.718579
          ],
          [
            114.4021263,
            22.7185544
          ],
          [
            114.4018941,
            22.7185377
          ],
          [
            114.4016773,
            22.7185348
          ],
          [
            114.4014496,
            22.7185312
          ],
          [
            114.4012952,
            22.7185288
          ],
          [
            114.4004746,
            22.7185151
          ],
          [
            114.4003876,
            22.7185175
          ],
          [
            114.3999306,
            22.7185299
          ],
          [
            114.3994517,
            22.7184624
          ],
          [
            114.3984079,
            22.7184344
          ],
          [
            114.396249,
            22.7183765
          ],
          [
            114.3951071,
            22.718346
          ],
          [
            114.3950444,
            22.7183448
          ],
          [
            114.394911,
            22.7183424
          ],
          [
            114.3948418,
            22.7183411
          ]
        ]
      },
      "id": "way/570672573"
    },
    {
      "type": "Feature",
      "properties": {
        "@id": "way/570672574",
        "highway": "primary",
        "name": "西南大道",
        "oneway": "yes"
      },
      "geometry": {
        "type": "LineString",
        "coordinates": [
          [
            114.4055387,
            22.7211871
          ],
          [
            114.4055664,
            22.7212378
          ],
          [
            114.4058436,
            22.7217238
          ],
          [
            114.406167,
            22.7222965
          ],
          [
            114.4063494,
            22.7225786
          ],
          [
            114.4065656,
            22.7228512
          ],
          [
            114.4068848,
            22.7232022
          ],
          [
            114.4071623,
            22.7234529
          ],
          [
            114.4074913,
            22.7236968
          ],
          [
            114.4075605,
            22.7237449
          ],
          [
            114.4078804,
            22.7239675
          ],
          [
            114.4106129,
            22.7259926
          ],
          [
            114.4121741,
            22.7271602
          ],
          [
            114.4151193,
            22.7293443
          ],
          [
            114.4152849,
            22.7294758
          ],
          [
            114.41532,
            22.729501
          ],
          [
            114.415387,
            22.7295492
          ],
          [
            114.4164688,
            22.7303043
          ],
          [
            114.416767,
            22.7304911
          ],
          [
            114.4170145,
            22.7305998
          ],
          [
            114.4172828,
            22.7306764
          ],
          [
            114.4175847,
            22.7307413
          ],
          [
            114.4178406,
            22.7307709
          ],
          [
            114.4181515,
            22.7307844
          ],
          [
            114.4187054,
            22.7307848
          ],
          [
            114.4195735,
            22.7307894
          ],
          [
            114.4198923,
            22.7307947
          ]
        ]
      },
      "id": "way/570672574"
    },
    {
      "type": "Feature",
      "properties": {
        "@id": "way/582208400",
        "highway": "trunk",
        "highway:CN:urban": "expressway",
        "lane_markings": "yes",
        "lanes": "4",
        "name": "南坪快速",
        "name:en": "Nantou-Pingshan Expressway",
        "name:zh": "南坪快速",
        "name:zh-Hans": "南坪快速",
        "oneway": "yes",
        "surface": "asphalt"
      },
      "geometry": {
        "type": "LineString",
        "coordinates": [
          [
            114.3811334,
            22.6877997
          ],
          [
            114.3835942,
            22.6885093
          ]
        ]
      },
      "id": "way/582208400"
    },
    {
      "type": "Feature",
      "properties": {
        "@id": "way/582208402",
        "highway": "trunk",
        "highway:CN:urban": "expressway",
        "lane_markings": "yes",
        "lanes": "4",
        "name": "南坪快速",
        "name:en": "Nantou-Pingshan Expressway",
        "name:zh": "南坪快速",
        "name:zh-Hans": "南坪快速",
        "oneway": "yes",
        "surface": "asphalt"
      },
      "geometry": {
        "type": "LineString",
        "coordinates": [
          [
            114.3846185,
            22.6890718
          ],
          [
            114.3836077,
            22.6887188
          ],
          [
            114.3825456,
            22.6884102
          ],
          [
            114.3810358,
            22.6879966
          ]
        ]
      },
      "id": "way/582208402"
    },
    {
      "type": "Feature",
      "properties": {
        "@id": "way/582208405",
        "destination": "坪西一级公路;西宝线;葵涌;大鹏",
        "destination:ref": "S359",
        "highway": "trunk_link",
        "lane_markings": "yes",
        "oneway": "yes"
      },
      "geometry": {
        "type": "LineString",
        "coordinates": [
          [
            114.3855301,
            22.6896788
          ],
          [
            114.3846085,
            22.6892579
          ],
          [
            114.3840981,
            22.6890784
          ],
          [
            114.3838273,
            22.6889927
          ],
          [
            114.3837123,
            22.6889537
          ],
          [
            114.3833963,
            22.6888557
          ],
          [
            114.3824813,
            22.6885708
          ],
          [
            114.3804054,
            22.6879478
          ],
          [
            114.3790776,
            22.6873049
          ],
          [
            114.3789022,
            22.6872121
          ]
        ]
      },
      "id": "way/582208405"
    },
    {
      "type": "Feature",
      "properties": {
        "@id": "way/582208407",
        "highway": "trunk",
        "highway:CN:urban": "expressway",
        "lane_markings": "yes",
        "lanes": "4",
        "name": "南坪快速",
        "name:en": "Nantou-Pingshan Expressway",
        "name:zh": "南坪快速",
        "name:zh-Hans": "南坪快速",
        "oneway": "yes",
        "surface": "asphalt"
      },
      "geometry": {
        "type": "LineString",
        "coordinates": [
          [
            114.3835942,
            22.6885093
          ],
          [
            114.3847829,
            22.6889265
          ],
          [
            114.3853461,
            22.6891723
          ],
          [
            114.385771,
            22.6893559
          ],
          [
            114.3860365,
            22.6894944
          ],
          [
            114.3863093,
            22.6896544
          ],
          [
            114.386552,
            22.68978
          ],
          [
            114.3868872,
            22.6899747
          ],
          [
            114.3872956,
            22.6901751
          ],
          [
            114.3875976,
            22.6903467
          ],
          [
            114.3879314,
            22.6904866
          ],
          [
            114.3881952,
            22.6905802
          ],
          [
            114.3884581,
            22.690694
          ],
          [
            114.3887532,
            22.6907879
          ],
          [
            114.3892053,
            22.6909163
          ],
          [
            114.3895719,
            22.6910137
          ],
          [
            114.38996,
            22.6910911
          ],
          [
            114.3902249,
            22.691149
          ],
          [
            114.3904446,
            22.6911709
          ],
          [
            114.3906534,
            22.6911918
          ],
          [
            114.3935366,
            22.6913745
          ],
          [
            114.3942883,
            22.6914166
          ],
          [
            114.3960657,
            22.6914986
          ],
          [
            114.3997041,
            22.6917191
          ],
          [
            114.4011461,
            22.6918065
          ],
          [
            114.4013423,
            22.6918263
          ],
          [
            114.401607,
            22.6918531
          ],
          [
            114.4017123,
            22.6918612
          ]
        ]
      },
      "id": "way/582208407"
    },
    {
      "type": "Feature",
      "properties": {
        "@id": "way/582208408",
        "alt_name": "237乡道",
        "alt_name_1": "石水线",
        "highway": "secondary",
        "name": "坪山金田路",
        "oneway": "yes",
        "ref": "Y237",
        "source": "bing"
      },
      "geometry": {
        "type": "LineString",
        "coordinates": [
          [
            114.4268694,
            22.6971437
          ],
          [
            114.4241018,
            22.6969107
          ]
        ]
      },
      "id": "way/582208408"
    },
    {
      "type": "Feature",
      "properties": {
        "@id": "way/595785824",
        "highway": "unclassified",
        "name": "聚园路"
      },
      "geometry": {
        "type": "LineString",
        "coordinates": [
          [
            114.388064,
            22.7253714
          ],
          [
            114.3880485,
            22.7255707
          ],
          [
            114.3880492,
            22.7257538
          ],
          [
            114.3879762,
            22.7265243
          ],
          [
            114.3880285,
            22.726847
          ],
          [
            114.3881623,
            22.7271147
          ],
          [
            114.3882324,
            22.7272085
          ],
          [
            114.388467,
            22.7272581
          ],
          [
            114.3888327,
            22.727187
          ],
          [
            114.3894895,
            22.7272347
          ],
          [
            114.3903325,
            22.7277022
          ],
          [
            114.3908108,
            22.7283055
          ],
          [
            114.391191,
            22.7287755
          ],
          [
            114.3914403,
            22.729001
          ],
          [
            114.3917363,
            22.7291633
          ],
          [
            114.3927168,
            22.7295018
          ],
          [
            114.3935854,
            22.7296484
          ],
          [
            114.3945511,
            22.7298844
          ],
          [
            114.3969727,
            22.7304008
          ]
        ]
      },
      "id": "way/595785824"
    },
    {
      "type": "Feature",
      "properties": {
        "@id": "way/595785825",
        "highway": "residential"
      },
      "geometry": {
        "type": "LineString",
        "coordinates": [
          [
            114.3879762,
            22.7265243
          ],
          [
            114.3884166,
            22.7265886
          ],
          [
            114.3884523,
            22.7257611
          ],
          [
            114.3880492,
            22.7257538
          ]
        ]
      },
      "id": "way/595785825"
    },
    {
      "type": "Feature",
      "properties": {
        "@id": "way/595785826",
        "highway": "unclassified",
        "name": "聚才路"
      },
      "geometry": {
        "type": "LineString",
        "coordinates": [
          [
            114.3908108,
            22.7283055
          ],
          [
            114.3913471,
            22.7279529
          ],
          [
            114.3916193,
            22.7275562
          ],
          [
            114.3917498,
            22.7272185
          ],
          [
            114.3917985,
            22.7267845
          ],
          [
            114.3918252,
            22.7254712
          ]
        ]
      },
      "id": "way/595785826"
    },
    {
      "type": "Feature",
      "properties": {
        "@id": "way/595785827",
        "highway": "tertiary",
        "name": "聚贤路"
      },
      "geometry": {
        "type": "LineString",
        "coordinates": [
          [
            114.3945511,
            22.7298844
          ],
          [
            114.3949986,
            22.7286411
          ],
          [
            114.3952319,
            22.728166
          ],
          [
            114.3954126,
            22.7275601
          ],
          [
            114.3954764,
            22.7255692
          ],
          [
            114.3954811,
            22.7254982
          ]
        ]
      },
      "id": "way/595785827"
    },
    {
      "type": "Feature",
      "properties": {
        "@id": "way/595802737",
        "highway": "unclassified",
        "name": "聚翠路"
      },
      "geometry": {
        "type": "LineString",
        "coordinates": [
          [
            114.3797734,
            22.7329837
          ],
          [
            114.380359,
            22.7324354
          ],
          [
            114.3804149,
            22.7323948
          ],
          [
            114.3804883,
            22.732341
          ],
          [
            114.3805594,
            22.7323005
          ],
          [
            114.3806506,
            22.7322597
          ],
          [
            114.3807262,
            22.7322309
          ],
          [
            114.3808156,
            22.732207
          ],
          [
            114.3813727,
            22.7320797
          ],
          [
            114.3814644,
            22.7320569
          ],
          [
            114.381621,
            22.7320141
          ],
          [
            114.3816972,
            22.7319911
          ],
          [
            114.3817612,
            22.7319681
          ],
          [
            114.3828147,
            22.7315173
          ],
          [
            114.3831597,
            22.731344
          ],
          [
            114.3832877,
            22.7312434
          ],
          [
            114.383443,
            22.7310432
          ],
          [
            114.3835294,
            22.7308286
          ],
          [
            114.3835705,
            22.7306621
          ],
          [
            114.3835614,
            22.7303352
          ],
          [
            114.3834834,
            22.7298545
          ],
          [
            114.3832879,
            22.7294417
          ],
          [
            114.3831419,
            22.7292465
          ],
          [
            114.3828631,
            22.7289776
          ],
          [
            114.3825724,
            22.7287566
          ],
          [
            114.3823437,
            22.7285893
          ],
          [
            114.382098,
            22.7284533
          ],
          [
            114.3815144,
            22.7282065
          ],
          [
            114.3792787,
            22.7272839
          ],
          [
            114.3791785,
            22.7272369
          ]
        ]
      },
      "id": "way/595802737"
    },
    {
      "type": "Feature",
      "properties": {
        "@id": "way/595802773",
        "highway": "tertiary",
        "name": "兰田路",
        "name:en": "Lantian Road",
        "name:zh": "兰田路",
        "oneway": "yes",
        "surface": "asphalt"
      },
      "geometry": {
        "type": "LineString",
        "coordinates": [
          [
            114.3963762,
            22.700982
          ],
          [
            114.3964531,
            22.7009828
          ],
          [
            114.3964997,
            22.7009833
          ],
          [
            114.3966379,
            22.7009847
          ],
          [
            114.3979686,
            22.7009988
          ],
          [
            114.3981401,
            22.7010006
          ],
          [
            114.3991062,
            22.7010109
          ],
          [
            114.399513,
            22.7010012
          ],
          [
            114.4006707,
            22.7009366
          ],
          [
            114.4030471,
            22.7006871
          ],
          [
            114.4032988,
            22.7006607
          ],
          [
            114.403435,
            22.700644
          ],
          [
            114.4034572,
            22.7006413
          ],
          [
            114.403679,
            22.7006237
          ],
          [
            114.4041725,
            22.7005846
          ],
          [
            114.4054311,
            22.700451
          ],
          [
            114.4065039,
            22.7003333
          ],
          [
            114.4068375,
            22.7002988
          ],
          [
            114.409861,
            22.6999546
          ],
          [
            114.4112763,
            22.6997995
          ]
        ]
      },
      "id": "way/595802773"
    },
    {
      "type": "Feature",
      "properties": {
        "@id": "way/595802774",
        "highway": "unclassified",
        "lanes": "2",
        "name": "求水岭路",
        "name:en": "Qiushuiling Road",
        "name:zh": "求水岭路",
        "oneway": "no"
      },
      "geometry": {
        "type": "LineString",
        "coordinates": [
          [
            114.4006707,
            22.7009366
          ],
          [
            114.4006703,
            22.7010411
          ],
          [
            114.4006459,
            22.7020682
          ],
          [
            114.4006445,
            22.7021274
          ],
          [
            114.4006871,
            22.7027982
          ],
          [
            114.400698,
            22.7028593
          ],
          [
            114.4008414,
            22.7036594
          ],
          [
            114.4009275,
            22.7041397
          ],
          [
            114.4009457,
            22.7042905
          ],
          [
            114.4009562,
            22.7043769
          ],
          [
            114.4011202,
            22.7055655
          ],
          [
            114.4013562,
            22.7070616
          ],
          [
            114.401359,
            22.7071171
          ],
          [
            114.4013657,
            22.7072509
          ],
          [
            114.4013719,
            22.7073863
          ],
          [
            114.4013735,
            22.7074209
          ],
          [
            114.401352,
            22.7084604
          ],
          [
            114.4013514,
            22.708527
          ]
        ]
      },
      "id": "way/595802774"
    },
    {
      "type": "Feature",
      "properties": {
        "@id": "way/595802775",
        "highway": "unclassified",
        "name": "马鞍岭路"
      },
      "geometry": {
        "type": "LineString",
        "coordinates": [
          [
            114.3972353,
            22.7074644
          ],
          [
            114.3973316,
            22.7070551
          ],
          [
            114.3973756,
            22.7070031
          ],
          [
            114.3976657,
            22.7067449
          ],
          [
            114.3977708,
            22.7066448
          ],
          [
            114.3978588,
            22.7065377
          ],
          [
            114.3979417,
            22.7064069
          ],
          [
            114.3980484,
            22.7061969
          ],
          [
            114.398119,
            22.7060154
          ],
          [
            114.3981786,
            22.7058135
          ],
          [
            114.3982092,
            22.7056696
          ],
          [
            114.398229,
            22.7055331
          ],
          [
            114.3982869,
            22.7043475
          ],
          [
            114.3982902,
            22.7042798
          ]
        ]
      },
      "id": "way/595802775"
    },
    {
      "type": "Feature",
      "properties": {
        "@id": "way/595802780",
        "highway": "residential",
        "lanes": "2",
        "name": "竹鞍路",
        "name:en": "Zhu'an Road",
        "name:zh": "竹鞍路",
        "oneway": "no"
      },
      "geometry": {
        "type": "LineString",
        "coordinates": [
          [
            114.3974124,
            22.7057879
          ],
          [
            114.3968263,
            22.7057739
          ],
          [
            114.396756,
            22.7057668
          ],
          [
            114.3966951,
            22.7057597
          ],
          [
            114.3965984,
            22.7057462
          ],
          [
            114.3965112,
            22.7057328
          ],
          [
            114.3963528,
            22.7056963
          ],
          [
            114.3961959,
            22.7056474
          ],
          [
            114.3960285,
            22.705582
          ],
          [
            114.3958782,
            22.7055145
          ],
          [
            114.3957348,
            22.7054426
          ],
          [
            114.3955712,
            22.7053491
          ],
          [
            114.3951549,
            22.7050688
          ],
          [
            114.3951057,
            22.7050351
          ],
          [
            114.3950007,
            22.7049698
          ]
        ]
      },
      "id": "way/595802780"
    },
    {
      "type": "Feature",
      "properties": {
        "@id": "way/595802782",
        "highway": "residential",
        "lanes": "2",
        "name": "景坳路",
        "name:en": "Jing'ao Road",
        "name:zh": "景坳路",
        "oneway": "no"
      },
      "geometry": {
        "type": "LineString",
        "coordinates": [
          [
            114.3963135,
            22.706953
          ],
          [
            114.396202,
            22.7069285
          ],
          [
            114.3961481,
            22.7069164
          ],
          [
            114.3958643,
            22.7068416
          ],
          [
            114.3956916,
            22.7067842
          ],
          [
            114.3955955,
            22.7067441
          ],
          [
            114.3954798,
            22.7066879
          ],
          [
            114.3953423,
            22.7066126
          ],
          [
            114.3942867,
            22.7059967
          ],
          [
            114.3942465,
            22.7059733
          ],
          [
            114.3941952,
            22.7059415
          ]
        ]
      },
      "id": "way/595802782"
    },
    {
      "type": "Feature",
      "properties": {
        "@id": "way/595802783",
        "highway": "residential",
        "lanes": "2",
        "name": "竹坳路",
        "name:en": "Zhu'ao Road",
        "name:zh": "竹坳路",
        "oneway": "no"
      },
      "geometry": {
        "type": "LineString",
        "coordinates": [
          [
            114.3958154,
            22.7081811
          ],
          [
            114.3958373,
            22.7081218
          ],
          [
            114.3958858,
            22.7079893
          ],
          [
            114.3959176,
            22.7079106
          ],
          [
            114.3962411,
            22.7071316
          ],
          [
            114.3962726,
            22.7070488
          ],
          [
            114.3963135,
            22.706953
          ],
          [
            114.3963606,
            22.7068426
          ],
          [
            114.3964198,
            22.7066908
          ],
          [
            114.3965184,
            22.7064143
          ],
          [
            114.3965757,
            22.7062507
          ],
          [
            114.3966232,
            22.7060873
          ],
          [
            114.396669,
            22.7059281
          ],
          [
            114.3966727,
            22.7058906
          ],
          [
            114.3966951,
            22.7057597
          ],
          [
            114.396714,
            22.7056391
          ],
          [
            114.3967348,
            22.7053579
          ],
          [
            114.3967433,
            22.7044489
          ],
          [
            114.3967453,
            22.7043942
          ],
          [
            114.3967475,
            22.7043309
          ],
          [
            114.39675,
            22.7042615
          ]
        ]
      },
      "id": "way/595802783"
    },
    {
      "type": "Feature",
      "properties": {
        "@id": "way/600523938",
        "highway": "tertiary",
        "name": "龙海三路",
        "oneway": "yes"
      },
      "geometry": {
        "type": "LineString",
        "coordinates": [
          [
            114.4198923,
            22.7307947
          ],
          [
            114.4201858,
            22.7307958
          ],
          [
            114.4251113,
            22.7308146
          ]
        ]
      },
      "id": "way/600523938"
    },
    {
      "type": "Feature",
      "properties": {
        "@id": "way/600523939",
        "highway": "primary",
        "name": "西南大道",
        "oneway": "yes"
      },
      "geometry": {
        "type": "LineString",
        "coordinates": [
          [
            114.4190177,
            22.7309416
          ],
          [
            114.4181509,
            22.730943
          ],
          [
            114.4177873,
            22.7309349
          ],
          [
            114.4174587,
            22.7308902
          ],
          [
            114.4171589,
            22.7308163
          ],
          [
            114.4167661,
            22.7306743
          ],
          [
            114.4165484,
            22.7305712
          ],
          [
            114.4163059,
            22.7304043
          ],
          [
            114.4157562,
            22.7300209
          ],
          [
            114.4152814,
            22.7296684
          ],
          [
            114.4151803,
            22.7295911
          ],
          [
            114.4149208,
            22.7294047
          ],
          [
            114.4147404,
            22.729274
          ],
          [
            114.4135548,
            22.7284152
          ],
          [
            114.4114153,
            22.7268424
          ],
          [
            114.4104705,
            22.7261485
          ],
          [
            114.4077658,
            22.7241164
          ],
          [
            114.4073108,
            22.7237903
          ],
          [
            114.4069669,
            22.7235269
          ],
          [
            114.4067241,
            22.7232846
          ],
          [
            114.4064581,
            22.7230083
          ],
          [
            114.4062169,
            22.7226887
          ],
          [
            114.4060101,
            22.722398
          ],
          [
            114.4057003,
            22.7218366
          ],
          [
            114.405447,
            22.7213636
          ],
          [
            114.4054139,
            22.7213107
          ]
        ]
      },
      "id": "way/600523939"
    },
    {
      "type": "Feature",
      "properties": {
        "@id": "way/620205245",
        "highway": "primary",
        "name": "兰竹东路",
        "name:en": "Lanzhu East Road",
        "name:zh": "兰竹东路",
        "oneway": "yes"
      },
      "geometry": {
        "type": "LineString",
        "coordinates": [
          [
            114.3746523,
            22.7168048
          ],
          [
            114.37517,
            22.7169452
          ],
          [
            114.3777546,
            22.7177102
          ],
          [
            114.3781815,
            22.7177985
          ],
          [
            114.3783222,
            22.7178127
          ],
          [
            114.3785005,
            22.7178191
          ],
          [
            114.3785561,
            22.7178206
          ],
          [
            114.3787471,
            22.7178253
          ],
          [
            114.380897,
            22.7178825
          ],
          [
            114.3828278,
            22.7179336
          ],
          [
            114.3830788,
            22.7179402
          ],
          [
            114.3831277,
            22.7179415
          ],
          [
            114.3832871,
            22.7179458
          ],
          [
            114.3833764,
            22.7179481
          ],
          [
            114.3834453,
            22.7179499
          ],
          [
            114.3834932,
            22.7179512
          ],
          [
            114.3837656,
            22.7179584
          ],
          [
            114.3852928,
            22.7179988
          ],
          [
            114.3855519,
            22.7180057
          ],
          [
            114.3863939,
            22.718028
          ]
        ]
      },
      "id": "way/620205245"
    },
    {
      "type": "Feature",
      "properties": {
        "@id": "way/683517945",
        "alt_name": "237乡道",
        "alt_name_1": "石水线",
        "highway": "secondary",
        "name": "坪山金田路",
        "oneway": "yes",
        "ref": "Y237",
        "source": "bing"
      },
      "geometry": {
        "type": "LineString",
        "coordinates": [
          [
            114.3928577,
            22.6945813
          ],
          [
            114.3923881,
            22.6945067
          ],
          [
            114.3923194,
            22.6944958
          ],
          [
            114.3922182,
            22.6944797
          ],
          [
            114.3920729,
            22.6944566
          ],
          [
            114.3919973,
            22.6944446
          ],
          [
            114.3912891,
            22.6944225
          ],
          [
            114.3908497,
            22.6944424
          ],
          [
            114.3899898,
            22.6945187
          ],
          [
            114.3890893,
            22.6945987
          ],
          [
            114.3879548,
            22.6946994
          ],
          [
            114.3859824,
            22.6948773
          ],
          [
            114.3832391,
            22.6951248
          ],
          [
            114.3820845,
            22.6952289
          ],
          [
            114.3814408,
            22.6952883
          ],
          [
            114.3809473,
            22.6952982
          ],
          [
            114.3807561,
            22.6953053
          ],
          [
            114.3806319,
            22.6953099
          ],
          [
            114.3801033,
            22.6952253
          ]
        ]
      },
      "id": "way/683517945"
    },
    {
      "type": "Feature",
      "properties": {
        "@id": "way/683517946",
        "alt_name": "237乡道",
        "alt_name_1": "石水线",
        "bridge": "yes",
        "highway": "secondary",
        "layer": "1",
        "name": "上田头桥",
        "name:en": "Shangtiantou Bridge",
        "name:zh": "上田头桥",
        "oneway": "yes",
        "ref": "Y237",
        "surface": "asphalt"
      },
      "geometry": {
        "type": "LineString",
        "coordinates": [
          [
            114.3929759,
            22.6946001
          ],
          [
            114.3928577,
            22.6945813
          ]
        ]
      },
      "id": "way/683517946"
    },
    {
      "type": "Feature",
      "properties": {
        "@id": "way/683517951",
        "highway": "tertiary",
        "name": "上洋路"
      },
      "geometry": {
        "type": "LineString",
        "coordinates": [
          [
            114.4115287,
            22.7000033
          ],
          [
            114.4114878,
            22.700309
          ],
          [
            114.4114127,
            22.7007049
          ],
          [
            114.4113958,
            22.7008957
          ],
          [
            114.4113528,
            22.7015193
          ],
          [
            114.4113689,
            22.7016282
          ],
          [
            114.4114226,
            22.7017865
          ],
          [
            114.4116801,
            22.7024892
          ],
          [
            114.4117498,
            22.7027664
          ],
          [
            114.4117981,
            22.7031128
          ],
          [
            114.4118249,
            22.703479
          ],
          [
            114.4118088,
            22.7038304
          ],
          [
            114.4117444,
            22.7045578
          ],
          [
            114.4116908,
            22.7047261
          ],
          [
            114.4115728,
            22.704929
          ],
          [
            114.4114226,
            22.7050923
          ],
          [
            114.4112402,
            22.7052407
          ],
          [
            114.4101145,
            22.7059407
          ],
          [
            114.4100654,
            22.7059929
          ],
          [
            114.4100439,
            22.706087
          ],
          [
            114.4100493,
            22.7061711
          ]
        ]
      },
      "id": "way/683517951"
    },
    {
      "type": "Feature",
      "properties": {
        "@id": "way/683517952",
        "highway": "tertiary",
        "junction": "roundabout",
        "oneway": "yes"
      },
      "geometry": {
        "type": "LineString",
        "coordinates": [
          [
            114.4113099,
            22.6996596
          ],
          [
            114.4113605,
            22.699604
          ],
          [
            114.4114276,
            22.699566
          ],
          [
            114.4115042,
            22.6995495
          ],
          [
            114.411552,
            22.6995507
          ],
          [
            114.4115986,
            22.6995604
          ],
          [
            114.4116561,
            22.6995859
          ],
          [
            114.4117046,
            22.6996243
          ],
          [
            114.4117407,
            22.6996729
          ],
          [
            114.4117621,
            22.6997284
          ],
          [
            114.4117674,
            22.6997871
          ],
          [
            114.411756,
            22.6998451
          ],
          [
            114.4117223,
            22.6999075
          ],
          [
            114.4116697,
            22.6999576
          ],
          [
            114.411603,
            22.6999906
          ],
          [
            114.4115287,
            22.7000033
          ],
          [
            114.41146,
            22.6999963
          ],
          [
            114.4113962,
            22.6999719
          ],
          [
            114.4113422,
            22.6999322
          ],
          [
            114.4113022,
            22.6998801
          ],
          [
            114.4112852,
            22.6998409
          ],
          [
            114.4112763,
            22.6997995
          ],
          [
            114.4112808,
            22.699727
          ],
          [
            114.4113099,
            22.6996596
          ]
        ]
      },
      "id": "way/683517952"
    },
    {
      "type": "Feature",
      "properties": {
        "@id": "way/683517953",
        "alt_name": "237乡道",
        "alt_name_1": "石水线",
        "bridge": "yes",
        "highway": "secondary",
        "layer": "1",
        "name": "上田头桥",
        "name:en": "Shangtiantou Bridge",
        "name:zh": "上田头桥",
        "oneway": "yes",
        "ref": "Y237",
        "surface": "asphalt"
      },
      "geometry": {
        "type": "LineString",
        "coordinates": [
          [
            114.3928564,
            22.6944918
          ],
          [
            114.3929747,
            22.6945103
          ]
        ]
      },
      "id": "way/683517953"
    },
    {
      "type": "Feature",
      "properties": {
        "@id": "way/683517954",
        "alt_name": "237乡道",
        "alt_name_1": "石水线",
        "highway": "secondary",
        "name": "坪山金田路",
        "name:en": "Pingshan Jintian Road",
        "name:zh": "坪山金田路",
        "oneway": "yes",
        "ref": "Y237",
        "surface": "asphalt"
      },
      "geometry": {
        "type": "LineString",
        "coordinates": [
          [
            114.3963287,
            22.6950361
          ],
          [
            114.3964502,
            22.6950551
          ],
          [
            114.3965778,
            22.6950751
          ],
          [
            114.3966485,
            22.6950862
          ],
          [
            114.3973993,
            22.6952039
          ],
          [
            114.3979289,
            22.6952861
          ],
          [
            114.3983012,
            22.6953303
          ],
          [
            114.4001181,
            22.6954489
          ],
          [
            114.4005534,
            22.6954847
          ],
          [
            114.4009327,
            22.6955304
          ],
          [
            114.4014427,
            22.695646
          ],
          [
            114.4017387,
            22.6957385
          ],
          [
            114.4021134,
            22.6958761
          ],
          [
            114.4024325,
            22.69597
          ],
          [
            114.4027246,
            22.6960306
          ],
          [
            114.4029942,
            22.6960657
          ],
          [
            114.4033337,
            22.6960869
          ],
          [
            114.4037666,
            22.6960948
          ],
          [
            114.4048879,
            22.6961153
          ],
          [
            114.4051575,
            22.6961202
          ],
          [
            114.405205,
            22.6961211
          ],
          [
            114.4053151,
            22.6961231
          ]
        ]
      },
      "id": "way/683517954"
    },
    {
      "type": "Feature",
      "properties": {
        "@id": "way/683517960",
        "highway": "secondary",
        "name": "金牛东路",
        "name:en": "Jinniu East Road",
        "name:zh": "金牛东路",
        "oneway": "yes",
        "source": "bing"
      },
      "geometry": {
        "type": "LineString",
        "coordinates": [
          [
            114.3910131,
            22.7117873
          ],
          [
            114.3911831,
            22.7118345
          ],
          [
            114.3912513,
            22.7118535
          ],
          [
            114.3949476,
            22.7132434
          ],
          [
            114.3951807,
            22.7133243
          ],
          [
            114.3954332,
            22.7134036
          ],
          [
            114.3956935,
            22.7134752
          ],
          [
            114.3960034,
            22.71355
          ],
          [
            114.3960942,
            22.7135683
          ],
          [
            114.396185,
            22.7135866
          ],
          [
            114.3964077,
            22.7136228
          ],
          [
            114.3966468,
            22.7136526
          ],
          [
            114.3969306,
            22.7136799
          ],
          [
            114.3971957,
            22.7136974
          ],
          [
            114.397392,
            22.7137049
          ],
          [
            114.4000211,
            22.713733
          ],
          [
            114.4003798,
            22.7137368
          ],
          [
            114.4018636,
            22.7137527
          ],
          [
            114.4020673,
            22.7137569
          ],
          [
            114.4024746,
            22.713762
          ],
          [
            114.4025192,
            22.7137624
          ],
          [
            114.4028091,
            22.7138382
          ]
        ]
      },
      "id": "way/683517960"
    },
    {
      "type": "Feature",
      "properties": {
        "@id": "way/755244591",
        "highway": "residential",
        "source": "bing"
      },
      "geometry": {
        "type": "LineString",
        "coordinates": [
          [
            114.428046,
            22.697247
          ],
          [
            114.4282304,
            22.6967905
          ],
          [
            114.4286958,
            22.6966944
          ]
        ]
      },
      "id": "way/755244591"
    },
    {
      "type": "Feature",
      "properties": {
        "@id": "way/755244592",
        "highway": "secondary",
        "name": "Y237石水线连接线",
        "source": "bing"
      },
      "geometry": {
        "type": "LineString",
        "coordinates": [
          [
            114.4270985,
            22.7003992
          ],
          [
            114.4271083,
            22.7001162
          ],
          [
            114.4271355,
            22.699891
          ],
          [
            114.4272529,
            22.6995041
          ],
          [
            114.4279133,
            22.6976385
          ],
          [
            114.428046,
            22.697247
          ]
        ]
      },
      "id": "way/755244592"
    },
    {
      "type": "Feature",
      "properties": {
        "@id": "way/762394681",
        "destination": "南坪快速(东);深圳外环高速",
        "destination:ref": "S301;S86",
        "highway": "trunk_link",
        "lane_markings": "yes",
        "oneway": "yes"
      },
      "geometry": {
        "type": "LineString",
        "coordinates": [
          [
            114.3790332,
            22.6867919
          ],
          [
            114.379162,
            22.6868695
          ],
          [
            114.3795734,
            22.687072
          ],
          [
            114.3799107,
            22.6872272
          ],
          [
            114.3807018,
            22.6874681
          ],
          [
            114.3831082,
            22.6882829
          ],
          [
            114.3835942,
            22.6885093
          ]
        ]
      },
      "id": "way/762394681"
    },
    {
      "type": "Feature",
      "properties": {
        "@id": "way/762394684",
        "highway": "trunk",
        "name": "南坪快速",
        "name:en": "Nantou-Pingshan Expressway",
        "name:zh": "南坪快速",
        "name:zh-Hans": "南坪快速",
        "oneway": "yes"
      },
      "geometry": {
        "type": "LineString",
        "coordinates": [
          [
            114.4017123,
            22.6918612
          ],
          [
            114.402378,
            22.6919322
          ],
          [
            114.4034096,
            22.6920922
          ],
          [
            114.4038677,
            22.6922132
          ],
          [
            114.4042297,
            22.6923655
          ],
          [
            114.4047555,
            22.6926862
          ],
          [
            114.4051898,
            22.6931107
          ],
          [
            114.4055043,
            22.6936247
          ],
          [
            114.4056989,
            22.6941108
          ],
          [
            114.4057843,
            22.6945643
          ],
          [
            114.4057936,
            22.6948949
          ],
          [
            114.4057969,
            22.6950125
          ],
          [
            114.4057712,
            22.6953303
          ]
        ]
      },
      "id": "way/762394684"
    },
    {
      "type": "Feature",
      "properties": {
        "@id": "way/762394685",
        "highway": "trunk",
        "lane_markings": "yes",
        "name": "南坪快速",
        "name:en": "Nantou-Pingshan Expressway",
        "name:zh": "南坪快速",
        "name:zh-Hans": "南坪快速",
        "oneway": "yes",
        "surface": "asphalt"
      },
      "geometry": {
        "type": "LineString",
        "coordinates": [
          [
            114.4017199,
            22.6920209
          ],
          [
            114.4001589,
            22.6918762
          ],
          [
            114.3974779,
            22.6917339
          ],
          [
            114.3959963,
            22.6916891
          ],
          [
            114.3942701,
            22.691588
          ],
          [
            114.3941256,
            22.6915828
          ],
          [
            114.3935133,
            22.6915531
          ],
          [
            114.3931346,
            22.6915413
          ],
          [
            114.3930965,
            22.6915401
          ],
          [
            114.392495,
            22.6915214
          ],
          [
            114.3912183,
            22.6914554
          ],
          [
            114.3905868,
            22.6913798
          ],
          [
            114.3901597,
            22.6913236
          ],
          [
            114.3898306,
            22.691249
          ],
          [
            114.3894943,
            22.6911741
          ],
          [
            114.389096,
            22.6910797
          ],
          [
            114.3886781,
            22.690938
          ],
          [
            114.3883861,
            22.6908211
          ],
          [
            114.388108,
            22.6907201
          ],
          [
            114.3878868,
            22.6906373
          ],
          [
            114.387563,
            22.6904837
          ],
          [
            114.3872886,
            22.6903601
          ],
          [
            114.3868335,
            22.6901457
          ],
          [
            114.3865774,
            22.6900098
          ],
          [
            114.3864849,
            22.6899607
          ],
          [
            114.3861562,
            22.6897787
          ],
          [
            114.3846185,
            22.6890718
          ]
        ]
      },
      "id": "way/762394685"
    },
    {
      "type": "Feature",
      "properties": {
        "@id": "way/762394701",
        "highway": "trunk",
        "name": "南坪快速",
        "name:en": "Nantou-Pingshan Expressway",
        "name:zh": "南坪快速",
        "name:zh-Hans": "南坪快速",
        "oneway": "yes"
      },
      "geometry": {
        "type": "LineString",
        "coordinates": [
          [
            114.40553,
            22.6953644
          ],
          [
            114.4055757,
            22.6950924
          ],
          [
            114.4056023,
            22.6948609
          ],
          [
            114.4055997,
            22.6946291
          ],
          [
            114.4055656,
            22.6944277
          ],
          [
            114.4054945,
            22.6941097
          ],
          [
            114.4053446,
            22.6936739
          ],
          [
            114.4049918,
            22.6931414
          ],
          [
            114.4045792,
            22.6927631
          ],
          [
            114.4041269,
            22.6925017
          ],
          [
            114.4037924,
            22.6923685
          ],
          [
            114.4032782,
            22.6922219
          ],
          [
            114.4023681,
            22.6920878
          ],
          [
            114.4017199,
            22.6920209
          ]
        ]
      },
      "id": "way/762394701"
    },
    {
      "type": "Feature",
      "properties": {
        "@id": "way/762394711",
        "highway": "residential"
      },
      "geometry": {
        "type": "LineString",
        "coordinates": [
          [
            114.4028091,
            22.7138382
          ],
          [
            114.4028456,
            22.7139102
          ],
          [
            114.4029049,
            22.7139586
          ],
          [
            114.4029493,
            22.7139765
          ],
          [
            114.403012,
            22.7139892
          ],
          [
            114.4033318,
            22.7140099
          ],
          [
            114.4034634,
            22.7140237
          ],
          [
            114.4035782,
            22.7140531
          ],
          [
            114.4036735,
            22.7141134
          ],
          [
            114.4037626,
            22.7142529
          ],
          [
            114.4038347,
            22.7143299
          ],
          [
            114.403955,
            22.7144082
          ],
          [
            114.4046405,
            22.7147085
          ],
          [
            114.4047651,
            22.7147806
          ],
          [
            114.4048706,
            22.7148548
          ],
          [
            114.4050593,
            22.7150754
          ],
          [
            114.4051389,
            22.7151489
          ],
          [
            114.4052311,
            22.7152096
          ]
        ]
      },
      "id": "way/762394711"
    },
    {
      "type": "Feature",
      "properties": {
        "@id": "way/762394716",
        "alt_name": "237乡道",
        "alt_name_1": "石水线",
        "highway": "secondary",
        "name": "坪山金田路",
        "oneway": "yes",
        "ref": "Y237",
        "source": "bing"
      },
      "geometry": {
        "type": "LineString",
        "coordinates": [
          [
            114.3801162,
            22.6951518
          ],
          [
            114.3804467,
            22.6952109
          ],
          [
            114.3806142,
            22.6952408
          ],
          [
            114.3814615,
            22.695227
          ],
          [
            114.3857775,
            22.6948002
          ],
          [
            114.3878534,
            22.6946274
          ],
          [
            114.3900056,
            22.6944193
          ],
          [
            114.3912724,
            22.6943199
          ],
          [
            114.3920055,
            22.6943584
          ],
          [
            114.3920898,
            22.6943716
          ],
          [
            114.3922409,
            22.6943953
          ],
          [
            114.3923362,
            22.6944102
          ],
          [
            114.3924056,
            22.6944211
          ],
          [
            114.3928564,
            22.6944918
          ]
        ]
      },
      "id": "way/762394716"
    },
    {
      "type": "Feature",
      "properties": {
        "@id": "way/762571197",
        "highway": "secondary",
        "name": "比亚迪路",
        "name:en": "Biyadi Road",
        "name:zh": "比亚迪路",
        "oneway": "yes"
      },
      "geometry": {
        "type": "LineString",
        "coordinates": [
          [
            114.3835746,
            22.689296
          ],
          [
            114.3833426,
            22.6893262
          ],
          [
            114.3831714,
            22.6893485
          ],
          [
            114.3825932,
            22.6894245
          ],
          [
            114.38208,
            22.6895066
          ],
          [
            114.3812907,
            22.6896304
          ],
          [
            114.3807136,
            22.6897282
          ]
        ]
      },
      "id": "way/762571197"
    },
    {
      "type": "Feature",
      "properties": {
        "@id": "way/775683593",
        "highway": "tertiary",
        "name": "石水线",
        "name:en": "Shijing-Shuizukeng Highway",
        "name:zh": "石水线",
        "ref": "Y237",
        "surface": "concrete",
        "width": "3"
      },
      "geometry": {
        "type": "LineString",
        "coordinates": [
          [
            114.4291095,
            22.6977536
          ],
          [
            114.4287218,
            22.6976094
          ],
          [
            114.4285904,
            22.6975162
          ],
          [
            114.4283239,
            22.6973096
          ],
          [
            114.4282209,
            22.6972592
          ],
          [
            114.428046,
            22.697247
          ]
        ]
      },
      "id": "way/775683593"
    },
    {
      "type": "Feature",
      "properties": {
        "@id": "way/776922477",
        "highway": "residential",
        "name": "对面喊路"
      },
      "geometry": {
        "type": "LineString",
        "coordinates": [
          [
            114.411756,
            22.6998451
          ],
          [
            114.4127394,
            22.6998918
          ],
          [
            114.4128598,
            22.6999048
          ],
          [
            114.4129728,
            22.6999307
          ],
          [
            114.4131562,
            22.6999997
          ],
          [
            114.4132639,
            22.7000367
          ],
          [
            114.4133495,
            22.7000537
          ],
          [
            114.4134176,
            22.7000606
          ],
          [
            114.4134933,
            22.700053
          ],
          [
            114.4137765,
            22.6999558
          ],
          [
            114.4138849,
            22.6999346
          ],
          [
            114.4140002,
            22.6999334
          ],
          [
            114.4144857,
            22.7000049
          ],
          [
            114.414762,
            22.7001316
          ],
          [
            114.4155784,
            22.7001928
          ]
        ]
      },
      "id": "way/776922477"
    },
    {
      "type": "Feature",
      "properties": {
        "@id": "way/781672587",
        "alt_name": "242乡道",
        "alt_name_1": "松石线",
        "highway": "tertiary",
        "name": "松石线",
        "ref": "Y242"
      },
      "geometry": {
        "type": "LineString",
        "coordinates": [
          [
            114.3806897,
            22.7052455
          ],
          [
            114.3808899,
            22.7054648
          ],
          [
            114.3817634,
            22.7064216
          ],
          [
            114.3828079,
            22.7071391
          ],
          [
            114.3832278,
            22.707352
          ],
          [
            114.3845517,
            22.7079791
          ],
          [
            114.3848616,
            22.7081091
          ],
          [
            114.3849369,
            22.7081398
          ]
        ]
      },
      "id": "way/781672587"
    },
    {
      "type": "Feature",
      "properties": {
        "@id": "way/781672596",
        "highway": "unclassified",
        "lane_markings": "no",
        "name": "鸿景路",
        "surface": "concrete"
      },
      "geometry": {
        "type": "LineString",
        "coordinates": [
          [
            114.3885963,
            22.7113957
          ],
          [
            114.3885764,
            22.7099898
          ],
          [
            114.3889813,
            22.7082828
          ]
        ]
      },
      "id": "way/781672596"
    },
    {
      "type": "Feature",
      "properties": {
        "@id": "way/782961737",
        "highway": "tertiary",
        "name": "临惠路",
        "oneway": "yes"
      },
      "geometry": {
        "type": "LineString",
        "coordinates": [
          [
            114.4016964,
            22.7358988
          ],
          [
            114.3997373,
            22.7345148
          ],
          [
            114.3981201,
            22.733409
          ],
          [
            114.39669,
            22.7324646
          ],
          [
            114.3965591,
            22.7323781
          ],
          [
            114.3964811,
            22.7323266
          ],
          [
            114.3963087,
            22.73214
          ]
        ]
      },
      "id": "way/782961737"
    },
    {
      "type": "Feature",
      "properties": {
        "@id": "way/817481795",
        "highway": "tertiary",
        "name": "龙海三路",
        "oneway": "yes"
      },
      "geometry": {
        "type": "LineString",
        "coordinates": [
          [
            114.4265741,
            22.7308149
          ],
          [
            114.4280217,
            22.7308095
          ],
          [
            114.4286501,
            22.730807
          ],
          [
            114.4293902,
            22.7308041
          ],
          [
            114.4317792,
            22.7308149
          ],
          [
            114.432116,
            22.7308091
          ]
        ]
      },
      "id": "way/817481795"
    },
    {
      "type": "Feature",
      "properties": {
        "@id": "way/817481796",
        "bridge": "yes",
        "highway": "tertiary",
        "layer": "1",
        "name": "龙海三路",
        "oneway": "yes"
      },
      "geometry": {
        "type": "LineString",
        "coordinates": [
          [
            114.4266428,
            22.7309497
          ],
          [
            114.4251779,
            22.7309521
          ]
        ]
      },
      "id": "way/817481796"
    },
    {
      "type": "Feature",
      "properties": {
        "@id": "way/817481797",
        "highway": "tertiary",
        "name": "龙海三路",
        "oneway": "yes"
      },
      "geometry": {
        "type": "LineString",
        "coordinates": [
          [
            114.4251779,
            22.7309521
          ],
          [
            114.4245664,
            22.7309502
          ],
          [
            114.424309,
            22.7309494
          ],
          [
            114.4240051,
            22.7309493
          ],
          [
            114.4201972,
            22.7309482
          ],
          [
            114.4199937,
            22.7309485
          ]
        ]
      },
      "id": "way/817481797"
    },
    {
      "type": "Feature",
      "properties": {
        "@id": "way/817481798",
        "bridge": "yes",
        "highway": "tertiary",
        "layer": "1",
        "name": "龙海三路",
        "oneway": "yes"
      },
      "geometry": {
        "type": "LineString",
        "coordinates": [
          [
            114.4251113,
            22.7308146
          ],
          [
            114.4265741,
            22.7308149
          ]
        ]
      },
      "id": "way/817481798"
    },
    {
      "type": "Feature",
      "properties": {
        "@id": "way/821874814",
        "highway": "unclassified",
        "name": "三小西路",
        "oneway": "yes"
      },
      "geometry": {
        "type": "LineString",
        "coordinates": [
          [
            114.4354255,
            22.734343
          ],
          [
            114.4353891,
            22.7342454
          ],
          [
            114.4353471,
            22.7341764
          ],
          [
            114.4352844,
            22.7341071
          ],
          [
            114.4352304,
            22.7340711
          ],
          [
            114.4351365,
            22.7340332
          ],
          [
            114.4350117,
            22.7340175
          ],
          [
            114.4339876,
            22.734021
          ],
          [
            114.4330636,
            22.7340233
          ],
          [
            114.432899,
            22.7340218
          ],
          [
            114.4327186,
            22.7340201
          ],
          [
            114.4318487,
            22.7340275
          ],
          [
            114.4315558,
            22.7340217
          ],
          [
            114.4313202,
            22.7340075
          ],
          [
            114.4309975,
            22.7339745
          ],
          [
            114.4307661,
            22.733932
          ],
          [
            114.4305724,
            22.7338965
          ],
          [
            114.4301986,
            22.7338138
          ],
          [
            114.4297863,
            22.7336745
          ],
          [
            114.4295251,
            22.7335517
          ],
          [
            114.4292306,
            22.7334076
          ],
          [
            114.4289821,
            22.7332615
          ],
          [
            114.4285548,
            22.7329574
          ],
          [
            114.4279615,
            22.7324261
          ],
          [
            114.4269413,
            22.731509
          ],
          [
            114.4268528,
            22.7314269
          ],
          [
            114.4267899,
            22.7313685
          ],
          [
            114.4267196,
            22.7312436
          ],
          [
            114.4268301,
            22.7313354
          ],
          [
            114.4268914,
            22.7313926
          ],
          [
            114.4269873,
            22.731482
          ]
        ]
      },
      "id": "way/821874814"
    },
    {
      "type": "Feature",
      "properties": {
        "@id": "way/821874817",
        "highway": "unclassified",
        "name": "三小西路",
        "oneway": "yes"
      },
      "geometry": {
        "type": "LineString",
        "coordinates": [
          [
            114.4269873,
            22.731482
          ],
          [
            114.4280043,
            22.7323913
          ],
          [
            114.4285872,
            22.7329182
          ],
          [
            114.4290096,
            22.733219
          ],
          [
            114.429258,
            22.7333623
          ],
          [
            114.4295502,
            22.7335041
          ],
          [
            114.429807,
            22.7336163
          ],
          [
            114.4302193,
            22.7337488
          ],
          [
            114.4305707,
            22.7338313
          ],
          [
            114.4307293,
            22.7338598
          ],
          [
            114.4310049,
            22.7339092
          ],
          [
            114.4315607,
            22.7339529
          ],
          [
            114.4318506,
            22.7339577
          ],
          [
            114.432722,
            22.7339506
          ],
          [
            114.4328987,
            22.7339502
          ],
          [
            114.4330639,
            22.7339528
          ],
          [
            114.4350136,
            22.7339563
          ],
          [
            114.4351428,
            22.7339438
          ],
          [
            114.435258,
            22.7338832
          ],
          [
            114.4353582,
            22.7337457
          ],
          [
            114.4354092,
            22.7336462
          ]
        ]
      },
      "id": "way/821874817"
    },
    {
      "type": "Feature",
      "properties": {
        "@id": "way/821874852",
        "bridge": "yes",
        "highway": "unclassified",
        "layer": "1",
        "name": "兰和路"
      },
      "geometry": {
        "type": "LineString",
        "coordinates": [
          [
            114.3967833,
            22.7216428
          ],
          [
            114.3973206,
            22.721969
          ]
        ]
      },
      "id": "way/821874852"
    },
    {
      "type": "Feature",
      "properties": {
        "@id": "way/821874853",
        "highway": "unclassified",
        "name": "兰和路"
      },
      "geometry": {
        "type": "LineString",
        "coordinates": [
          [
            114.3973206,
            22.721969
          ],
          [
            114.397559,
            22.7220782
          ]
        ]
      },
      "id": "way/821874853"
    },
    {
      "type": "Feature",
      "properties": {
        "@id": "way/822150593",
        "highway": "unclassified",
        "name": "竹坑路"
      },
      "geometry": {
        "type": "LineString",
        "coordinates": [
          [
            114.3851495,
            22.7093804
          ],
          [
            114.3855102,
            22.7094273
          ],
          [
            114.385858,
            22.7096326
          ],
          [
            114.386566,
            22.7098592
          ],
          [
            114.3868485,
            22.709893
          ],
          [
            114.3870862,
            22.7099214
          ],
          [
            114.3883253,
            22.7099783
          ]
        ]
      },
      "id": "way/822150593"
    },
    {
      "type": "Feature",
      "properties": {
        "@id": "way/822150595",
        "highway": "residential",
        "name": "竹园路"
      },
      "geometry": {
        "type": "LineString",
        "coordinates": [
          [
            114.3995653,
            22.7108943
          ],
          [
            114.3996673,
            22.7109066
          ],
          [
            114.3997745,
            22.7109311
          ],
          [
            114.3998669,
            22.710982
          ],
          [
            114.3999309,
            22.7110432
          ],
          [
            114.3999817,
            22.7111278
          ],
          [
            114.4000129,
            22.7112161
          ],
          [
            114.4000288,
            22.7113144
          ],
          [
            114.4000167,
            22.712209
          ],
          [
            114.4000211,
            22.713733
          ]
        ]
      },
      "id": "way/822150595"
    },
    {
      "type": "Feature",
      "properties": {
        "@id": "way/822150596",
        "highway": "residential",
        "lanes": "2",
        "name": "金兰路",
        "name:en": "Jinlan Road",
        "name:zh": "金兰路",
        "oneway": "no"
      },
      "geometry": {
        "type": "LineString",
        "coordinates": [
          [
            114.3961317,
            22.7133829
          ],
          [
            114.3958666,
            22.7123683
          ],
          [
            114.3958568,
            22.7123015
          ],
          [
            114.395866,
            22.712239
          ],
          [
            114.3958893,
            22.7121728
          ],
          [
            114.3959257,
            22.7121035
          ],
          [
            114.3960339,
            22.711931
          ]
        ]
      },
      "id": "way/822150596"
    },
    {
      "type": "Feature",
      "properties": {
        "@id": "way/822150597",
        "highway": "tertiary",
        "lanes": "2",
        "name": "金兰路",
        "name:en": "Jinlan Road",
        "name:zh": "金兰路",
        "oneway": "no"
      },
      "geometry": {
        "type": "LineString",
        "coordinates": [
          [
            114.396047,
            22.7138665
          ],
          [
            114.3960222,
            22.7152851
          ],
          [
            114.3960155,
            22.7156657
          ],
          [
            114.3959746,
            22.7180057
          ],
          [
            114.3959837,
            22.7182806
          ]
        ]
      },
      "id": "way/822150597"
    },
    {
      "type": "Feature",
      "properties": {
        "@id": "way/822150598",
        "highway": "unclassified",
        "name": "科新路"
      },
      "geometry": {
        "type": "LineString",
        "coordinates": [
          [
            114.3989806,
            22.7157214
          ],
          [
            114.3986066,
            22.7169027
          ],
          [
            114.3985375,
            22.7172927
          ],
          [
            114.3984658,
            22.7183426
          ]
        ]
      },
      "id": "way/822150598"
    },
    {
      "type": "Feature",
      "properties": {
        "@id": "way/822150602",
        "highway": "unclassified",
        "name": "翠景路"
      },
      "geometry": {
        "type": "LineString",
        "coordinates": [
          [
            114.3862343,
            22.7113323
          ],
          [
            114.3868485,
            22.709893
          ]
        ]
      },
      "id": "way/822150602"
    },
    {
      "type": "Feature",
      "properties": {
        "@id": "way/822150603",
        "highway": "residential",
        "oneway": "no"
      },
      "geometry": {
        "type": "LineString",
        "coordinates": [
          [
            114.3926932,
            22.7090263
          ],
          [
            114.3921909,
            22.7091305
          ],
          [
            114.3920336,
            22.7091793
          ],
          [
            114.3918834,
            22.7092384
          ],
          [
            114.391767,
            22.7093203
          ],
          [
            114.3916544,
            22.709428
          ],
          [
            114.3915724,
            22.7094166
          ],
          [
            114.3915284,
            22.7094105
          ],
          [
            114.3914512,
            22.7093997
          ],
          [
            114.3913082,
            22.7093799
          ]
        ]
      },
      "id": "way/822150603"
    },
    {
      "type": "Feature",
      "properties": {
        "@id": "way/822150604",
        "highway": "residential",
        "name": "坪河北路"
      },
      "geometry": {
        "type": "LineString",
        "coordinates": [
          [
            114.3926932,
            22.7090263
          ],
          [
            114.3933044,
            22.7093635
          ],
          [
            114.3935024,
            22.7094995
          ],
          [
            114.3939021,
            22.7097355
          ],
          [
            114.3943048,
            22.7099944
          ],
          [
            114.3952979,
            22.7105266
          ],
          [
            114.3959955,
            22.710736
          ],
          [
            114.3962817,
            22.7107887
          ],
          [
            114.3963366,
            22.7107924
          ],
          [
            114.3976177,
            22.7108546
          ],
          [
            114.3983752,
            22.7108914
          ],
          [
            114.3984952,
            22.7108952
          ],
          [
            114.3995653,
            22.7108943
          ]
        ]
      },
      "id": "way/822150604"
    },
    {
      "type": "Feature",
      "properties": {
        "@id": "way/822150605",
        "highway": "residential",
        "name": "坪河北路"
      },
      "geometry": {
        "type": "LineString",
        "coordinates": [
          [
            114.3902562,
            22.708473
          ],
          [
            114.3907068,
            22.7085041
          ],
          [
            114.3911782,
            22.7085676
          ],
          [
            114.3915732,
            22.7086502
          ],
          [
            114.3917205,
            22.708692
          ],
          [
            114.3918605,
            22.7087318
          ],
          [
            114.3921484,
            22.7088135
          ],
          [
            114.392417,
            22.7089057
          ],
          [
            114.3926932,
            22.7090263
          ]
        ]
      },
      "id": "way/822150605"
    },
    {
      "type": "Feature",
      "properties": {
        "@id": "way/831231575",
        "highway": "tertiary",
        "name": "杜岗路"
      },
      "geometry": {
        "type": "LineString",
        "coordinates": [
          [
            114.4039847,
            22.7087033
          ],
          [
            114.4039124,
            22.7087065
          ],
          [
            114.4035281,
            22.7087236
          ],
          [
            114.4033255,
            22.7086972
          ],
          [
            114.4031761,
            22.7086762
          ],
          [
            114.4029367,
            22.7086363
          ]
        ]
      },
      "id": "way/831231575"
    },
    {
      "type": "Feature",
      "properties": {
        "@id": "way/831231576",
        "bridge": "yes",
        "highway": "tertiary",
        "layer": "1",
        "name": "杜岗路"
      },
      "geometry": {
        "type": "LineString",
        "coordinates": [
          [
            114.404544,
            22.7086307
          ],
          [
            114.4039847,
            22.7087033
          ]
        ]
      },
      "id": "way/831231576"
    },
    {
      "type": "Feature",
      "properties": {
        "@id": "way/831231579",
        "alt_name": "横坪一级公路",
        "bridge": "yes",
        "highway": "secondary",
        "layer": "1",
        "name": "田头河小桥",
        "oneway": "yes",
        "start_date": "2021-07-30"
      },
      "geometry": {
        "type": "LineString",
        "coordinates": [
          [
            114.4032269,
            22.7012347
          ],
          [
            114.4033291,
            22.7009765
          ]
        ]
      },
      "id": "way/831231579"
    },
    {
      "type": "Feature",
      "properties": {
        "@id": "way/831231580",
        "alt_name": "横坪一级公路",
        "highway": "secondary",
        "name": "聚龙路",
        "oneway": "yes",
        "start_date": "2021-07-30"
      },
      "geometry": {
        "type": "LineString",
        "coordinates": [
          [
            114.4033291,
            22.7009765
          ],
          [
            114.4033332,
            22.7008873
          ],
          [
            114.4033535,
            22.7008387
          ],
          [
            114.4033943,
            22.7007412
          ],
          [
            114.403435,
            22.700644
          ],
          [
            114.4034719,
            22.700556
          ],
          [
            114.4034881,
            22.7005171
          ],
          [
            114.4035763,
            22.7003067
          ],
          [
            114.4036672,
            22.7000895
          ],
          [
            114.4051426,
            22.6965657
          ],
          [
            114.4052296,
            22.6963579
          ],
          [
            114.4052449,
            22.6963159
          ],
          [
            114.4052869,
            22.6962005
          ],
          [
            114.4053151,
            22.6961231
          ],
          [
            114.4053834,
            22.6959357
          ],
          [
            114.405432,
            22.695771
          ],
          [
            114.4054701,
            22.6956419
          ],
          [
            114.40553,
            22.6953644
          ]
        ]
      },
      "id": "way/831231580"
    },
    {
      "type": "Feature",
      "properties": {
        "@id": "way/831231581",
        "alt_name": "横坪一级公路",
        "bridge": "yes",
        "highway": "secondary",
        "layer": "1",
        "name": "田头河小桥",
        "oneway": "yes",
        "start_date": "2021-07-30"
      },
      "geometry": {
        "type": "LineString",
        "coordinates": [
          [
            114.4035772,
            22.7009496
          ],
          [
            114.4034734,
            22.7011917
          ]
        ]
      },
      "id": "way/831231581"
    },
    {
      "type": "Feature",
      "properties": {
        "@id": "way/831231582",
        "alt_name": "横坪一级公路",
        "highway": "secondary",
        "name": "聚龙路",
        "oneway": "yes",
        "start_date": "2021-07-30"
      },
      "geometry": {
        "type": "LineString",
        "coordinates": [
          [
            114.4034734,
            22.7011917
          ],
          [
            114.4032128,
            22.7019555
          ],
          [
            114.4031045,
            22.7024091
          ],
          [
            114.4030319,
            22.702745
          ],
          [
            114.4029546,
            22.7034746
          ],
          [
            114.4029432,
            22.7044094
          ],
          [
            114.403038,
            22.70554
          ],
          [
            114.4032267,
            22.7080985
          ],
          [
            114.4031849,
            22.7085323
          ],
          [
            114.4031761,
            22.7086762
          ],
          [
            114.4031596,
            22.7089381
          ]
        ]
      },
      "id": "way/831231582"
    },
    {
      "type": "Feature",
      "properties": {
        "@id": "way/831231585",
        "alt_name": "横坪一级公路",
        "highway": "secondary",
        "name": "聚龙路",
        "oneway": "yes",
        "start_date": "2021-07-30"
      },
      "geometry": {
        "type": "LineString",
        "coordinates": [
          [
            114.4028699,
            22.7088828
          ],
          [
            114.4029326,
            22.7088063
          ],
          [
            114.4029367,
            22.7086363
          ],
          [
            114.4029327,
            22.7080835
          ],
          [
            114.4028987,
            22.7069746
          ],
          [
            114.4028067,
            22.7053958
          ],
          [
            114.4027297,
            22.7044002
          ],
          [
            114.4027319,
            22.7043116
          ],
          [
            114.4027521,
            22.7034813
          ],
          [
            114.4028352,
            22.7027256
          ],
          [
            114.4030124,
            22.7019438
          ],
          [
            114.4032269,
            22.7012347
          ]
        ]
      },
      "id": "way/831231585"
    },
    {
      "type": "Feature",
      "properties": {
        "@id": "way/831231586",
        "alt_name": "横坪一级公路",
        "bridge": "yes",
        "highway": "secondary",
        "layer": "1",
        "name": "坪山河大桥",
        "oneway": "yes",
        "start_date": "2021-07-30"
      },
      "geometry": {
        "type": "LineString",
        "coordinates": [
          [
            114.4025454,
            22.713114
          ],
          [
            114.4026681,
            22.7110883
          ],
          [
            114.4027128,
            22.7105413
          ],
          [
            114.4027649,
            22.7099874
          ],
          [
            114.4028277,
            22.709356
          ],
          [
            114.4028699,
            22.7088828
          ]
        ]
      },
      "id": "way/831231586"
    },
    {
      "type": "Feature",
      "properties": {
        "@id": "way/831231587",
        "alt_name": "横坪一级公路",
        "highway": "secondary",
        "name": "聚龙路",
        "oneway": "yes",
        "start_date": "2021-07-30"
      },
      "geometry": {
        "type": "LineString",
        "coordinates": [
          [
            114.4028363,
            22.7131618
          ],
          [
            114.4028183,
            22.7136024
          ],
          [
            114.4028166,
            22.7136461
          ],
          [
            114.4028091,
            22.7138382
          ],
          [
            114.4028014,
            22.7140362
          ],
          [
            114.4027839,
            22.7143106
          ],
          [
            114.4026009,
            22.7159103
          ],
          [
            114.4025882,
            22.716174
          ],
          [
            114.4025148,
            22.7170056
          ],
          [
            114.4023468,
            22.7177438
          ],
          [
            114.4023094,
            22.717908
          ],
          [
            114.4022872,
            22.7179878
          ],
          [
            114.4021991,
            22.7183039
          ],
          [
            114.4021657,
            22.7184235
          ],
          [
            114.4021263,
            22.7185544
          ],
          [
            114.4019869,
            22.7189322
          ],
          [
            114.401876,
            22.7192327
          ],
          [
            114.4010837,
            22.7206955
          ],
          [
            114.4001019,
            22.7222429
          ],
          [
            114.3985938,
            22.724679
          ],
          [
            114.398195,
            22.7254929
          ],
          [
            114.3981354,
            22.7256768
          ],
          [
            114.3977589,
            22.7269687
          ],
          [
            114.3977225,
            22.7271417
          ],
          [
            114.3974812,
            22.7282871
          ],
          [
            114.3971713,
            22.7304507
          ],
          [
            114.3966671,
            22.7319982
          ],
          [
            114.3965977,
            22.7321376
          ],
          [
            114.3965601,
            22.7322131
          ],
          [
            114.3964811,
            22.7323266
          ],
          [
            114.3963554,
            22.73253
          ],
          [
            114.3959403,
            22.7332019
          ],
          [
            114.3956908,
            22.7335514
          ],
          [
            114.3942271,
            22.7351522
          ],
          [
            114.3931185,
            22.7364238
          ],
          [
            114.3906394,
            22.7385691
          ],
          [
            114.3902443,
            22.7389506
          ],
          [
            114.3900745,
            22.7391132
          ],
          [
            114.3900437,
            22.7391428
          ],
          [
            114.3899601,
            22.7392631
          ]
        ]
      },
      "id": "way/831231587"
    },
    {
      "type": "Feature",
      "properties": {
        "@id": "way/831231588",
        "alt_name": "横坪一级公路",
        "bridge": "yes",
        "highway": "secondary",
        "layer": "1",
        "name": "坪山河大桥",
        "oneway": "yes",
        "start_date": "2021-07-30"
      },
      "geometry": {
        "type": "LineString",
        "coordinates": [
          [
            114.4031596,
            22.7089381
          ],
          [
            114.4030956,
            22.7096529
          ],
          [
            114.4030316,
            22.7102869
          ],
          [
            114.402977,
            22.710833
          ],
          [
            114.4029375,
            22.711379
          ],
          [
            114.4028363,
            22.7131618
          ]
        ]
      },
      "id": "way/831231588"
    },
    {
      "type": "Feature",
      "properties": {
        "@id": "way/831231591",
        "alt_name": "横坪一级公路",
        "highway": "secondary",
        "name": "聚龙路",
        "oneway": "yes",
        "start_date": "2021-07-30"
      },
      "geometry": {
        "type": "LineString",
        "coordinates": [
          [
            114.3892915,
            22.7390146
          ],
          [
            114.3893894,
            22.738891
          ],
          [
            114.3895859,
            22.7386818
          ],
          [
            114.3902414,
            22.7379843
          ],
          [
            114.3910833,
            22.7371799
          ],
          [
            114.3920613,
            22.7363548
          ],
          [
            114.3922622,
            22.7361819
          ],
          [
            114.3940466,
            22.7349824
          ],
          [
            114.3944437,
            22.7346373
          ],
          [
            114.3955274,
            22.7334397
          ],
          [
            114.3957282,
            22.7331469
          ],
          [
            114.3962472,
            22.7322467
          ],
          [
            114.3963087,
            22.73214
          ],
          [
            114.3965422,
            22.7316897
          ],
          [
            114.3969727,
            22.7304008
          ],
          [
            114.3972809,
            22.7282458
          ],
          [
            114.3975643,
            22.7269478
          ],
          [
            114.3978827,
            22.725826
          ],
          [
            114.3979242,
            22.7256589
          ],
          [
            114.3979547,
            22.7255692
          ]
        ]
      },
      "id": "way/831231591"
    },
    {
      "type": "Feature",
      "properties": {
        "@id": "way/832115587",
        "alt_name": "237乡道",
        "alt_name_1": "石水线",
        "highway": "secondary",
        "name": "坪山金田路",
        "name:en": "Pingshan Jintian Road",
        "name:zh": "坪山金田路",
        "oneway": "yes",
        "ref": "Y237",
        "surface": "asphalt"
      },
      "geometry": {
        "type": "LineString",
        "coordinates": [
          [
            114.4052869,
            22.6962005
          ],
          [
            114.4051688,
            22.6961987
          ],
          [
            114.4051306,
            22.6961982
          ],
          [
            114.4048581,
            22.6961942
          ],
          [
            114.4033297,
            22.6961719
          ],
          [
            114.4029875,
            22.6961528
          ],
          [
            114.4027265,
            22.6961193
          ],
          [
            114.4025343,
            22.6960841
          ],
          [
            114.4023432,
            22.6960362
          ],
          [
            114.4020786,
            22.6959596
          ],
          [
            114.4017145,
            22.695826
          ],
          [
            114.4014092,
            22.6957317
          ],
          [
            114.4009194,
            22.6956164
          ],
          [
            114.4005737,
            22.69557
          ],
          [
            114.4001013,
            22.6955396
          ],
          [
            114.3983293,
            22.6954245
          ],
          [
            114.3980056,
            22.6953912
          ],
          [
            114.397414,
            22.6953051
          ],
          [
            114.3968293,
            22.6952122
          ]
        ]
      },
      "id": "way/832115587"
    },
    {
      "type": "Feature",
      "properties": {
        "@id": "way/832115588",
        "alt_name": "237乡道",
        "alt_name_1": "石水线",
        "highway": "secondary",
        "name": "田心一桥",
        "oneway": "yes",
        "ref": "Y237"
      },
      "geometry": {
        "type": "LineString",
        "coordinates": [
          [
            114.4095505,
            22.6963887
          ],
          [
            114.4093758,
            22.6963726
          ]
        ]
      },
      "id": "way/832115588"
    },
    {
      "type": "Feature",
      "properties": {
        "@id": "way/832115589",
        "alt_name": "237乡道",
        "alt_name_1": "石水线",
        "highway": "secondary",
        "name": "田心一桥",
        "oneway": "yes",
        "ref": "Y237"
      },
      "geometry": {
        "type": "LineString",
        "coordinates": [
          [
            114.4093837,
            22.6963137
          ],
          [
            114.4095526,
            22.6963286
          ]
        ]
      },
      "id": "way/832115589"
    },
    {
      "type": "Feature",
      "properties": {
        "@id": "way/832115590",
        "alt_name": "237乡道",
        "alt_name_1": "石水线",
        "highway": "secondary",
        "name": "坪山金田路",
        "oneway": "yes",
        "ref": "Y237",
        "source": "bing"
      },
      "geometry": {
        "type": "LineString",
        "coordinates": [
          [
            114.4116876,
            22.6963565
          ],
          [
            114.412339,
            22.6962726
          ],
          [
            114.4128989,
            22.6962005
          ],
          [
            114.4138894,
            22.696073
          ],
          [
            114.4140484,
            22.6960525
          ],
          [
            114.4173315,
            22.6956297
          ],
          [
            114.4175046,
            22.6956103
          ],
          [
            114.4176705,
            22.6956063
          ],
          [
            114.4178378,
            22.6956179
          ],
          [
            114.418005,
            22.6956401
          ],
          [
            114.4181807,
            22.6956759
          ],
          [
            114.4183487,
            22.6957316
          ],
          [
            114.4185477,
            22.6958075
          ],
          [
            114.4195976,
            22.6963328
          ],
          [
            114.4197232,
            22.6963829
          ],
          [
            114.419855,
            22.696431
          ],
          [
            114.419971,
            22.6964647
          ],
          [
            114.4200898,
            22.6964902
          ],
          [
            114.420219,
            22.6965076
          ],
          [
            114.4238239,
            22.6968035
          ]
        ]
      },
      "id": "way/832115590"
    },
    {
      "type": "Feature",
      "properties": {
        "@id": "way/832115592",
        "alt_name": "237乡道",
        "alt_name_1": "石水线",
        "highway": "secondary",
        "name": "坪山金田路",
        "oneway": "yes",
        "ref": "Y237",
        "source": "bing"
      },
      "geometry": {
        "type": "LineString",
        "coordinates": [
          [
            114.4238188,
            22.6968868
          ],
          [
            114.4202009,
            22.6965821
          ],
          [
            114.4200808,
            22.6965671
          ],
          [
            114.419955,
            22.6965408
          ],
          [
            114.419826,
            22.6965026
          ],
          [
            114.4196885,
            22.696451
          ],
          [
            114.419545,
            22.6963875
          ],
          [
            114.4185017,
            22.6958709
          ],
          [
            114.4183066,
            22.6957928
          ],
          [
            114.4181564,
            22.6957443
          ],
          [
            114.4179726,
            22.6957061
          ],
          [
            114.4178147,
            22.695688
          ],
          [
            114.4176727,
            22.6956769
          ],
          [
            114.4175154,
            22.6956798
          ],
          [
            114.417343,
            22.6956965
          ],
          [
            114.4140567,
            22.6961179
          ],
          [
            114.4138994,
            22.6961381
          ],
          [
            114.4129084,
            22.6962652
          ],
          [
            114.4123487,
            22.6963369
          ],
          [
            114.4116921,
            22.6964212
          ]
        ]
      },
      "id": "way/832115592"
    },
    {
      "type": "Feature",
      "properties": {
        "@id": "way/832115593",
        "alt_name": "237乡道",
        "alt_name_1": "石水线",
        "bridge": "yes",
        "highway": "secondary",
        "layer": "1",
        "name": "田心桥",
        "oneway": "yes",
        "ref": "Y237",
        "source": "bing"
      },
      "geometry": {
        "type": "LineString",
        "coordinates": [
          [
            114.4239607,
            22.6968988
          ],
          [
            114.4238188,
            22.6968868
          ]
        ]
      },
      "id": "way/832115593"
    },
    {
      "type": "Feature",
      "properties": {
        "@id": "way/832115594",
        "alt_name": "237乡道",
        "alt_name_1": "石水线",
        "bridge": "yes",
        "highway": "secondary",
        "layer": "1",
        "name": "田心桥",
        "oneway": "yes",
        "ref": "Y237",
        "source": "bing"
      },
      "geometry": {
        "type": "LineString",
        "coordinates": [
          [
            114.4238239,
            22.6968035
          ],
          [
            114.4239683,
            22.6968163
          ]
        ]
      },
      "id": "way/832115594"
    },
    {
      "type": "Feature",
      "properties": {
        "@id": "way/832115595",
        "alt_name": "237乡道",
        "alt_name_1": "石水线",
        "highway": "secondary",
        "name": "坪山金田路",
        "oneway": "yes",
        "ref": "Y237",
        "source": "bing"
      },
      "geometry": {
        "type": "LineString",
        "coordinates": [
          [
            114.4240856,
            22.6968268
          ],
          [
            114.4264392,
            22.6970369
          ]
        ]
      },
      "id": "way/832115595"
    },
    {
      "type": "Feature",
      "properties": {
        "@id": "way/832115597",
        "highway": "residential",
        "name": "马鞍岭路"
      },
      "geometry": {
        "type": "LineString",
        "coordinates": [
          [
            114.397968,
            22.701088
          ],
          [
            114.3979686,
            22.7009988
          ],
          [
            114.3979692,
            22.70091
          ],
          [
            114.3979695,
            22.7008662
          ],
          [
            114.3979873,
            22.698172
          ],
          [
            114.3980042,
            22.695598
          ],
          [
            114.3980045,
            22.69556
          ],
          [
            114.3980056,
            22.6953912
          ]
        ]
      },
      "id": "way/832115597"
    },
    {
      "type": "Feature",
      "properties": {
        "@id": "way/835241850",
        "highway": "tertiary",
        "name": "翠景路",
        "name:en": "Cuijing Road",
        "name:zh": "翠景路",
        "oneway": "yes"
      },
      "geometry": {
        "type": "LineString",
        "coordinates": [
          [
            114.3846818,
            22.7149668
          ],
          [
            114.3845877,
            22.7151816
          ],
          [
            114.3845649,
            22.7152336
          ],
          [
            114.3834977,
            22.7176711
          ],
          [
            114.383458,
            22.7177618
          ],
          [
            114.3834376,
            22.7178082
          ],
          [
            114.3833764,
            22.7179481
          ],
          [
            114.383339,
            22.7180335
          ],
          [
            114.3832621,
            22.718209
          ],
          [
            114.3832431,
            22.7182526
          ],
          [
            114.3820869,
            22.720893
          ],
          [
            114.3819747,
            22.7211449
          ],
          [
            114.3818894,
            22.7213362
          ],
          [
            114.3802819,
            22.7250398
          ],
          [
            114.3802438,
            22.7251445
          ],
          [
            114.3797625,
            22.7262113
          ],
          [
            114.3792787,
            22.7272839
          ],
          [
            114.3780683,
            22.7301793
          ],
          [
            114.3777023,
            22.7310582
          ],
          [
            114.3776506,
            22.7311555
          ],
          [
            114.3774994,
            22.7314961
          ],
          [
            114.3764724,
            22.7338093
          ],
          [
            114.3759661,
            22.734954
          ],
          [
            114.3754074,
            22.7362181
          ],
          [
            114.3753061,
            22.7364451
          ],
          [
            114.3752974,
            22.7365788
          ],
          [
            114.3753968,
            22.7367064
          ]
        ]
      },
      "id": "way/835241850"
    },
    {
      "type": "Feature",
      "properties": {
        "@id": "way/835241851",
        "highway": "secondary",
        "lanes": "2",
        "name": "青松西路",
        "name:en": "Qingsong West Road",
        "name:zh": "青松西路",
        "oneway": "yes"
      },
      "geometry": {
        "type": "LineString",
        "coordinates": [
          [
            114.3759018,
            22.7232614
          ],
          [
            114.3766467,
            22.7235791
          ],
          [
            114.3782739,
            22.7242815
          ],
          [
            114.3796855,
            22.7248397
          ],
          [
            114.3801836,
            22.7250284
          ],
          [
            114.3802819,
            22.7250398
          ],
          [
            114.3803947,
            22.7250976
          ],
          [
            114.3849653,
            22.7252182
          ],
          [
            114.3850227,
            22.7252197
          ],
          [
            114.3851687,
            22.7252235
          ],
          [
            114.3852007,
            22.7252244
          ],
          [
            114.3882385,
            22.7253045
          ],
          [
            114.3882883,
            22.7253058
          ],
          [
            114.3885251,
            22.7253121
          ],
          [
            114.3887656,
            22.7253184
          ],
          [
            114.3888118,
            22.7253196
          ],
          [
            114.3943456,
            22.7254656
          ],
          [
            114.3943971,
            22.7254671
          ],
          [
            114.3946646,
            22.7254748
          ]
        ]
      },
      "id": "way/835241851"
    },
    {
      "type": "Feature",
      "properties": {
        "@id": "way/835241853",
        "highway": "residential",
        "lanes": "2",
        "name": "田同路",
        "oneway": "no",
        "surface": "asphalt"
      },
      "geometry": {
        "type": "LineString",
        "coordinates": [
          [
            114.3925737,
            22.6932833
          ],
          [
            114.3934409,
            22.6934195
          ],
          [
            114.3935165,
            22.6934313
          ],
          [
            114.393557,
            22.6934377
          ],
          [
            114.393632,
            22.6934495
          ],
          [
            114.3937111,
            22.6934619
          ],
          [
            114.3937522,
            22.6934683
          ],
          [
            114.3946238,
            22.6936052
          ],
          [
            114.394663,
            22.6936113
          ],
          [
            114.3947273,
            22.6936214
          ],
          [
            114.3948132,
            22.6936349
          ],
          [
            114.394856,
            22.6936416
          ],
          [
            114.3954208,
            22.6937303
          ],
          [
            114.3961403,
            22.6938432
          ],
          [
            114.3961748,
            22.6938487
          ],
          [
            114.3962115,
            22.6938544
          ],
          [
            114.3963589,
            22.6938776
          ]
        ]
      },
      "id": "way/835241853"
    },
    {
      "type": "Feature",
      "properties": {
        "@id": "way/835241854",
        "highway": "residential",
        "name": "创景路",
        "name:en": "Chuangjing Road",
        "name:zh": "创景路",
        "oneway": "yes",
        "surface": "asphalt"
      },
      "geometry": {
        "type": "LineString",
        "coordinates": [
          [
            114.3964921,
            22.6920874
          ],
          [
            114.3964899,
            22.6922347
          ],
          [
            114.3964887,
            22.692311
          ],
          [
            114.3964647,
            22.6938977
          ],
          [
            114.3964557,
            22.6944851
          ],
          [
            114.3964497,
            22.6948796
          ],
          [
            114.3964499,
            22.6949418
          ],
          [
            114.3964502,
            22.6950551
          ]
        ]
      },
      "id": "way/835241854"
    },
    {
      "type": "Feature",
      "properties": {
        "@id": "way/835241855",
        "highway": "residential",
        "name": "创景路",
        "name:en": "Chuangjing Road",
        "name:zh": "创景路",
        "oneway": "yes",
        "surface": "asphalt"
      },
      "geometry": {
        "type": "LineString",
        "coordinates": [
          [
            114.3963287,
            22.6950361
          ],
          [
            114.3963372,
            22.6949214
          ],
          [
            114.3963415,
            22.6948632
          ],
          [
            114.3963482,
            22.6944835
          ],
          [
            114.3963589,
            22.6938776
          ],
          [
            114.3963865,
            22.6923135
          ],
          [
            114.396388,
            22.692231
          ],
          [
            114.3963907,
            22.6920763
          ]
        ]
      },
      "id": "way/835241855"
    },
    {
      "type": "Feature",
      "properties": {
        "@id": "way/835241858",
        "highway": "residential",
        "lanes": "2",
        "name": "田康路",
        "oneway": "no",
        "surface": "asphalt"
      },
      "geometry": {
        "type": "LineString",
        "coordinates": [
          [
            114.3922409,
            22.6943953
          ],
          [
            114.3922665,
            22.6942384
          ],
          [
            114.3922758,
            22.6941818
          ],
          [
            114.3925314,
            22.6934108
          ],
          [
            114.392548,
            22.6933607
          ],
          [
            114.3925737,
            22.6932833
          ],
          [
            114.3926175,
            22.6931512
          ],
          [
            114.3926291,
            22.693116
          ],
          [
            114.3930115,
            22.6919629
          ],
          [
            114.3930278,
            22.6919137
          ],
          [
            114.3930753,
            22.6917703
          ]
        ]
      },
      "id": "way/835241858"
    },
    {
      "type": "Feature",
      "properties": {
        "@id": "way/835241859",
        "highway": "residential",
        "lanes": "2",
        "name": "田裕路",
        "name:en": "Tianyu Road",
        "name:zh": "田裕路",
        "oneway": "no"
      },
      "geometry": {
        "type": "LineString",
        "coordinates": [
          [
            114.3950315,
            22.691944
          ],
          [
            114.3950061,
            22.6920837
          ],
          [
            114.3949976,
            22.6921305
          ],
          [
            114.3947468,
            22.6935137
          ],
          [
            114.3947273,
            22.6936214
          ],
          [
            114.3947163,
            22.6936822
          ],
          [
            114.3947072,
            22.693732
          ],
          [
            114.3945548,
            22.6945727
          ],
          [
            114.3945479,
            22.6946107
          ],
          [
            114.3945221,
            22.6947529
          ]
        ]
      },
      "id": "way/835241859"
    },
    {
      "type": "Feature",
      "properties": {
        "@id": "way/835241860",
        "highway": "residential",
        "lanes": "2",
        "name": "望景路",
        "oneway": "no",
        "surface": "asphalt"
      },
      "geometry": {
        "type": "LineString",
        "coordinates": [
          [
            114.3922409,
            22.6943953
          ],
          [
            114.3922182,
            22.6944797
          ],
          [
            114.3921673,
            22.6946682
          ],
          [
            114.392156,
            22.69471
          ],
          [
            114.3918025,
            22.6960195
          ],
          [
            114.3917593,
            22.6962053
          ],
          [
            114.3917321,
            22.6963872
          ],
          [
            114.3917219,
            22.6966016
          ],
          [
            114.3917336,
            22.6968337
          ],
          [
            114.3917588,
            22.6970546
          ],
          [
            114.3918059,
            22.6972799
          ],
          [
            114.3918701,
            22.6974959
          ],
          [
            114.3919722,
            22.6977348
          ],
          [
            114.3921159,
            22.6980217
          ],
          [
            114.3921341,
            22.6980581
          ],
          [
            114.3921654,
            22.698121
          ],
          [
            114.3922576,
            22.6983058
          ],
          [
            114.3922723,
            22.6983354
          ],
          [
            114.3925091,
            22.6988102
          ],
          [
            114.3925778,
            22.6989739
          ],
          [
            114.3926117,
            22.6990967
          ],
          [
            114.3926207,
            22.6992076
          ],
          [
            114.3926004,
            22.7007884
          ],
          [
            114.3925948,
            22.7009419
          ]
        ]
      },
      "id": "way/835241860"
    },
    {
      "type": "Feature",
      "properties": {
        "@id": "way/835241861",
        "highway": "tertiary",
        "name": "环境园路",
        "oneway": "yes"
      },
      "geometry": {
        "type": "LineString",
        "coordinates": [
          [
            114.4115042,
            22.6995495
          ],
          [
            114.4114983,
            22.6992586
          ],
          [
            114.4114851,
            22.6988299
          ],
          [
            114.4114897,
            22.6980545
          ]
        ]
      },
      "id": "way/835241861"
    },
    {
      "type": "Feature",
      "properties": {
        "@id": "way/835241862",
        "highway": "tertiary",
        "name": "兰田路",
        "name:en": "Lantian Road",
        "name:zh": "兰田路",
        "oneway": "yes",
        "surface": "asphalt"
      },
      "geometry": {
        "type": "LineString",
        "coordinates": [
          [
            114.4113022,
            22.6998801
          ],
          [
            114.4098735,
            22.7000337
          ],
          [
            114.4082068,
            22.7002255
          ],
          [
            114.4073726,
            22.7003205
          ],
          [
            114.4068476,
            22.7003734
          ],
          [
            114.4065157,
            22.7004086
          ],
          [
            114.404843,
            22.7005849
          ],
          [
            114.4039049,
            22.7006896
          ],
          [
            114.4036405,
            22.7007162
          ],
          [
            114.4034152,
            22.7007388
          ],
          [
            114.4033943,
            22.7007412
          ],
          [
            114.4030727,
            22.7007782
          ],
          [
            114.4027464,
            22.7008157
          ],
          [
            114.4017576,
            22.7009312
          ],
          [
            114.4006703,
            22.7010411
          ],
          [
            114.3995911,
            22.7010978
          ],
          [
            114.3994672,
            22.7011043
          ],
          [
            114.3991004,
            22.7010985
          ],
          [
            114.3990201,
            22.7010973
          ],
          [
            114.3989347,
            22.7010966
          ],
          [
            114.398196,
            22.7010901
          ],
          [
            114.3981364,
            22.7010895
          ],
          [
            114.397968,
            22.701088
          ],
          [
            114.3966352,
            22.7010756
          ],
          [
            114.3965024,
            22.7010744
          ],
          [
            114.3964538,
            22.7010739
          ],
          [
            114.396378,
            22.7010732
          ]
        ]
      },
      "id": "way/835241862"
    },
    {
      "type": "Feature",
      "properties": {
        "@id": "way/835241864",
        "highway": "residential",
        "lanes": "3",
        "name": "耘田路",
        "name:en": "Yuntian Road",
        "name:zh": "耘田路",
        "oneway": "no",
        "surface": "asphalt"
      },
      "geometry": {
        "type": "LineString",
        "coordinates": [
          [
            114.3921654,
            22.698121
          ],
          [
            114.3923005,
            22.6981234
          ],
          [
            114.392347,
            22.6981242
          ],
          [
            114.3938923,
            22.6981516
          ],
          [
            114.3939378,
            22.6981524
          ],
          [
            114.3940398,
            22.6981532
          ],
          [
            114.3945644,
            22.6981635
          ],
          [
            114.3960654,
            22.6981901
          ]
        ]
      },
      "id": "way/835241864"
    },
    {
      "type": "Feature",
      "properties": {
        "@id": "way/835241872",
        "highway": "service"
      },
      "geometry": {
        "type": "LineString",
        "coordinates": [
          [
            114.3945644,
            22.6981635
          ],
          [
            114.394612,
            22.6985969
          ],
          [
            114.3945847,
            22.700005
          ],
          [
            114.3945739,
            22.7005558
          ],
          [
            114.3945498,
            22.7006529
          ],
          [
            114.3945456,
            22.7009626
          ]
        ]
      },
      "id": "way/835241872"
    },
    {
      "type": "Feature",
      "properties": {
        "@id": "way/835241873",
        "highway": "service"
      },
      "geometry": {
        "type": "LineString",
        "coordinates": [
          [
            114.3945498,
            22.7006529
          ],
          [
            114.3934934,
            22.7006576
          ],
          [
            114.3935106,
            22.699698
          ],
          [
            114.3935065,
            22.6996463
          ],
          [
            114.3934594,
            22.6995985
          ],
          [
            114.3933956,
            22.6995727
          ],
          [
            114.3933129,
            22.6995613
          ],
          [
            114.3931515,
            22.6995542
          ],
          [
            114.3928681,
            22.6995641
          ],
          [
            114.3928295,
            22.6995978
          ],
          [
            114.3928128,
            22.6998359
          ],
          [
            114.392798,
            22.7005514
          ],
          [
            114.3928332,
            22.7006216
          ],
          [
            114.3929186,
            22.7006593
          ],
          [
            114.3934934,
            22.7006576
          ]
        ]
      },
      "id": "way/835241873"
    },
    {
      "type": "Feature",
      "properties": {
        "@id": "way/835241874",
        "highway": "service"
      },
      "geometry": {
        "type": "LineString",
        "coordinates": [
          [
            114.394612,
            22.6985969
          ],
          [
            114.3953598,
            22.6986098
          ],
          [
            114.3959933,
            22.6986237
          ],
          [
            114.3959852,
            22.6992056
          ],
          [
            114.3959825,
            22.6993573
          ]
        ]
      },
      "id": "way/835241874"
    },
    {
      "type": "Feature",
      "properties": {
        "@id": "way/835241875",
        "highway": "service"
      },
      "geometry": {
        "type": "LineString",
        "coordinates": [
          [
            114.3953598,
            22.6986098
          ],
          [
            114.3953517,
            22.6993573
          ],
          [
            114.3953408,
            22.6998643
          ],
          [
            114.3953374,
            22.7000121
          ],
          [
            114.3953354,
            22.7000998
          ],
          [
            114.3953247,
            22.7005609
          ],
          [
            114.3953706,
            22.7006057
          ],
          [
            114.3959286,
            22.7006082
          ],
          [
            114.3959771,
            22.7005734
          ],
          [
            114.3959798,
            22.6998746
          ]
        ]
      },
      "id": "way/835241875"
    },
    {
      "type": "Feature",
      "properties": {
        "@id": "way/835241876",
        "highway": "service"
      },
      "geometry": {
        "type": "LineString",
        "coordinates": [
          [
            114.396189,
            22.6993646
          ],
          [
            114.3959825,
            22.6993573
          ],
          [
            114.3953517,
            22.6993573
          ]
        ]
      },
      "id": "way/835241876"
    },
    {
      "type": "Feature",
      "properties": {
        "@id": "way/835241877",
        "highway": "service"
      },
      "geometry": {
        "type": "LineString",
        "coordinates": [
          [
            114.3953408,
            22.6998643
          ],
          [
            114.3959798,
            22.6998746
          ],
          [
            114.3961639,
            22.6998797
          ]
        ]
      },
      "id": "way/835241877"
    },
    {
      "type": "Feature",
      "properties": {
        "@id": "way/835241878",
        "highway": "service"
      },
      "geometry": {
        "type": "LineString",
        "coordinates": [
          [
            114.3953374,
            22.7000121
          ],
          [
            114.3945847,
            22.700005
          ]
        ]
      },
      "id": "way/835241878"
    },
    {
      "type": "Feature",
      "properties": {
        "@id": "way/835241879",
        "destination": "创景路",
        "highway": "tertiary_link",
        "oneway": "yes"
      },
      "geometry": {
        "type": "LineString",
        "coordinates": [
          [
            114.3966352,
            22.7010756
          ],
          [
            114.3965641,
            22.7010905
          ],
          [
            114.3965037,
            22.7011164
          ],
          [
            114.3964629,
            22.7011479
          ],
          [
            114.3964258,
            22.701192
          ],
          [
            114.3964027,
            22.7012355
          ],
          [
            114.3963822,
            22.7012925
          ]
        ]
      },
      "id": "way/835241879"
    },
    {
      "type": "Feature",
      "properties": {
        "@id": "way/835241881",
        "destination": "创景路",
        "highway": "tertiary_link",
        "oneway": "yes"
      },
      "geometry": {
        "type": "LineString",
        "coordinates": [
          [
            114.3959861,
            22.7009778
          ],
          [
            114.3960461,
            22.7009623
          ],
          [
            114.3960943,
            22.70094
          ],
          [
            114.3961394,
            22.7009049
          ],
          [
            114.3961838,
            22.7008602
          ],
          [
            114.3962201,
            22.7008016
          ],
          [
            114.3962427,
            22.7007365
          ]
        ]
      },
      "id": "way/835241881"
    },
    {
      "type": "Feature",
      "properties": {
        "@id": "way/835241882",
        "destination": "兰田路",
        "highway": "tertiary_link",
        "oneway": "yes"
      },
      "geometry": {
        "type": "LineString",
        "coordinates": [
          [
            114.3962496,
            22.7012886
          ],
          [
            114.3962305,
            22.7012327
          ],
          [
            114.3962032,
            22.7011908
          ],
          [
            114.3961626,
            22.701149
          ],
          [
            114.3961112,
            22.7011137
          ],
          [
            114.3960569,
            22.7010881
          ],
          [
            114.3959915,
            22.7010696
          ]
        ]
      },
      "id": "way/835241882"
    },
    {
      "type": "Feature",
      "properties": {
        "@id": "way/835241883",
        "destination": "兰田路",
        "highway": "tertiary_link",
        "oneway": "yes"
      },
      "geometry": {
        "type": "LineString",
        "coordinates": [
          [
            114.3963756,
            22.700738
          ],
          [
            114.3964024,
            22.7008026
          ],
          [
            114.3964324,
            22.7008521
          ],
          [
            114.3964689,
            22.7008947
          ],
          [
            114.396521,
            22.7009331
          ],
          [
            114.3965767,
            22.7009629
          ],
          [
            114.3966379,
            22.7009847
          ]
        ]
      },
      "id": "way/835241883"
    },
    {
      "type": "Feature",
      "properties": {
        "@id": "way/835266319",
        "highway": "service"
      },
      "geometry": {
        "type": "LineString",
        "coordinates": [
          [
            114.3939816,
            22.6947598
          ],
          [
            114.3939541,
            22.6948905
          ],
          [
            114.3937829,
            22.6957065
          ],
          [
            114.3933814,
            22.6956219
          ],
          [
            114.3933621,
            22.6957032
          ]
        ]
      },
      "id": "way/835266319"
    },
    {
      "type": "Feature",
      "properties": {
        "@id": "way/835296767",
        "highway": "residential",
        "lanes": "2",
        "name": "南坪东大道",
        "oneway": "no",
        "surface": "asphalt"
      },
      "geometry": {
        "type": "LineString",
        "coordinates": [
          [
            114.4009657,
            22.6925506
          ],
          [
            114.3985597,
            22.6922859
          ],
          [
            114.3984107,
            22.6922691
          ],
          [
            114.3982795,
            22.6922549
          ],
          [
            114.3975061,
            22.6921951
          ],
          [
            114.3973392,
            22.6921819
          ],
          [
            114.3971767,
            22.692169
          ],
          [
            114.3967123,
            22.6921114
          ],
          [
            114.3964921,
            22.6920874
          ],
          [
            114.3963907,
            22.6920763
          ],
          [
            114.3962301,
            22.6920588
          ],
          [
            114.3952348,
            22.6919692
          ],
          [
            114.3951948,
            22.6919642
          ],
          [
            114.3950315,
            22.691944
          ],
          [
            114.3948442,
            22.6919209
          ],
          [
            114.3931922,
            22.6917769
          ],
          [
            114.3930753,
            22.6917703
          ],
          [
            114.3928532,
            22.6917579
          ],
          [
            114.3922488,
            22.6917424
          ]
        ]
      },
      "id": "way/835296767"
    },
    {
      "type": "Feature",
      "properties": {
        "@id": "way/835296769",
        "destination": "南坪快速",
        "destination:ref": "S301",
        "highway": "trunk_link",
        "lane_markings": "yes",
        "oneway": "yes"
      },
      "geometry": {
        "type": "LineString",
        "coordinates": [
          [
            114.3950315,
            22.691944
          ],
          [
            114.3949654,
            22.6918962
          ],
          [
            114.3948744,
            22.6918593
          ],
          [
            114.3947453,
            22.691829
          ],
          [
            114.3938408,
            22.6916876
          ],
          [
            114.3931346,
            22.6915413
          ]
        ]
      },
      "id": "way/835296769"
    },
    {
      "type": "Feature",
      "properties": {
        "@id": "way/835296770",
        "destination": "田头",
        "highway": "trunk_link",
        "lane_markings": "yes",
        "oneway": "yes"
      },
      "geometry": {
        "type": "LineString",
        "coordinates": [
          [
            114.4013423,
            22.6918263
          ],
          [
            114.4013651,
            22.6917417
          ],
          [
            114.4013604,
            22.6916699
          ],
          [
            114.4010485,
            22.6912872
          ]
        ]
      },
      "id": "way/835296770"
    },
    {
      "type": "Feature",
      "properties": {
        "@id": "way/835296771",
        "destination": "南坪快速",
        "destination:ref": "S301",
        "highway": "trunk_link",
        "lane_markings": "yes",
        "oneway": "yes"
      },
      "geometry": {
        "type": "LineString",
        "coordinates": [
          [
            114.4010485,
            22.6912872
          ],
          [
            114.4013864,
            22.691646
          ],
          [
            114.4014619,
            22.6917308
          ],
          [
            114.4015373,
            22.6917983
          ],
          [
            114.401607,
            22.6918531
          ]
        ]
      },
      "id": "way/835296771"
    },
    {
      "type": "Feature",
      "properties": {
        "@id": "way/835296772",
        "highway": "unclassified"
      },
      "geometry": {
        "type": "LineString",
        "coordinates": [
          [
            114.4010485,
            22.6912872
          ],
          [
            114.4004639,
            22.6907035
          ],
          [
            114.4003767,
            22.6901224
          ]
        ]
      },
      "id": "way/835296772"
    },
    {
      "type": "Feature",
      "properties": {
        "@id": "way/835296773",
        "highway": "unclassified"
      },
      "geometry": {
        "type": "LineString",
        "coordinates": [
          [
            114.4010485,
            22.6912872
          ],
          [
            114.401065,
            22.6915015
          ],
          [
            114.4010552,
            22.6917524
          ]
        ]
      },
      "id": "way/835296773"
    },
    {
      "type": "Feature",
      "properties": {
        "@id": "way/835296774",
        "highway": "unclassified",
        "layer": "-1",
        "tunnel": "yes"
      },
      "geometry": {
        "type": "LineString",
        "coordinates": [
          [
            114.4010552,
            22.6917524
          ],
          [
            114.4010218,
            22.69205
          ]
        ]
      },
      "id": "way/835296774"
    },
    {
      "type": "Feature",
      "properties": {
        "@id": "way/835296775",
        "highway": "unclassified"
      },
      "geometry": {
        "type": "LineString",
        "coordinates": [
          [
            114.4010218,
            22.69205
          ],
          [
            114.4009657,
            22.6925506
          ]
        ]
      },
      "id": "way/835296775"
    },
    {
      "type": "Feature",
      "properties": {
        "@id": "way/835296786",
        "highway": "residential",
        "name": "新曲南街"
      },
      "geometry": {
        "type": "LineString",
        "coordinates": [
          [
            114.4037666,
            22.6960948
          ],
          [
            114.403816,
            22.6955244
          ],
          [
            114.4038316,
            22.6953443
          ],
          [
            114.4038953,
            22.694609
          ],
          [
            114.4039143,
            22.694389
          ]
        ]
      },
      "id": "way/835296786"
    },
    {
      "type": "Feature",
      "properties": {
        "@id": "way/835296796",
        "highway": "residential",
        "name": "上围路"
      },
      "geometry": {
        "type": "LineString",
        "coordinates": [
          [
            114.4024428,
            22.6943407
          ],
          [
            114.4039143,
            22.694389
          ]
        ]
      },
      "id": "way/835296796"
    },
    {
      "type": "Feature",
      "properties": {
        "@id": "way/835296821",
        "highway": "residential",
        "name": "新山路"
      },
      "geometry": {
        "type": "LineString",
        "coordinates": [
          [
            114.41393,
            22.6944869
          ],
          [
            114.4135444,
            22.6942365
          ],
          [
            114.4130147,
            22.6941977
          ],
          [
            114.4128474,
            22.6941854
          ]
        ]
      },
      "id": "way/835296821"
    },
    {
      "type": "Feature",
      "properties": {
        "@id": "way/868184605",
        "highway": "tertiary",
        "name": "临惠路",
        "oneway": "yes"
      },
      "geometry": {
        "type": "LineString",
        "coordinates": [
          [
            114.3963087,
            22.73214
          ],
          [
            114.3965601,
            22.7322131
          ],
          [
            114.3967697,
            22.7323555
          ],
          [
            114.3981949,
            22.7333236
          ],
          [
            114.399799,
            22.7344346
          ],
          [
            114.3998276,
            22.7344544
          ],
          [
            114.4017769,
            22.7358087
          ],
          [
            114.4018633,
            22.7358688
          ],
          [
            114.4042541,
            22.7375668
          ],
          [
            114.4066321,
            22.739221
          ],
          [
            114.4066877,
            22.7393165
          ]
        ]
      },
      "id": "way/868184605"
    },
    {
      "type": "Feature",
      "properties": {
        "@id": "way/881289003",
        "highway": "secondary",
        "name": "金牛东路",
        "name:en": "Jinniu East Road",
        "name:zh": "金牛东路",
        "oneway": "yes"
      },
      "geometry": {
        "type": "LineString",
        "coordinates": [
          [
            114.3768582,
            22.709501
          ],
          [
            114.377207,
            22.7096001
          ],
          [
            114.3811033,
            22.7107201
          ],
          [
            114.3825029,
            22.711149
          ],
          [
            114.3826872,
            22.7111837
          ],
          [
            114.3829636,
            22.7112261
          ]
        ]
      },
      "id": "way/881289003"
    },
    {
      "type": "Feature",
      "properties": {
        "@id": "way/881289004",
        "highway": "secondary",
        "name": "金牛东路",
        "name:en": "Jinniu East Road",
        "name:zh": "金牛东路",
        "oneway": "yes",
        "source": "bing"
      },
      "geometry": {
        "type": "LineString",
        "coordinates": [
          [
            114.3862343,
            22.7113323
          ],
          [
            114.386359,
            22.7113347
          ],
          [
            114.3864165,
            22.7113358
          ],
          [
            114.3885963,
            22.7113957
          ],
          [
            114.388902,
            22.7114147
          ],
          [
            114.3891387,
            22.7114344
          ],
          [
            114.3893928,
            22.7114635
          ],
          [
            114.3896165,
            22.7114932
          ],
          [
            114.389881,
            22.7115318
          ],
          [
            114.3900692,
            22.7115624
          ],
          [
            114.3902644,
            22.7115979
          ],
          [
            114.3905166,
            22.7116577
          ]
        ]
      },
      "id": "way/881289004"
    },
    {
      "type": "Feature",
      "properties": {
        "@id": "way/881289005",
        "highway": "secondary",
        "name": "金牛东路",
        "name:en": "Jinniu East Road",
        "name:zh": "金牛东路",
        "oneway": "yes"
      },
      "geometry": {
        "type": "LineString",
        "coordinates": [
          [
            114.3908547,
            22.7118425
          ],
          [
            114.3907376,
            22.7118111
          ],
          [
            114.3906958,
            22.7118
          ],
          [
            114.3902486,
            22.7116946
          ],
          [
            114.3899931,
            22.711645
          ],
          [
            114.3897098,
            22.7115983
          ],
          [
            114.3894752,
            22.7115648
          ],
          [
            114.389271,
            22.7115391
          ],
          [
            114.3890364,
            22.7115157
          ],
          [
            114.3887924,
            22.7114967
          ],
          [
            114.3885887,
            22.7114854
          ],
          [
            114.3863999,
            22.7114295
          ],
          [
            114.3863549,
            22.7114284
          ],
          [
            114.3862324,
            22.7114252
          ],
          [
            114.3861457,
            22.711423
          ],
          [
            114.3860009,
            22.7114193
          ],
          [
            114.3858046,
            22.7114143
          ],
          [
            114.3844543,
            22.7113798
          ],
          [
            114.3832088,
            22.711348
          ],
          [
            114.3829262,
            22.7113762
          ]
        ]
      },
      "id": "way/881289005"
    },
    {
      "type": "Feature",
      "properties": {
        "@id": "way/881289009",
        "highway": "primary_link",
        "lanes": "1",
        "oneway": "yes"
      },
      "geometry": {
        "type": "LineString",
        "coordinates": [
          [
            114.3830742,
            22.7184316
          ],
          [
            114.3830759,
            22.7183351
          ],
          [
            114.3830571,
            22.7182445
          ],
          [
            114.3830239,
            22.718166
          ],
          [
            114.3829824,
            22.718108
          ],
          [
            114.3829275,
            22.7180585
          ],
          [
            114.3828502,
            22.7180203
          ]
        ]
      },
      "id": "way/881289009"
    },
    {
      "type": "Feature",
      "properties": {
        "@id": "way/881289010",
        "highway": "primary_link",
        "oneway": "yes"
      },
      "geometry": {
        "type": "LineString",
        "coordinates": [
          [
            114.3834977,
            22.7176711
          ],
          [
            114.3835056,
            22.7177401
          ],
          [
            114.3835272,
            22.7177969
          ],
          [
            114.3835701,
            22.7178534
          ],
          [
            114.3836283,
            22.7179052
          ],
          [
            114.3836938,
            22.7179395
          ],
          [
            114.3837656,
            22.7179584
          ]
        ]
      },
      "id": "way/881289010"
    },
    {
      "type": "Feature",
      "properties": {
        "@id": "way/881289011",
        "highway": "primary_link",
        "lanes": "1",
        "oneway": "yes"
      },
      "geometry": {
        "type": "LineString",
        "coordinates": [
          [
            114.3828278,
            22.7179336
          ],
          [
            114.38296,
            22.7179085
          ],
          [
            114.38308,
            22.7178628
          ],
          [
            114.3831939,
            22.7178037
          ],
          [
            114.383285,
            22.7177446
          ],
          [
            114.3833604,
            22.7176872
          ],
          [
            114.3834329,
            22.7176131
          ]
        ]
      },
      "id": "way/881289011"
    },
    {
      "type": "Feature",
      "properties": {
        "@id": "way/931900442",
        "highway": "trunk_link",
        "lane_markings": "yes",
        "oneway": "yes"
      },
      "geometry": {
        "type": "LineString",
        "coordinates": [
          [
            114.3904446,
            22.6911709
          ],
          [
            114.3912097,
            22.6911329
          ],
          [
            114.3916416,
            22.691123
          ],
          [
            114.3924114,
            22.6911576
          ],
          [
            114.3937827,
            22.6912312
          ],
          [
            114.3949487,
            22.6912937
          ],
          [
            114.3963811,
            22.6913826
          ],
          [
            114.3966757,
            22.6914009
          ],
          [
            114.3970623,
            22.6914249
          ],
          [
            114.3981003,
            22.691509
          ],
          [
            114.3991491,
            22.6916352
          ],
          [
            114.3997041,
            22.6917191
          ]
        ]
      },
      "id": "way/931900442"
    },
    {
      "type": "Feature",
      "properties": {
        "@id": "way/931900443",
        "highway": "residential",
        "oneway": "yes"
      },
      "geometry": {
        "type": "LineString",
        "coordinates": [
          [
            114.3965949,
            22.6911896
          ],
          [
            114.3965965,
            22.6912613
          ],
          [
            114.3966071,
            22.6913063
          ],
          [
            114.3966361,
            22.6913597
          ],
          [
            114.3966757,
            22.6914009
          ]
        ]
      },
      "id": "way/931900443"
    },
    {
      "type": "Feature",
      "properties": {
        "@id": "way/931900444",
        "highway": "residential",
        "oneway": "yes"
      },
      "geometry": {
        "type": "LineString",
        "coordinates": [
          [
            114.3963811,
            22.6913826
          ],
          [
            114.396473,
            22.6913597
          ],
          [
            114.3965248,
            22.6913246
          ],
          [
            114.3965599,
            22.6912866
          ],
          [
            114.3965843,
            22.6912332
          ],
          [
            114.3965949,
            22.6911896
          ]
        ]
      },
      "id": "way/931900444"
    },
    {
      "type": "Feature",
      "properties": {
        "@id": "way/931900445",
        "highway": "residential"
      },
      "geometry": {
        "type": "LineString",
        "coordinates": [
          [
            114.3965949,
            22.6911896
          ],
          [
            114.3966102,
            22.6909592
          ],
          [
            114.3966117,
            22.6909364
          ]
        ]
      },
      "id": "way/931900445"
    },
    {
      "type": "Feature",
      "properties": {
        "@id": "way/931900446",
        "highway": "residential",
        "lanes": "2",
        "layer": "-1",
        "oneway": "no",
        "tunnel": "yes"
      },
      "geometry": {
        "type": "LineString",
        "coordinates": [
          [
            114.3974487,
            22.6914169
          ],
          [
            114.3973793,
            22.6919019
          ]
        ]
      },
      "id": "way/931900446"
    },
    {
      "type": "Feature",
      "properties": {
        "@id": "way/931900450",
        "highway": "residential"
      },
      "geometry": {
        "type": "LineString",
        "coordinates": [
          [
            114.3966117,
            22.6909364
          ],
          [
            114.3966178,
            22.6908844
          ],
          [
            114.3966331,
            22.6908394
          ],
          [
            114.3966559,
            22.6908085
          ],
          [
            114.3966944,
            22.6907761
          ]
        ]
      },
      "id": "way/931900450"
    },
    {
      "type": "Feature",
      "properties": {
        "@id": "way/931900451",
        "highway": "residential"
      },
      "geometry": {
        "type": "LineString",
        "coordinates": [
          [
            114.3964349,
            22.6908491
          ],
          [
            114.3965111,
            22.6908591
          ],
          [
            114.3965462,
            22.6908746
          ],
          [
            114.3965767,
            22.6909013
          ],
          [
            114.3965934,
            22.690921
          ],
          [
            114.3966102,
            22.6909592
          ]
        ]
      },
      "id": "way/931900451"
    },
    {
      "type": "Feature",
      "properties": {
        "@id": "way/931900452",
        "highway": "service"
      },
      "geometry": {
        "type": "LineString",
        "coordinates": [
          [
            114.3953267,
            22.6904541
          ],
          [
            114.3952932,
            22.6907592
          ],
          [
            114.3952977,
            22.6907944
          ],
          [
            114.395313,
            22.690831
          ],
          [
            114.3953389,
            22.6908633
          ]
        ]
      },
      "id": "way/931900452"
    },
    {
      "type": "Feature",
      "properties": {
        "@id": "way/931900453",
        "highway": "residential",
        "oneway": "yes"
      },
      "geometry": {
        "type": "LineString",
        "coordinates": [
          [
            114.3937827,
            22.6912312
          ],
          [
            114.3940389,
            22.691211
          ],
          [
            114.3950474,
            22.6911034
          ],
          [
            114.3951493,
            22.6910811
          ],
          [
            114.3951949,
            22.6910551
          ],
          [
            114.3952022,
            22.6910475
          ],
          [
            114.3952365,
            22.6910118
          ],
          [
            114.395266,
            22.6909462
          ],
          [
            114.3952901,
            22.6908955
          ],
          [
            114.3953116,
            22.6908782
          ],
          [
            114.3953389,
            22.6908633
          ]
        ]
      },
      "id": "way/931900453"
    },
    {
      "type": "Feature",
      "properties": {
        "@id": "way/931900454",
        "highway": "residential"
      },
      "geometry": {
        "type": "LineString",
        "coordinates": [
          [
            114.3953389,
            22.6908633
          ],
          [
            114.3954014,
            22.690851
          ],
          [
            114.3954712,
            22.6908423
          ],
          [
            114.3955294,
            22.6908394
          ],
          [
            114.3959181,
            22.6908717
          ],
          [
            114.3960934,
            22.6908858
          ],
          [
            114.3962718,
            22.6908802
          ],
          [
            114.3964349,
            22.6908491
          ],
          [
            114.3964562,
            22.690845
          ],
          [
            114.3966453,
            22.690793
          ],
          [
            114.3966944,
            22.6907761
          ],
          [
            114.3967596,
            22.6907536
          ],
          [
            114.3968907,
            22.6907325
          ],
          [
            114.3970157,
            22.6907381
          ],
          [
            114.3970992,
            22.6907633
          ],
          [
            114.3971788,
            22.6907972
          ],
          [
            114.3972885,
            22.6908746
          ],
          [
            114.3973439,
            22.6909368
          ],
          [
            114.3973952,
            22.6909997
          ],
          [
            114.3974349,
            22.6910799
          ],
          [
            114.3974513,
            22.6911334
          ],
          [
            114.3974623,
            22.6911994
          ],
          [
            114.3974653,
            22.6913133
          ],
          [
            114.3974487,
            22.6914169
          ]
        ]
      },
      "id": "way/931900454"
    },
    {
      "type": "Feature",
      "properties": {
        "@id": "way/933646987",
        "highway": "service",
        "name": "宁水路"
      },
      "geometry": {
        "type": "LineString",
        "coordinates": [
          [
            114.4241018,
            22.6969107
          ],
          [
            114.4241589,
            22.6972056
          ],
          [
            114.4243464,
            22.6976268
          ],
          [
            114.4245517,
            22.6979794
          ],
          [
            114.4246897,
            22.6983582
          ],
          [
            114.4247605,
            22.6986749
          ],
          [
            114.4248419,
            22.6988708
          ],
          [
            114.4250224,
            22.6990536
          ],
          [
            114.4252383,
            22.6991189
          ],
          [
            114.4257763,
            22.6992038
          ],
          [
            114.4259497,
            22.6992659
          ],
          [
            114.4261974,
            22.6993997
          ],
          [
            114.4265867,
            22.6996903
          ],
          [
            114.4269194,
            22.700167
          ],
          [
            114.4270985,
            22.7003992
          ]
        ]
      },
      "id": "way/933646987"
    },
    {
      "type": "Feature",
      "properties": {
        "@id": "way/935625733",
        "highway": "unclassified"
      },
      "geometry": {
        "type": "LineString",
        "coordinates": [
          [
            114.4140603,
            22.6925772
          ],
          [
            114.4138109,
            22.6927885
          ],
          [
            114.4136018,
            22.6928865
          ],
          [
            114.4134424,
            22.6929992
          ],
          [
            114.4133349,
            22.6933088
          ],
          [
            114.4133349,
            22.6935189
          ],
          [
            114.4132598,
            22.6937307
          ],
          [
            114.4131512,
            22.6938382
          ],
          [
            114.4129821,
            22.6940934
          ],
          [
            114.4130147,
            22.6941977
          ]
        ]
      },
      "id": "way/935625733"
    },
    {
      "type": "Feature",
      "properties": {
        "@id": "way/937944679",
        "alt_name": "237乡道",
        "alt_name_1": "石水线",
        "highway": "secondary",
        "lanes": "1",
        "name": "坪山金田路",
        "name:en": "Pingshan Jintian Road",
        "name:zh": "坪山金田路",
        "oneway": "yes",
        "ref": "Y237",
        "source": "bing",
        "surface": "asphalt"
      },
      "geometry": {
        "type": "LineString",
        "coordinates": [
          [
            114.4093758,
            22.6963726
          ],
          [
            114.4092709,
            22.6963637
          ],
          [
            114.4082341,
            22.6962756
          ],
          [
            114.4077659,
            22.6962495
          ],
          [
            114.4073367,
            22.6962304
          ],
          [
            114.4069413,
            22.6962246
          ],
          [
            114.4060457,
            22.6962115
          ]
        ]
      },
      "id": "way/937944679"
    },
    {
      "type": "Feature",
      "properties": {
        "@id": "way/937944680",
        "alt_name": "237乡道",
        "alt_name_1": "石水线",
        "bridge": "yes",
        "highway": "secondary",
        "layer": "1",
        "name": "坪山金田路",
        "oneway": "yes",
        "ref": "Y237",
        "source": "bing"
      },
      "geometry": {
        "type": "LineString",
        "coordinates": [
          [
            114.4060457,
            22.6962115
          ],
          [
            114.4058554,
            22.6962088
          ]
        ]
      },
      "id": "way/937944680"
    },
    {
      "type": "Feature",
      "properties": {
        "@id": "way/937944681",
        "alt_name": "237乡道",
        "alt_name_1": "石水线",
        "highway": "secondary",
        "lanes": "1",
        "name": "坪山金田路",
        "name:en": "Pingshan Jintian Road",
        "name:zh": "坪山金田路",
        "oneway": "yes",
        "ref": "Y237",
        "surface": "asphalt"
      },
      "geometry": {
        "type": "LineString",
        "coordinates": [
          [
            114.4069432,
            22.6961528
          ],
          [
            114.4073378,
            22.69616
          ],
          [
            114.4077652,
            22.6961847
          ],
          [
            114.4082354,
            22.6962165
          ],
          [
            114.4092465,
            22.6963021
          ],
          [
            114.4093837,
            22.6963137
          ]
        ]
      },
      "id": "way/937944681"
    },
    {
      "type": "Feature",
      "properties": {
        "@id": "way/937944682",
        "alt_name": "237乡道",
        "alt_name_1": "石水线",
        "bridge": "yes",
        "highway": "secondary",
        "layer": "1",
        "name": "坪山金田路",
        "oneway": "yes",
        "ref": "Y237",
        "source": "bing"
      },
      "geometry": {
        "type": "LineString",
        "coordinates": [
          [
            114.4059039,
            22.6961338
          ],
          [
            114.4060988,
            22.6961374
          ]
        ]
      },
      "id": "way/937944682"
    },
    {
      "type": "Feature",
      "properties": {
        "@id": "way/937944683",
        "highway": "unclassified",
        "name": "新田路"
      },
      "geometry": {
        "type": "LineString",
        "coordinates": [
          [
            114.4100365,
            22.6964255
          ],
          [
            114.4100385,
            22.6963657
          ],
          [
            114.4100417,
            22.6962423
          ],
          [
            114.4100425,
            22.6962208
          ],
          [
            114.4100713,
            22.6953676
          ]
        ]
      },
      "id": "way/937944683"
    },
    {
      "type": "Feature",
      "properties": {
        "@id": "way/937944684",
        "bridge": "yes",
        "highway": "unclassified",
        "layer": "1",
        "name": "新田路"
      },
      "geometry": {
        "type": "LineString",
        "coordinates": [
          [
            114.4100713,
            22.6953676
          ],
          [
            114.4100793,
            22.6951317
          ]
        ]
      },
      "id": "way/937944684"
    },
    {
      "type": "Feature",
      "properties": {
        "@id": "way/940367948",
        "alt_name": "横坪一级公路",
        "highway": "secondary",
        "name": "聚龙路",
        "oneway": "yes",
        "start_date": "2021-07-30"
      },
      "geometry": {
        "type": "LineString",
        "coordinates": [
          [
            114.4057712,
            22.6953303
          ],
          [
            114.4057011,
            22.6956253
          ],
          [
            114.4056571,
            22.6957795
          ],
          [
            114.4056105,
            22.6959426
          ],
          [
            114.4055952,
            22.695983
          ],
          [
            114.4055403,
            22.6961272
          ],
          [
            114.4055111,
            22.6962037
          ],
          [
            114.405469,
            22.6963145
          ],
          [
            114.4054575,
            22.6963447
          ],
          [
            114.4054098,
            22.6964595
          ],
          [
            114.4038728,
            22.7001573
          ],
          [
            114.4038471,
            22.7002191
          ],
          [
            114.4037378,
            22.7004822
          ],
          [
            114.40372,
            22.700525
          ],
          [
            114.403679,
            22.7006237
          ],
          [
            114.4036405,
            22.7007162
          ],
          [
            114.4036073,
            22.700796
          ],
          [
            114.4035875,
            22.7008437
          ],
          [
            114.4035772,
            22.7009496
          ]
        ]
      },
      "id": "way/940367948"
    },
    {
      "type": "Feature",
      "properties": {
        "@id": "way/955948645",
        "destination": "坪西一级公路;西宝线;葵涌;大鹏",
        "destination:ref": "S359",
        "highway": "trunk_link",
        "lane_markings": "yes",
        "oneway": "yes"
      },
      "geometry": {
        "type": "LineString",
        "coordinates": [
          [
            114.3865774,
            22.6900098
          ],
          [
            114.3860507,
            22.689837
          ],
          [
            114.3855301,
            22.6896788
          ]
        ]
      },
      "id": "way/955948645"
    },
    {
      "type": "Feature",
      "properties": {
        "@id": "way/955948647",
        "highway": "secondary",
        "name": "比亚迪路",
        "name:en": "Biyadi Road",
        "name:zh": "比亚迪路",
        "oneway": "yes"
      },
      "geometry": {
        "type": "LineString",
        "coordinates": [
          [
            114.3838273,
            22.6889927
          ],
          [
            114.3837137,
            22.6891438
          ],
          [
            114.3835746,
            22.689296
          ]
        ]
      },
      "id": "way/955948647"
    },
    {
      "type": "Feature",
      "properties": {
        "@id": "way/968653325",
        "highway": "tertiary_link",
        "oneway": "yes"
      },
      "geometry": {
        "type": "LineString",
        "coordinates": [
          [
            114.3966671,
            22.7319982
          ],
          [
            114.3967031,
            22.7321935
          ],
          [
            114.3967697,
            22.7323555
          ]
        ]
      },
      "id": "way/968653325"
    },
    {
      "type": "Feature",
      "properties": {
        "@id": "way/968653326",
        "highway": "tertiary_link",
        "oneway": "yes"
      },
      "geometry": {
        "type": "LineString",
        "coordinates": [
          [
            114.39669,
            22.7324646
          ],
          [
            114.3965288,
            22.7324563
          ],
          [
            114.3964437,
            22.7324785
          ],
          [
            114.3963554,
            22.73253
          ]
        ]
      },
      "id": "way/968653326"
    },
    {
      "type": "Feature",
      "properties": {
        "@id": "way/968653327",
        "highway": "primary_link",
        "oneway": "yes"
      },
      "geometry": {
        "type": "LineString",
        "coordinates": [
          [
            114.4025684,
            22.7186001
          ],
          [
            114.4022899,
            22.718722
          ],
          [
            114.4020805,
            22.718841
          ],
          [
            114.4019869,
            22.7189322
          ]
        ]
      },
      "id": "way/968653327"
    },
    {
      "type": "Feature",
      "properties": {
        "@id": "way/968653328",
        "highway": "primary_link",
        "oneway": "yes"
      },
      "geometry": {
        "type": "LineString",
        "coordinates": [
          [
            114.4017581,
            22.7189007
          ],
          [
            114.4017191,
            22.7187669
          ],
          [
            114.4016187,
            22.7186585
          ],
          [
            114.4014496,
            22.7185312
          ]
        ]
      },
      "id": "way/968653328"
    },
    {
      "type": "Feature",
      "properties": {
        "@id": "way/968653329",
        "highway": "primary_link",
        "oneway": "yes"
      },
      "geometry": {
        "type": "LineString",
        "coordinates": [
          [
            114.4014968,
            22.7183884
          ],
          [
            114.4016829,
            22.7183227
          ],
          [
            114.4018261,
            22.7182446
          ],
          [
            114.4019492,
            22.7181214
          ],
          [
            114.4020592,
            22.7179724
          ]
        ]
      },
      "id": "way/968653329"
    },
    {
      "type": "Feature",
      "properties": {
        "@id": "way/968653330",
        "highway": "primary_link",
        "oneway": "yes"
      },
      "geometry": {
        "type": "LineString",
        "coordinates": [
          [
            114.4022872,
            22.7179878
          ],
          [
            114.4023673,
            22.7181981
          ],
          [
            114.4024591,
            22.7183198
          ],
          [
            114.4025804,
            22.7184637
          ]
        ]
      },
      "id": "way/968653330"
    },
    {
      "type": "Feature",
      "properties": {
        "@id": "way/968653331",
        "highway": "service"
      },
      "geometry": {
        "type": "LineString",
        "coordinates": [
          [
            114.4025148,
            22.7170056
          ],
          [
            114.4029709,
            22.7170573
          ]
        ]
      },
      "id": "way/968653331"
    },
    {
      "type": "Feature",
      "properties": {
        "@id": "way/968653332",
        "highway": "service"
      },
      "geometry": {
        "type": "LineString",
        "coordinates": [
          [
            114.4026009,
            22.7159103
          ],
          [
            114.403701,
            22.7159485
          ]
        ]
      },
      "id": "way/968653332"
    },
    {
      "type": "Feature",
      "properties": {
        "@id": "way/968653335",
        "highway": "tertiary_link",
        "oneway": "yes"
      },
      "geometry": {
        "type": "LineString",
        "coordinates": [
          [
            114.4038471,
            22.7002191
          ],
          [
            114.403848,
            22.7003119
          ],
          [
            114.4038697,
            22.7003976
          ],
          [
            114.4039085,
            22.7004597
          ],
          [
            114.4039835,
            22.7005364
          ],
          [
            114.4040269,
            22.7005624
          ],
          [
            114.4041725,
            22.7005846
          ]
        ]
      },
      "id": "way/968653335"
    },
    {
      "type": "Feature",
      "properties": {
        "@id": "way/968653336",
        "highway": "tertiary_link",
        "oneway": "yes"
      },
      "geometry": {
        "type": "LineString",
        "coordinates": [
          [
            114.4030471,
            22.7006871
          ],
          [
            114.403281,
            22.700608
          ],
          [
            114.4033527,
            22.7005545
          ],
          [
            114.4034305,
            22.7004922
          ],
          [
            114.4035037,
            22.7004097
          ],
          [
            114.4035763,
            22.7003067
          ]
        ]
      },
      "id": "way/968653336"
    },
    {
      "type": "Feature",
      "properties": {
        "@id": "way/968653337",
        "highway": "secondary_link",
        "oneway": "yes"
      },
      "geometry": {
        "type": "LineString",
        "coordinates": [
          [
            114.4024927,
            22.7142938
          ],
          [
            114.4024804,
            22.7142165
          ],
          [
            114.4024553,
            22.7141366
          ],
          [
            114.4024158,
            22.7140711
          ],
          [
            114.4023765,
            22.7140255
          ],
          [
            114.4023657,
            22.714013
          ],
          [
            114.4022984,
            22.7139602
          ],
          [
            114.4022154,
            22.7139132
          ],
          [
            114.4021238,
            22.7138833
          ],
          [
            114.4019943,
            22.7138617
          ]
        ]
      },
      "id": "way/968653337"
    },
    {
      "type": "Feature",
      "properties": {
        "@id": "way/968653338",
        "highway": "secondary_link",
        "oneway": "yes"
      },
      "geometry": {
        "type": "LineString",
        "coordinates": [
          [
            114.4020673,
            22.7137569
          ],
          [
            114.4021891,
            22.7137146
          ],
          [
            114.402286,
            22.7136675
          ],
          [
            114.4023686,
            22.7136076
          ],
          [
            114.4024386,
            22.7135417
          ],
          [
            114.4024972,
            22.7134586
          ],
          [
            114.4025359,
            22.7133491
          ]
        ]
      },
      "id": "way/968653338"
    },
    {
      "type": "Feature",
      "properties": {
        "@id": "way/968653339",
        "highway": "secondary_link",
        "oneway": "yes"
      },
      "geometry": {
        "type": "LineString",
        "coordinates": [
          [
            114.4056571,
            22.6957795
          ],
          [
            114.4056562,
            22.6958611
          ],
          [
            114.4056739,
            22.6959352
          ],
          [
            114.4057042,
            22.6960044
          ],
          [
            114.405748,
            22.6960568
          ],
          [
            114.4058005,
            22.6960988
          ],
          [
            114.4058714,
            22.6961332
          ]
        ]
      },
      "id": "way/968653339"
    },
    {
      "type": "Feature",
      "properties": {
        "@id": "way/968653340",
        "highway": "secondary_link",
        "oneway": "yes"
      },
      "geometry": {
        "type": "LineString",
        "coordinates": [
          [
            114.4058271,
            22.6962084
          ],
          [
            114.4057295,
            22.6962281
          ],
          [
            114.4056476,
            22.6962618
          ],
          [
            114.4055699,
            22.6963083
          ],
          [
            114.4054912,
            22.6963687
          ],
          [
            114.4054098,
            22.6964595
          ]
        ]
      },
      "id": "way/968653340"
    },
    {
      "type": "Feature",
      "properties": {
        "@id": "way/968653341",
        "highway": "secondary_link",
        "oneway": "yes"
      },
      "geometry": {
        "type": "LineString",
        "coordinates": [
          [
            114.4048879,
            22.6961153
          ],
          [
            114.4050308,
            22.6960857
          ],
          [
            114.4051517,
            22.6960351
          ],
          [
            114.4052542,
            22.6959786
          ],
          [
            114.405323,
            22.6959241
          ],
          [
            114.4053778,
            22.695858
          ],
          [
            114.405432,
            22.695771
          ]
        ]
      },
      "id": "way/968653341"
    },
    {
      "type": "Feature",
      "properties": {
        "@id": "way/968653342",
        "highway": "secondary_link",
        "lanes": "1",
        "oneway": "yes",
        "surface": "asphalt"
      },
      "geometry": {
        "type": "LineString",
        "coordinates": [
          [
            114.4051426,
            22.6965657
          ],
          [
            114.40515,
            22.6964807
          ],
          [
            114.4051353,
            22.6964057
          ],
          [
            114.4051016,
            22.696342
          ],
          [
            114.4050428,
            22.6962803
          ],
          [
            114.40496,
            22.6962279
          ],
          [
            114.4048581,
            22.6961942
          ]
        ]
      },
      "id": "way/968653342"
    },
    {
      "type": "Feature",
      "properties": {
        "@id": "way/973581375",
        "highway": "service"
      },
      "geometry": {
        "type": "LineString",
        "coordinates": [
          [
            114.4289143,
            22.7028683
          ],
          [
            114.4289626,
            22.7030954
          ],
          [
            114.4290642,
            22.7033354
          ],
          [
            114.4292634,
            22.7036167
          ],
          [
            114.429847,
            22.7044004
          ],
          [
            114.429861,
            22.7044193
          ],
          [
            114.4305643,
            22.7053381
          ]
        ]
      },
      "id": "way/973581375"
    },
    {
      "type": "Feature",
      "properties": {
        "@id": "way/973581376",
        "highway": "service"
      },
      "geometry": {
        "type": "LineString",
        "coordinates": [
          [
            114.4212942,
            22.7057962
          ],
          [
            114.4217968,
            22.705966
          ],
          [
            114.4223347,
            22.7060509
          ],
          [
            114.422993,
            22.7061945
          ],
          [
            114.4236867,
            22.7063708
          ],
          [
            114.4241893,
            22.7064753
          ],
          [
            114.4245574,
            22.7065471
          ],
          [
            114.4248759,
            22.7065536
          ],
          [
            114.425251,
            22.7065275
          ],
          [
            114.4255625,
            22.7064557
          ],
          [
            114.4257149,
            22.706412
          ],
          [
            114.425881,
            22.7063643
          ],
          [
            114.4261079,
            22.7063313
          ],
          [
            114.426332,
            22.7063227
          ],
          [
            114.4266029,
            22.7063054
          ]
        ]
      },
      "id": "way/973581376"
    },
    {
      "type": "Feature",
      "properties": {
        "@id": "way/973581377",
        "highway": "service"
      },
      "geometry": {
        "type": "LineString",
        "coordinates": [
          [
            114.4268644,
            22.7062537
          ],
          [
            114.4270886,
            22.7061805
          ],
          [
            114.4274388,
            22.7059522
          ],
          [
            114.429847,
            22.7044004
          ]
        ]
      },
      "id": "way/973581377"
    },
    {
      "type": "Feature",
      "properties": {
        "@id": "way/973581378",
        "bridge": "yes",
        "highway": "service",
        "layer": "1"
      },
      "geometry": {
        "type": "LineString",
        "coordinates": [
          [
            114.4266029,
            22.7063054
          ],
          [
            114.4268644,
            22.7062537
          ]
        ]
      },
      "id": "way/973581378"
    },
    {
      "type": "Feature",
      "properties": {
        "@id": "way/973581379",
        "highway": "service"
      },
      "geometry": {
        "type": "LineString",
        "coordinates": [
          [
            114.4266029,
            22.7063054
          ],
          [
            114.4264348,
            22.7061116
          ],
          [
            114.426318,
            22.705991
          ],
          [
            114.4262293,
            22.7059135
          ],
          [
            114.4261312,
            22.7058359
          ],
          [
            114.4259538,
            22.7057842
          ],
          [
            114.4257576,
            22.7058014
          ],
          [
            114.4256596,
            22.7058445
          ],
          [
            114.4257432,
            22.7060465
          ],
          [
            114.4257576,
            22.7060815
          ],
          [
            114.425881,
            22.7063643
          ]
        ]
      },
      "id": "way/973581379"
    },
    {
      "type": "Feature",
      "properties": {
        "@id": "way/973581380",
        "highway": "service"
      },
      "geometry": {
        "type": "LineString",
        "coordinates": [
          [
            114.4257432,
            22.7060465
          ],
          [
            114.4257149,
            22.706412
          ]
        ]
      },
      "id": "way/973581380"
    },
    {
      "type": "Feature",
      "properties": {
        "@id": "way/973581381",
        "highway": "service"
      },
      "geometry": {
        "type": "LineString",
        "coordinates": [
          [
            114.4298989,
            22.7031567
          ],
          [
            114.4299594,
            22.7031097
          ],
          [
            114.4306833,
            22.7026703
          ],
          [
            114.4308327,
            22.7025777
          ],
          [
            114.4309798,
            22.702498
          ],
          [
            114.4311292,
            22.7024333
          ],
          [
            114.431274,
            22.7023946
          ],
          [
            114.4314234,
            22.7023709
          ],
          [
            114.4315519,
            22.7023644
          ],
          [
            114.431685,
            22.7023817
          ],
          [
            114.4318461,
            22.702429
          ],
          [
            114.4321123,
            22.7024915
          ],
          [
            114.4325559,
            22.7025841
          ],
          [
            114.4329295,
            22.702694
          ],
          [
            114.4329368,
            22.702696
          ]
        ]
      },
      "id": "way/973581381"
    },
    {
      "type": "Feature",
      "properties": {
        "@id": "way/973581385",
        "highway": "secondary",
        "name": "龙兴路",
        "ref": "X206",
        "source": "bing"
      },
      "geometry": {
        "type": "LineString",
        "coordinates": [
          [
            114.428846,
            22.7028483
          ],
          [
            114.428657,
            22.7027928
          ],
          [
            114.4281995,
            22.7026099
          ],
          [
            114.4279272,
            22.7023513
          ]
        ]
      },
      "id": "way/973581385"
    },
    {
      "type": "Feature",
      "properties": {
        "@id": "way/973581386",
        "highway": "secondary",
        "name": "龙兴路",
        "ref": "X206",
        "source": "bing"
      },
      "geometry": {
        "type": "LineString",
        "coordinates": [
          [
            114.4295706,
            22.7030613
          ],
          [
            114.4292922,
            22.7029792
          ],
          [
            114.4289143,
            22.7028683
          ],
          [
            114.4288801,
            22.7028583
          ],
          [
            114.428846,
            22.7028483
          ]
        ]
      },
      "id": "way/973581386"
    },
    {
      "type": "Feature",
      "properties": {
        "@id": "way/975251456",
        "highway": "service"
      },
      "geometry": {
        "type": "LineString",
        "coordinates": [
          [
            114.4280737,
            22.7259291
          ],
          [
            114.4286106,
            22.7254975
          ],
          [
            114.4286565,
            22.7254544
          ]
        ]
      },
      "id": "way/975251456"
    },
    {
      "type": "Feature",
      "properties": {
        "@id": "way/975251458",
        "highway": "service"
      },
      "geometry": {
        "type": "LineString",
        "coordinates": [
          [
            114.4247777,
            22.7223482
          ],
          [
            114.4249995,
            22.7220596
          ]
        ]
      },
      "id": "way/975251458"
    },
    {
      "type": "Feature",
      "properties": {
        "@id": "way/975251459",
        "highway": "service",
        "layer": "1"
      },
      "geometry": {
        "type": "LineString",
        "coordinates": [
          [
            114.4248594,
            22.7223127
          ],
          [
            114.424832,
            22.7223246
          ],
          [
            114.4247777,
            22.7223482
          ]
        ]
      },
      "id": "way/975251459"
    },
    {
      "type": "Feature",
      "properties": {
        "@id": "way/975251460",
        "highway": "service",
        "layer": "1"
      },
      "geometry": {
        "type": "LineString",
        "coordinates": [
          [
            114.4249995,
            22.7220596
          ],
          [
            114.4250299,
            22.7220575
          ],
          [
            114.4250427,
            22.7220715
          ],
          [
            114.4250498,
            22.7220941
          ],
          [
            114.4250427,
            22.7221145
          ],
          [
            114.4249423,
            22.7222588
          ],
          [
            114.4249038,
            22.7222911
          ],
          [
            114.4248594,
            22.7223127
          ]
        ]
      },
      "id": "way/975251460"
    },
    {
      "type": "Feature",
      "properties": {
        "@id": "way/975251461",
        "highway": "unclassified",
        "name": "新荷大道",
        "oneway": "yes"
      },
      "geometry": {
        "type": "LineString",
        "coordinates": [
          [
            114.4321067,
            22.7253717
          ],
          [
            114.4304986,
            22.7253866
          ],
          [
            114.4298506,
            22.7253793
          ],
          [
            114.4294074,
            22.7253906
          ],
          [
            114.4291818,
            22.7254075
          ],
          [
            114.4286712,
            22.7254526
          ],
          [
            114.4286565,
            22.7254544
          ]
        ]
      },
      "id": "way/975251461"
    },
    {
      "type": "Feature",
      "properties": {
        "@id": "way/975251463",
        "highway": "unclassified",
        "name": "新荷大道",
        "oneway": "yes"
      },
      "geometry": {
        "type": "LineString",
        "coordinates": [
          [
            114.428745,
            22.7253838
          ],
          [
            114.4291472,
            22.7253418
          ],
          [
            114.429381,
            22.7253231
          ],
          [
            114.4295619,
            22.7253193
          ],
          [
            114.4299156,
            22.72531
          ],
          [
            114.430495,
            22.7253335
          ],
          [
            114.4319738,
            22.7253181
          ],
          [
            114.4321064,
            22.7253141
          ]
        ]
      },
      "id": "way/975251463"
    },
    {
      "type": "Feature",
      "properties": {
        "@id": "way/975251465",
        "highway": "tertiary",
        "name": "新西路",
        "ref": "YV56"
      },
      "geometry": {
        "type": "LineString",
        "coordinates": [
          [
            114.4280737,
            22.7259291
          ],
          [
            114.4286392,
            22.7268705
          ],
          [
            114.4286859,
            22.7270396
          ],
          [
            114.4286859,
            22.7272815
          ],
          [
            114.4286873,
            22.7274124
          ],
          [
            114.4286931,
            22.7279444
          ],
          [
            114.4286715,
            22.7285609
          ],
          [
            114.4286859,
            22.7288294
          ],
          [
            114.4287398,
            22.7290946
          ],
          [
            114.4288081,
            22.7293889
          ],
          [
            114.4288943,
            22.7296077
          ],
          [
            114.4290093,
            22.7298695
          ],
          [
            114.429171,
            22.7302076
          ],
          [
            114.4293184,
            22.7305092
          ],
          [
            114.4293794,
            22.7306683
          ],
          [
            114.4293902,
            22.7308041
          ]
        ]
      },
      "id": "way/975251465"
    },
    {
      "type": "Feature",
      "properties": {
        "@id": "way/975251466",
        "highway": "service"
      },
      "geometry": {
        "type": "LineString",
        "coordinates": [
          [
            114.4286565,
            22.7254544
          ],
          [
            114.4286712,
            22.7254428
          ],
          [
            114.428745,
            22.7253838
          ]
        ]
      },
      "id": "way/975251466"
    },
    {
      "type": "Feature",
      "properties": {
        "@id": "way/975251467",
        "highway": "tertiary",
        "name": "新西路",
        "ref": "YV56"
      },
      "geometry": {
        "type": "LineString",
        "coordinates": [
          [
            114.4245472,
            22.7226203
          ],
          [
            114.4245903,
            22.7226809
          ],
          [
            114.4247627,
            22.7229427
          ],
          [
            114.4248634,
            22.7230621
          ],
          [
            114.4250394,
            22.7231847
          ],
          [
            114.4254311,
            22.7233836
          ],
          [
            114.4256359,
            22.7235294
          ],
          [
            114.4258264,
            22.7236753
          ],
          [
            114.4260312,
            22.7238244
          ],
          [
            114.426175,
            22.7239404
          ],
          [
            114.4263583,
            22.7241029
          ],
          [
            114.4265954,
            22.724305
          ],
          [
            114.4271401,
            22.7247956
          ],
          [
            114.4273917,
            22.7250011
          ],
          [
            114.4275822,
            22.7251801
          ],
          [
            114.4276971,
            22.7253226
          ],
          [
            114.4278265,
            22.7255182
          ],
          [
            114.4279523,
            22.725727
          ],
          [
            114.4280737,
            22.7259291
          ]
        ]
      },
      "id": "way/975251467"
    },
    {
      "type": "Feature",
      "properties": {
        "@id": "way/975251511",
        "highway": "service"
      },
      "geometry": {
        "type": "LineString",
        "coordinates": [
          [
            114.4245472,
            22.7226203
          ],
          [
            114.4247777,
            22.7223482
          ]
        ]
      },
      "id": "way/975251511"
    },
    {
      "type": "Feature",
      "properties": {
        "@id": "way/976400251",
        "highway": "secondary",
        "name": "兰景中路",
        "oneway": "yes"
      },
      "geometry": {
        "type": "LineString",
        "coordinates": [
          [
            114.3825562,
            22.7116808
          ],
          [
            114.3827089,
            22.7114718
          ],
          [
            114.3827965,
            22.7113518
          ],
          [
            114.3829636,
            22.7112261
          ]
        ]
      },
      "id": "way/976400251"
    },
    {
      "type": "Feature",
      "properties": {
        "@id": "way/976400252",
        "highway": "secondary",
        "name": "金牛中路",
        "name:en": "Jinniu Middle Road",
        "name:zh": "金牛中路",
        "oneway": "yes",
        "source": "bing"
      },
      "geometry": {
        "type": "LineString",
        "coordinates": [
          [
            114.3829262,
            22.7113762
          ],
          [
            114.3827965,
            22.7113518
          ],
          [
            114.3824642,
            22.7112892
          ],
          [
            114.3824484,
            22.7112847
          ]
        ]
      },
      "id": "way/976400252"
    },
    {
      "type": "Feature",
      "properties": {
        "@id": "way/976400268",
        "highway": "primary",
        "name": "兰竹东路",
        "name:en": "Lanzhu East Road",
        "name:zh": "兰竹东路",
        "oneway": "yes"
      },
      "geometry": {
        "type": "LineString",
        "coordinates": [
          [
            114.3863913,
            22.7181162
          ],
          [
            114.3856057,
            22.7180949
          ],
          [
            114.3855519,
            22.7180935
          ],
          [
            114.3853882,
            22.718089
          ],
          [
            114.3834815,
            22.7180374
          ],
          [
            114.3834359,
            22.7180361
          ],
          [
            114.383339,
            22.7180335
          ],
          [
            114.3832497,
            22.7180311
          ],
          [
            114.3830951,
            22.7180269
          ],
          [
            114.3830541,
            22.7180258
          ],
          [
            114.3828502,
            22.7180203
          ],
          [
            114.3786733,
            22.7179071
          ],
          [
            114.378536,
            22.7179034
          ],
          [
            114.378448,
            22.717901
          ],
          [
            114.3782678,
            22.7179022
          ],
          [
            114.3781258,
            22.7178865
          ],
          [
            114.3780313,
            22.7178684
          ],
          [
            114.3779812,
            22.7178582
          ],
          [
            114.377792,
            22.7178048
          ],
          [
            114.3755198,
            22.7171586
          ],
          [
            114.3752401,
            22.7170785
          ],
          [
            114.3751096,
            22.7170384
          ]
        ]
      },
      "id": "way/976400268"
    },
    {
      "type": "Feature",
      "properties": {
        "@id": "way/976400269",
        "highway": "tertiary",
        "name": "创景路",
        "oneway": "yes",
        "source": "bing"
      },
      "geometry": {
        "type": "LineString",
        "coordinates": [
          [
            114.3908189,
            22.718145
          ],
          [
            114.390752,
            22.7182344
          ]
        ]
      },
      "id": "way/976400269"
    },
    {
      "type": "Feature",
      "properties": {
        "@id": "way/976400270",
        "highway": "primary",
        "name": "兰竹东路",
        "name:en": "Lanzhu East Road",
        "name:zh": "兰竹东路",
        "oneway": "yes"
      },
      "geometry": {
        "type": "LineString",
        "coordinates": [
          [
            114.3948799,
            22.7182517
          ],
          [
            114.3950494,
            22.7182569
          ],
          [
            114.3951041,
            22.7182587
          ],
          [
            114.3959837,
            22.7182806
          ],
          [
            114.3962548,
            22.7182874
          ],
          [
            114.3984658,
            22.7183426
          ],
          [
            114.3996083,
            22.7183599
          ],
          [
            114.4012659,
            22.7183849
          ],
          [
            114.4014968,
            22.7183884
          ],
          [
            114.4017604,
            22.7183936
          ],
          [
            114.4019337,
            22.7184093
          ],
          [
            114.4021368,
            22.7184184
          ],
          [
            114.4021657,
            22.7184235
          ],
          [
            114.4025085,
            22.7184518
          ],
          [
            114.4025804,
            22.7184637
          ],
          [
            114.4027597,
            22.7184855
          ],
          [
            114.4030193,
            22.718533
          ],
          [
            114.4032663,
            22.7186136
          ]
        ]
      },
      "id": "way/976400270"
    },
    {
      "type": "Feature",
      "properties": {
        "@id": "way/976400278",
        "alt_name": "237乡道",
        "alt_name_1": "石水线",
        "highway": "secondary",
        "lanes": "1",
        "name": "坪山金田路",
        "name:en": "Pingshan Jintian Road",
        "name:zh": "坪山金田路",
        "oneway": "yes",
        "ref": "Y237",
        "surface": "asphalt"
      },
      "geometry": {
        "type": "LineString",
        "coordinates": [
          [
            114.4095526,
            22.6963286
          ],
          [
            114.4100385,
            22.6963657
          ],
          [
            114.4106807,
            22.6964076
          ],
          [
            114.4110136,
            22.6964086
          ],
          [
            114.411386,
            22.6963851
          ],
          [
            114.4116876,
            22.6963565
          ]
        ]
      },
      "id": "way/976400278"
    },
    {
      "type": "Feature",
      "properties": {
        "@id": "way/976400279",
        "alt_name": "237乡道",
        "alt_name_1": "石水线",
        "highway": "secondary",
        "lanes": "1",
        "name": "坪山金田路",
        "name:en": "Pingshan Jintian Road",
        "name:zh": "坪山金田路",
        "oneway": "yes",
        "ref": "Y237",
        "surface": "asphalt"
      },
      "geometry": {
        "type": "LineString",
        "coordinates": [
          [
            114.4116921,
            22.6964212
          ],
          [
            114.4114834,
            22.6964394
          ],
          [
            114.411262,
            22.6964554
          ],
          [
            114.4110386,
            22.6964629
          ],
          [
            114.4107963,
            22.696467
          ],
          [
            114.4105506,
            22.6964631
          ],
          [
            114.4103047,
            22.6964499
          ],
          [
            114.4100365,
            22.6964255
          ],
          [
            114.4095505,
            22.6963887
          ]
        ]
      },
      "id": "way/976400279"
    },
    {
      "type": "Feature",
      "properties": {
        "@id": "way/976400282",
        "alt_name": "237乡道",
        "alt_name_1": "石水线",
        "highway": "secondary",
        "lanes": "1",
        "name": "坪山金田路",
        "name:en": "Pingshan Jintian Road",
        "name:zh": "坪山金田路",
        "oneway": "yes",
        "ref": "Y237",
        "source": "bing",
        "surface": "asphalt"
      },
      "geometry": {
        "type": "LineString",
        "coordinates": [
          [
            114.4060988,
            22.6961374
          ],
          [
            114.4069432,
            22.6961528
          ]
        ]
      },
      "id": "way/976400282"
    },
    {
      "type": "Feature",
      "properties": {
        "@id": "way/976400283",
        "highway": "residential",
        "name": "新联路"
      },
      "geometry": {
        "type": "LineString",
        "coordinates": [
          [
            114.4139468,
            22.6950499
          ],
          [
            114.41393,
            22.6944869
          ]
        ]
      },
      "id": "way/976400283"
    },
    {
      "type": "Feature",
      "properties": {
        "@id": "way/976400284",
        "bridge": "yes",
        "highway": "residential",
        "layer": "1",
        "name": "新联路"
      },
      "geometry": {
        "type": "LineString",
        "coordinates": [
          [
            114.4139546,
            22.6953133
          ],
          [
            114.4139468,
            22.6950499
          ]
        ]
      },
      "id": "way/976400284"
    },
    {
      "type": "Feature",
      "properties": {
        "@id": "way/976400317",
        "highway": "secondary",
        "name": "兰景中路",
        "oneway": "yes"
      },
      "geometry": {
        "type": "LineString",
        "coordinates": [
          [
            114.3829636,
            22.7112261
          ],
          [
            114.3829262,
            22.7113762
          ]
        ]
      },
      "id": "way/976400317"
    },
    {
      "type": "Feature",
      "properties": {
        "@id": "way/976400318",
        "highway": "secondary",
        "name": "青松西路",
        "oneway": "yes"
      },
      "geometry": {
        "type": "LineString",
        "coordinates": [
          [
            114.3981354,
            22.7256768
          ],
          [
            114.3979242,
            22.7256589
          ],
          [
            114.3978032,
            22.7256484
          ],
          [
            114.3977045,
            22.7256305
          ],
          [
            114.3965416,
            22.7255985
          ],
          [
            114.3964153,
            22.725595
          ],
          [
            114.3954764,
            22.7255692
          ],
          [
            114.3949723,
            22.7255554
          ],
          [
            114.3946925,
            22.7255477
          ]
        ]
      },
      "id": "way/976400318"
    },
    {
      "type": "Feature",
      "properties": {
        "@id": "way/976400320",
        "highway": "secondary",
        "lanes": "2",
        "name": "青松西路",
        "name:en": "Qingsong West Road",
        "name:zh": "青松西路",
        "oneway": "yes"
      },
      "geometry": {
        "type": "LineString",
        "coordinates": [
          [
            114.3946646,
            22.7254748
          ],
          [
            114.3947288,
            22.7254766
          ],
          [
            114.3947805,
            22.7254781
          ],
          [
            114.3949737,
            22.7254836
          ],
          [
            114.3954811,
            22.7254982
          ],
          [
            114.3964153,
            22.725525
          ],
          [
            114.3977126,
            22.7255623
          ],
          [
            114.3979547,
            22.7255692
          ]
        ]
      },
      "id": "way/976400320"
    },
    {
      "type": "Feature",
      "properties": {
        "@id": "way/976400321",
        "highway": "primary",
        "lanes": "4",
        "name": "兰竹东路",
        "name:en": "Lanzhu East Road",
        "name:zh": "兰竹东路",
        "oneway": "yes"
      },
      "geometry": {
        "type": "LineString",
        "coordinates": [
          [
            114.3948418,
            22.7183411
          ],
          [
            114.3947534,
            22.7183395
          ],
          [
            114.3947122,
            22.7183387
          ],
          [
            114.3912938,
            22.7182488
          ],
          [
            114.3909639,
            22.7182401
          ],
          [
            114.390914,
            22.7182387
          ],
          [
            114.390752,
            22.7182344
          ]
        ]
      },
      "id": "way/976400321"
    },
    {
      "type": "Feature",
      "properties": {
        "@id": "way/976400323",
        "highway": "primary",
        "name": "兰竹东路",
        "name:en": "Lanzhu East Road",
        "name:zh": "兰竹东路",
        "oneway": "yes"
      },
      "geometry": {
        "type": "LineString",
        "coordinates": [
          [
            114.3908189,
            22.718145
          ],
          [
            114.3909149,
            22.7181476
          ],
          [
            114.3909721,
            22.7181491
          ],
          [
            114.3947138,
            22.7182465
          ],
          [
            114.3947628,
            22.718248
          ],
          [
            114.3948799,
            22.7182517
          ]
        ]
      },
      "id": "way/976400323"
    },
    {
      "type": "Feature",
      "properties": {
        "@id": "way/976400329",
        "alt_name": "237乡道",
        "alt_name_1": "石水线",
        "highway": "secondary",
        "name": "坪山金田路",
        "oneway": "yes",
        "ref": "Y237",
        "source": "bing"
      },
      "geometry": {
        "type": "LineString",
        "coordinates": [
          [
            114.428046,
            22.697247
          ],
          [
            114.4279139,
            22.697263
          ],
          [
            114.4277909,
            22.6972399
          ],
          [
            114.4273803,
            22.6971867
          ],
          [
            114.4268694,
            22.6971437
          ]
        ]
      },
      "id": "way/976400329"
    },
    {
      "type": "Feature",
      "properties": {
        "@id": "way/976400330",
        "alt_name": "237乡道",
        "alt_name_1": "石水线",
        "highway": "secondary",
        "name": "坪山金田路",
        "oneway": "yes",
        "ref": "Y237",
        "source": "bing"
      },
      "geometry": {
        "type": "LineString",
        "coordinates": [
          [
            114.4264392,
            22.6970369
          ],
          [
            114.4276118,
            22.6971416
          ],
          [
            114.4279471,
            22.6971939
          ],
          [
            114.428046,
            22.697247
          ]
        ]
      },
      "id": "way/976400330"
    },
    {
      "type": "Feature",
      "properties": {
        "@id": "way/979739871",
        "highway": "secondary",
        "name": "金牛东路",
        "name:en": "Jinniu East Road",
        "name:zh": "金牛东路",
        "oneway": "yes",
        "source": "bing"
      },
      "geometry": {
        "type": "LineString",
        "coordinates": [
          [
            114.3829636,
            22.7112261
          ],
          [
            114.383173,
            22.7112331
          ],
          [
            114.3831994,
            22.7112509
          ],
          [
            114.3859673,
            22.7113251
          ],
          [
            114.3860115,
            22.7113263
          ],
          [
            114.3862343,
            22.7113323
          ]
        ]
      },
      "id": "way/979739871"
    },
    {
      "type": "Feature",
      "properties": {
        "@id": "way/979739872",
        "highway": "secondary_link",
        "lanes": "1",
        "oneway": "yes"
      },
      "geometry": {
        "type": "LineString",
        "coordinates": [
          [
            114.386022,
            22.7117054
          ],
          [
            114.3860195,
            22.7116483
          ],
          [
            114.3860048,
            22.7115894
          ],
          [
            114.3859778,
            22.7115391
          ],
          [
            114.3859367,
            22.711491
          ],
          [
            114.3858852,
            22.7114502
          ],
          [
            114.3858046,
            22.7114143
          ]
        ]
      },
      "id": "way/979739872"
    },
    {
      "type": "Feature",
      "properties": {
        "@id": "way/979739876",
        "highway": "service",
        "layer": "1",
        "service": "parking_aisle"
      },
      "geometry": {
        "type": "LineString",
        "coordinates": [
          [
            114.390397,
            22.7140227
          ],
          [
            114.3907971,
            22.714027
          ]
        ]
      },
      "id": "way/979739876"
    },
    {
      "type": "Feature",
      "properties": {
        "@id": "way/979739884",
        "highway": "tertiary",
        "name": "科技路"
      },
      "geometry": {
        "type": "LineString",
        "coordinates": [
          [
            114.3802955,
            22.714809
          ],
          [
            114.380407,
            22.7148513
          ],
          [
            114.3805325,
            22.7148547
          ],
          [
            114.3843261,
            22.7149567
          ],
          [
            114.3843845,
            22.7149583
          ],
          [
            114.3845938,
            22.7149642
          ],
          [
            114.3846818,
            22.7149668
          ]
        ]
      },
      "id": "way/979739884"
    },
    {
      "type": "Feature",
      "properties": {
        "@id": "way/979739885",
        "highway": "tertiary",
        "name": "翠景路",
        "oneway": "yes"
      },
      "geometry": {
        "type": "LineString",
        "coordinates": [
          [
            114.3862343,
            22.7113323
          ],
          [
            114.3862324,
            22.7114252
          ],
          [
            114.3861652,
            22.7115787
          ],
          [
            114.3861419,
            22.7116319
          ],
          [
            114.3847742,
            22.7147556
          ],
          [
            114.3847539,
            22.714802
          ],
          [
            114.3846818,
            22.7149668
          ]
        ]
      },
      "id": "way/979739885"
    },
    {
      "type": "Feature",
      "properties": {
        "@id": "way/979739886",
        "highway": "secondary",
        "name": "金牛东路",
        "name:en": "Jinniu East Road",
        "name:zh": "金牛东路",
        "oneway": "yes",
        "source": "bing"
      },
      "geometry": {
        "type": "LineString",
        "coordinates": [
          [
            114.3910101,
            22.7118841
          ],
          [
            114.3908547,
            22.7118425
          ]
        ]
      },
      "id": "way/979739886"
    },
    {
      "type": "Feature",
      "properties": {
        "@id": "way/979739887",
        "highway": "tertiary",
        "lanes": "2",
        "name": "创景路",
        "name:en": "Chuangjing Road",
        "name:zh": "创景路",
        "oneway": "yes",
        "source": "bing"
      },
      "geometry": {
        "type": "LineString",
        "coordinates": [
          [
            114.3908654,
            22.7114596
          ],
          [
            114.3908703,
            22.7113032
          ],
          [
            114.3908818,
            22.7111502
          ],
          [
            114.3909019,
            22.7109932
          ],
          [
            114.3908905,
            22.7108676
          ],
          [
            114.3908848,
            22.7107337
          ],
          [
            114.3909284,
            22.71046
          ],
          [
            114.3909828,
            22.710222
          ],
          [
            114.3910581,
            22.7099777
          ],
          [
            114.3911427,
            22.7097536
          ],
          [
            114.3912335,
            22.70953
          ],
          [
            114.3912532,
            22.7094905
          ],
          [
            114.3913082,
            22.7093799
          ],
          [
            114.3914116,
            22.709172
          ],
          [
            114.3914324,
            22.7091304
          ],
          [
            114.391529,
            22.7089677
          ],
          [
            114.3916311,
            22.70881
          ],
          [
            114.3916543,
            22.7087794
          ],
          [
            114.3917205,
            22.708692
          ],
          [
            114.3918006,
            22.7085865
          ],
          [
            114.3918357,
            22.7085402
          ],
          [
            114.3919759,
            22.7083718
          ]
        ]
      },
      "id": "way/979739887"
    },
    {
      "type": "Feature",
      "properties": {
        "@id": "way/979739888",
        "highway": "tertiary",
        "name": "科技路",
        "name:en": "Keji Road",
        "name:zh": "科技路"
      },
      "geometry": {
        "type": "LineString",
        "coordinates": [
          [
            114.3907674,
            22.7151544
          ],
          [
            114.3909102,
            22.7151552
          ],
          [
            114.3911048,
            22.7151563
          ],
          [
            114.3911462,
            22.7151565
          ],
          [
            114.3934334,
            22.7152168
          ],
          [
            114.3958615,
            22.7152808
          ],
          [
            114.3959075,
            22.7152821
          ],
          [
            114.3960222,
            22.7152851
          ]
        ]
      },
      "id": "way/979739888"
    },
    {
      "type": "Feature",
      "properties": {
        "@id": "way/979739889",
        "highway": "tertiary",
        "name": "创景路",
        "oneway": "yes",
        "source": "bing"
      },
      "geometry": {
        "type": "LineString",
        "coordinates": [
          [
            114.390752,
            22.7182344
          ],
          [
            114.3906886,
            22.7181416
          ],
          [
            114.3906916,
            22.7180272
          ],
          [
            114.3906926,
            22.7179885
          ],
          [
            114.3906966,
            22.7178355
          ],
          [
            114.3907624,
            22.715341
          ],
          [
            114.3907637,
            22.7152921
          ],
          [
            114.3907674,
            22.7151544
          ]
        ]
      },
      "id": "way/979739889"
    },
    {
      "type": "Feature",
      "properties": {
        "@id": "way/979739890",
        "highway": "tertiary",
        "name": "创景路",
        "oneway": "yes"
      },
      "geometry": {
        "type": "LineString",
        "coordinates": [
          [
            114.3907674,
            22.7151544
          ],
          [
            114.3907714,
            22.7150016
          ],
          [
            114.3907726,
            22.7149567
          ],
          [
            114.3907971,
            22.714027
          ]
        ]
      },
      "id": "way/979739890"
    },
    {
      "type": "Feature",
      "properties": {
        "@id": "way/984885718",
        "highway": "unclassified",
        "name": "曦城东路",
        "oneway": "yes"
      },
      "geometry": {
        "type": "LineString",
        "coordinates": [
          [
            114.415387,
            22.7295492
          ],
          [
            114.4152814,
            22.7296684
          ],
          [
            114.414971,
            22.7300256
          ],
          [
            114.414018,
            22.7311267
          ],
          [
            114.4128801,
            22.7324317
          ],
          [
            114.4118501,
            22.7336439
          ],
          [
            114.4110062,
            22.7346342
          ],
          [
            114.4096696,
            22.7362114
          ],
          [
            114.4095323,
            22.7363662
          ],
          [
            114.4092408,
            22.7366946
          ],
          [
            114.4091479,
            22.7368096
          ]
        ]
      },
      "id": "way/984885718"
    },
    {
      "type": "Feature",
      "properties": {
        "@id": "way/984885719",
        "highway": "unclassified",
        "name": "曦城东路",
        "oneway": "yes"
      },
      "geometry": {
        "type": "LineString",
        "coordinates": [
          [
            114.4090496,
            22.7367406
          ],
          [
            114.4091442,
            22.7366269
          ],
          [
            114.4094146,
            22.7363017
          ],
          [
            114.4097961,
            22.7358428
          ],
          [
            114.4103185,
            22.7352065
          ],
          [
            114.4110895,
            22.7343269
          ],
          [
            114.4117163,
            22.7335877
          ],
          [
            114.411769,
            22.7335169
          ],
          [
            114.4127075,
            22.7324308
          ],
          [
            114.4130511,
            22.7320351
          ],
          [
            114.4131708,
            22.7318971
          ],
          [
            114.4141736,
            22.7307525
          ],
          [
            114.414581,
            22.7302641
          ],
          [
            114.414834,
            22.7299607
          ],
          [
            114.4151803,
            22.7295911
          ],
          [
            114.4152849,
            22.7294758
          ]
        ]
      },
      "id": "way/984885719"
    },
    {
      "type": "Feature",
      "properties": {
        "@id": "way/984885721",
        "highway": "unclassified",
        "oneway": "yes"
      },
      "geometry": {
        "type": "LineString",
        "coordinates": [
          [
            114.4157562,
            22.7300209
          ],
          [
            114.4156188,
            22.7299543
          ],
          [
            114.4154966,
            22.7299069
          ],
          [
            114.4154019,
            22.7298895
          ],
          [
            114.4153002,
            22.7298919
          ],
          [
            114.4151876,
            22.7299216
          ],
          [
            114.4150736,
            22.7299661
          ],
          [
            114.414971,
            22.7300256
          ]
        ]
      },
      "id": "way/984885721"
    },
    {
      "type": "Feature",
      "properties": {
        "@id": "way/984885722",
        "highway": "unclassified",
        "oneway": "yes"
      },
      "geometry": {
        "type": "LineString",
        "coordinates": [
          [
            114.414834,
            22.7299607
          ],
          [
            114.4148893,
            22.7298031
          ],
          [
            114.4148994,
            22.7296873
          ],
          [
            114.4149012,
            22.7295893
          ],
          [
            114.4148822,
            22.7295114
          ],
          [
            114.4148468,
            22.7294444
          ],
          [
            114.4147404,
            22.729274
          ]
        ]
      },
      "id": "way/984885722"
    },
    {
      "type": "Feature",
      "properties": {
        "@id": "way/984885730",
        "highway": "unclassified",
        "name": "曦城西路",
        "oneway": "yes"
      },
      "geometry": {
        "type": "LineString",
        "coordinates": [
          [
            114.4113077,
            22.7161747
          ],
          [
            114.4108453,
            22.7167017
          ],
          [
            114.4104541,
            22.7171474
          ],
          [
            114.4103912,
            22.7172223
          ],
          [
            114.4094713,
            22.7183174
          ],
          [
            114.4085761,
            22.7193832
          ],
          [
            114.4081411,
            22.7198545
          ],
          [
            114.4078686,
            22.7200499
          ],
          [
            114.407789,
            22.7201029
          ],
          [
            114.407526,
            22.7202327
          ],
          [
            114.4071898,
            22.7203831
          ],
          [
            114.40699,
            22.7204702
          ],
          [
            114.4058558,
            22.7209969
          ],
          [
            114.4057006,
            22.7210958
          ],
          [
            114.4055664,
            22.7212378
          ],
          [
            114.405447,
            22.7213636
          ],
          [
            114.4040792,
            22.7229685
          ],
          [
            114.4037845,
            22.723312
          ],
          [
            114.402509,
            22.7247992
          ],
          [
            114.4015803,
            22.7259089
          ],
          [
            114.4008249,
            22.7267976
          ],
          [
            114.4005794,
            22.7270791
          ]
        ]
      },
      "id": "way/984885730"
    },
    {
      "type": "Feature",
      "properties": {
        "@id": "way/984885731",
        "highway": "unclassified",
        "name": "曦城西路",
        "oneway": "yes"
      },
      "geometry": {
        "type": "LineString",
        "coordinates": [
          [
            114.4055387,
            22.7211871
          ],
          [
            114.4056647,
            22.7210519
          ],
          [
            114.4058312,
            22.7209552
          ],
          [
            114.4067227,
            22.7205308
          ],
          [
            114.4074288,
            22.7202115
          ],
          [
            114.4077659,
            22.7200392
          ],
          [
            114.4080984,
            22.7198123
          ],
          [
            114.408513,
            22.7193753
          ],
          [
            114.4088227,
            22.7190014
          ],
          [
            114.4094216,
            22.7182858
          ],
          [
            114.4098819,
            22.7177359
          ],
          [
            114.4103997,
            22.7171173
          ],
          [
            114.4110626,
            22.7163753
          ],
          [
            114.4112628,
            22.7161365
          ]
        ]
      },
      "id": "way/984885731"
    },
    {
      "type": "Feature",
      "properties": {
        "@id": "way/984885735",
        "highway": "service"
      },
      "geometry": {
        "type": "LineString",
        "coordinates": [
          [
            114.4102451,
            22.7157874
          ],
          [
            114.4104979,
            22.7158421
          ],
          [
            114.4106847,
            22.7159219
          ],
          [
            114.4108874,
            22.715987
          ],
          [
            114.4110787,
            22.7160248
          ],
          [
            114.4112154,
            22.7160795
          ],
          [
            114.4112628,
            22.7161365
          ],
          [
            114.4112797,
            22.7161509
          ],
          [
            114.4113077,
            22.7161747
          ],
          [
            114.4114318,
            22.7162644
          ],
          [
            114.4116482,
            22.7164534
          ],
          [
            114.4119329,
            22.7166488
          ],
          [
            114.4121379,
            22.7167707
          ],
          [
            114.412418,
            22.716861
          ]
        ]
      },
      "id": "way/984885735"
    },
    {
      "type": "Feature",
      "properties": {
        "@id": "way/984885749",
        "highway": "unclassified",
        "name": "光平路"
      },
      "geometry": {
        "type": "LineString",
        "coordinates": [
          [
            114.405288,
            22.7268994
          ],
          [
            114.4048026,
            22.7274742
          ],
          [
            114.4045692,
            22.7277505
          ],
          [
            114.4041708,
            22.728237
          ],
          [
            114.4040902,
            22.7284299
          ],
          [
            114.4040392,
            22.7286655
          ],
          [
            114.4040341,
            22.7288747
          ],
          [
            114.4040881,
            22.7291197
          ],
          [
            114.4041772,
            22.7293074
          ],
          [
            114.4043056,
            22.729495
          ],
          [
            114.4045598,
            22.729857
          ],
          [
            114.4050555,
            22.730453
          ],
          [
            114.4053427,
            22.7307624
          ],
          [
            114.4059147,
            22.7313454
          ],
          [
            114.4059656,
            22.7313963
          ],
          [
            114.4060035,
            22.7314341
          ],
          [
            114.4063039,
            22.7317363
          ],
          [
            114.4068699,
            22.7322311
          ],
          [
            114.4071658,
            22.7324523
          ],
          [
            114.4075202,
            22.7326939
          ],
          [
            114.4078372,
            22.7328838
          ],
          [
            114.4079985,
            22.7329771
          ],
          [
            114.4082946,
            22.7330623
          ],
          [
            114.4083865,
            22.7330814
          ],
          [
            114.4085965,
            22.7331152
          ],
          [
            114.4087599,
            22.7331145
          ],
          [
            114.4090057,
            22.7330824
          ],
          [
            114.4090725,
            22.7330661
          ],
          [
            114.409204,
            22.733034
          ],
          [
            114.4096006,
            22.7327707
          ],
          [
            114.4098816,
            22.7324965
          ],
          [
            114.4099452,
            22.7324135
          ]
        ]
      },
      "id": "way/984885749"
    },
    {
      "type": "Feature",
      "properties": {
        "@id": "way/984885750",
        "highway": "unclassified"
      },
      "geometry": {
        "type": "LineString",
        "coordinates": [
          [
            114.4024638,
            22.724768
          ],
          [
            114.402509,
            22.7247992
          ],
          [
            114.4026365,
            22.7248946
          ],
          [
            114.4044852,
            22.7262774
          ],
          [
            114.405288,
            22.7268994
          ]
        ]
      },
      "id": "way/984885750"
    },
    {
      "type": "Feature",
      "properties": {
        "@id": "way/985204327",
        "highway": "service"
      },
      "geometry": {
        "type": "LineString",
        "coordinates": [
          [
            114.428745,
            22.7253838
          ],
          [
            114.4291776,
            22.7250352
          ],
          [
            114.4294507,
            22.7247981
          ],
          [
            114.4297024,
            22.7246351
          ],
          [
            114.4301789,
            22.7243931
          ],
          [
            114.4306662,
            22.7241363
          ],
          [
            114.4309768,
            22.7239486
          ],
          [
            114.4311053,
            22.7238992
          ],
          [
            114.4313838,
            22.7238449
          ],
          [
            114.431689,
            22.7238202
          ],
          [
            114.4319193,
            22.7237806
          ],
          [
            114.4321154,
            22.7237226
          ]
        ]
      },
      "id": "way/985204327"
    },
    {
      "type": "Feature",
      "properties": {
        "@id": "way/985204355",
        "highway": "unclassified",
        "name": "光平路"
      },
      "geometry": {
        "type": "LineString",
        "coordinates": [
          [
            114.4099452,
            22.7324135
          ],
          [
            114.4100149,
            22.7322951
          ],
          [
            114.4101012,
            22.7321035
          ],
          [
            114.4102106,
            22.731898
          ],
          [
            114.4103893,
            22.7316521
          ],
          [
            114.4113119,
            22.7307663
          ],
          [
            114.4116591,
            22.7305442
          ],
          [
            114.4118195,
            22.7304522
          ],
          [
            114.4118493,
            22.7304293
          ],
          [
            114.4119517,
            22.730349
          ],
          [
            114.4120272,
            22.7302688
          ],
          [
            114.412179,
            22.730052
          ],
          [
            114.4123448,
            22.7298133
          ],
          [
            114.4124646,
            22.729641
          ],
          [
            114.4129819,
            22.7290798
          ],
          [
            114.4130353,
            22.7290219
          ],
          [
            114.4135548,
            22.7284152
          ]
        ]
      },
      "id": "way/985204355"
    },
    {
      "type": "Feature",
      "properties": {
        "@id": "way/985204360",
        "highway": "service"
      },
      "geometry": {
        "type": "LineString",
        "coordinates": [
          [
            114.4199872,
            22.7324014
          ],
          [
            114.4225586,
            22.7324132
          ],
          [
            114.4231915,
            22.732418
          ],
          [
            114.4232485,
            22.7324658
          ],
          [
            114.4232589,
            22.7325998
          ]
        ]
      },
      "id": "way/985204360"
    },
    {
      "type": "Feature",
      "properties": {
        "@id": "way/985204365",
        "highway": "unclassified"
      },
      "geometry": {
        "type": "LineString",
        "coordinates": [
          [
            114.4123448,
            22.7298133
          ],
          [
            114.412247,
            22.7295942
          ],
          [
            114.4121835,
            22.7294519
          ],
          [
            114.4119552,
            22.7292319
          ],
          [
            114.4115518,
            22.728983
          ],
          [
            114.41098,
            22.728629
          ],
          [
            114.410648,
            22.7283802
          ],
          [
            114.4102952,
            22.7281122
          ],
          [
            114.4099114,
            22.727672
          ],
          [
            114.4097289,
            22.7273615
          ],
          [
            114.409603,
            22.727174
          ],
          [
            114.4097932,
            22.7269552
          ],
          [
            114.4104705,
            22.7261485
          ],
          [
            114.4106129,
            22.7259926
          ]
        ]
      },
      "id": "way/985204365"
    },
    {
      "type": "Feature",
      "properties": {
        "@id": "way/985204366",
        "highway": "unclassified"
      },
      "geometry": {
        "type": "LineString",
        "coordinates": [
          [
            114.409603,
            22.727174
          ],
          [
            114.4093882,
            22.7273586
          ],
          [
            114.4090031,
            22.7276364
          ],
          [
            114.4084408,
            22.7278689
          ],
          [
            114.4080005,
            22.7279487
          ],
          [
            114.4076467,
            22.7279632
          ],
          [
            114.4073357,
            22.727929
          ],
          [
            114.4072614,
            22.7279208
          ],
          [
            114.4071199,
            22.7279052
          ],
          [
            114.4068379,
            22.7278054
          ],
          [
            114.4063491,
            22.7276323
          ],
          [
            114.4061218,
            22.7274831
          ],
          [
            114.4056601,
            22.7271802
          ],
          [
            114.405288,
            22.7268994
          ]
        ]
      },
      "id": "way/985204366"
    },
    {
      "type": "Feature",
      "properties": {
        "@id": "way/985204369",
        "highway": "service"
      },
      "geometry": {
        "type": "LineString",
        "coordinates": [
          [
            114.4053427,
            22.7307624
          ],
          [
            114.405809,
            22.7305898
          ],
          [
            114.4063961,
            22.7304149
          ],
          [
            114.4064718,
            22.7303975
          ],
          [
            114.4065418,
            22.7303813
          ],
          [
            114.4070378,
            22.7302566
          ],
          [
            114.4073591,
            22.730174
          ],
          [
            114.4077418,
            22.7300817
          ],
          [
            114.4080489,
            22.7300317
          ],
          [
            114.4082025,
            22.73009
          ],
          [
            114.408338,
            22.7301816
          ],
          [
            114.4085276,
            22.7302066
          ],
          [
            114.4099924,
            22.7301787
          ],
          [
            114.4102442,
            22.7302018
          ],
          [
            114.4104797,
            22.7303023
          ],
          [
            114.4107447,
            22.7304205
          ],
          [
            114.4110287,
            22.7305504
          ],
          [
            114.4111941,
            22.7306583
          ],
          [
            114.4113119,
            22.7307663
          ]
        ]
      },
      "id": "way/985204369"
    },
    {
      "type": "Feature",
      "properties": {
        "@id": "way/985204379",
        "highway": "service"
      },
      "geometry": {
        "type": "LineString",
        "coordinates": [
          [
            114.4113119,
            22.7307663
          ],
          [
            114.4130511,
            22.7320351
          ]
        ]
      },
      "id": "way/985204379"
    },
    {
      "type": "Feature",
      "properties": {
        "@id": "way/985204381",
        "highway": "unclassified"
      },
      "geometry": {
        "type": "LineString",
        "coordinates": [
          [
            114.4106129,
            22.7259926
          ],
          [
            114.4113161,
            22.7251784
          ],
          [
            114.4120258,
            22.7243673
          ],
          [
            114.4136634,
            22.7224959
          ],
          [
            114.414404,
            22.7215806
          ],
          [
            114.4148623,
            22.7210482
          ],
          [
            114.4154254,
            22.7203992
          ],
          [
            114.4159164,
            22.7197905
          ],
          [
            114.4160472,
            22.7196166
          ],
          [
            114.4161485,
            22.7193106
          ],
          [
            114.416161,
            22.7190707
          ],
          [
            114.4161202,
            22.7188258
          ],
          [
            114.4160519,
            22.7185222
          ],
          [
            114.415949,
            22.7181883
          ],
          [
            114.4158373,
            22.7178622
          ],
          [
            114.4156539,
            22.7176185
          ],
          [
            114.4153852,
            22.7173502
          ],
          [
            114.4146591,
            22.7167722
          ],
          [
            114.4137168,
            22.7160402
          ]
        ]
      },
      "id": "way/985204381"
    },
    {
      "type": "Feature",
      "properties": {
        "@id": "way/985204385",
        "alt_name": "横坪一级公路",
        "highway": "secondary",
        "name": "聚龙路",
        "oneway": "yes",
        "start_date": "2021-07-30"
      },
      "geometry": {
        "type": "LineString",
        "coordinates": [
          [
            114.3979547,
            22.7255692
          ],
          [
            114.3984181,
            22.7245833
          ],
          [
            114.3998851,
            22.7221695
          ],
          [
            114.4009031,
            22.7205896
          ],
          [
            114.4016602,
            22.7191621
          ],
          [
            114.4017581,
            22.7189007
          ],
          [
            114.4018271,
            22.7187167
          ],
          [
            114.4018941,
            22.7185377
          ],
          [
            114.4019337,
            22.7184093
          ],
          [
            114.4020592,
            22.7179724
          ],
          [
            114.4020907,
            22.7178626
          ],
          [
            114.4021256,
            22.7177083
          ],
          [
            114.4022912,
            22.7169768
          ],
          [
            114.4023723,
            22.7161282
          ],
          [
            114.4024927,
            22.7142938
          ],
          [
            114.4025087,
            22.7140224
          ],
          [
            114.4025148,
            22.7138714
          ],
          [
            114.4025192,
            22.7137624
          ],
          [
            114.4025247,
            22.7136277
          ],
          [
            114.4025267,
            22.7135777
          ],
          [
            114.4025359,
            22.7133491
          ],
          [
            114.4025454,
            22.713114
          ]
        ]
      },
      "id": "way/985204385"
    },
    {
      "type": "Feature",
      "properties": {
        "@id": "way/985204387",
        "highway": "tertiary",
        "name": "龙盛五路",
        "oneway": "no"
      },
      "geometry": {
        "type": "LineString",
        "coordinates": [
          [
            114.4016923,
            22.7300871
          ],
          [
            114.4018081,
            22.7300322
          ]
        ]
      },
      "id": "way/985204387"
    },
    {
      "type": "Feature",
      "properties": {
        "@id": "way/985204390",
        "highway": "unclassified"
      },
      "geometry": {
        "type": "LineString",
        "coordinates": [
          [
            114.4005794,
            22.7270791
          ],
          [
            114.4005324,
            22.7270501
          ]
        ]
      },
      "id": "way/985204390"
    },
    {
      "type": "Feature",
      "properties": {
        "@id": "way/985204394",
        "highway": "service"
      },
      "geometry": {
        "type": "LineString",
        "coordinates": [
          [
            114.4015302,
            22.7258705
          ],
          [
            114.4015803,
            22.7259089
          ],
          [
            114.4020258,
            22.7262471
          ],
          [
            114.4024738,
            22.7265726
          ],
          [
            114.402795,
            22.7267957
          ],
          [
            114.4030844,
            22.7269127
          ],
          [
            114.4033659,
            22.7269493
          ],
          [
            114.4035999,
            22.726931
          ],
          [
            114.4038933,
            22.7268359
          ],
          [
            114.4041431,
            22.7266275
          ],
          [
            114.4044852,
            22.7262774
          ]
        ]
      },
      "id": "way/985204394"
    },
    {
      "type": "Feature",
      "properties": {
        "@id": "way/985204442",
        "highway": "service"
      },
      "geometry": {
        "type": "LineString",
        "coordinates": [
          [
            114.4237415,
            22.7263327
          ],
          [
            114.4237953,
            22.7263969
          ],
          [
            114.4239947,
            22.7266448
          ],
          [
            114.4243835,
            22.7271828
          ],
          [
            114.4246891,
            22.7275927
          ],
          [
            114.4249946,
            22.7278232
          ],
          [
            114.425439,
            22.728105
          ],
          [
            114.425814,
            22.7283869
          ],
          [
            114.425904,
            22.728527
          ],
          [
            114.4260362,
            22.7287327
          ],
          [
            114.4261334,
            22.7290657
          ],
          [
            114.4261612,
            22.72945
          ],
          [
            114.4261612,
            22.7299368
          ],
          [
            114.4262723,
            22.7303851
          ],
          [
            114.4263173,
            22.730473
          ],
          [
            114.4263513,
            22.7305393
          ],
          [
            114.4264803,
            22.730791
          ]
        ]
      },
      "id": "way/985204442"
    },
    {
      "type": "Feature",
      "properties": {
        "@id": "way/985204444",
        "highway": "service",
        "layer": "-1",
        "tunnel": "yes"
      },
      "geometry": {
        "type": "LineString",
        "coordinates": [
          [
            114.4264803,
            22.730791
          ],
          [
            114.4265728,
            22.7309866
          ]
        ]
      },
      "id": "way/985204444"
    },
    {
      "type": "Feature",
      "properties": {
        "@id": "way/985204447",
        "highway": "service"
      },
      "geometry": {
        "type": "LineString",
        "coordinates": [
          [
            114.4280217,
            22.7308095
          ],
          [
            114.4281432,
            22.7307806
          ],
          [
            114.4281884,
            22.7307358
          ],
          [
            114.4281953,
            22.7306909
          ],
          [
            114.4281918,
            22.7306333
          ],
          [
            114.4281745,
            22.7305949
          ],
          [
            114.4281328,
            22.7305724
          ],
          [
            114.4280773,
            22.7305468
          ],
          [
            114.4279731,
            22.7305404
          ],
          [
            114.4263513,
            22.7305393
          ]
        ]
      },
      "id": "way/985204447"
    },
    {
      "type": "Feature",
      "properties": {
        "@id": "way/985204448",
        "highway": "service"
      },
      "geometry": {
        "type": "LineString",
        "coordinates": [
          [
            114.4263173,
            22.730473
          ],
          [
            114.4272857,
            22.7304796
          ],
          [
            114.4277856,
            22.7304796
          ],
          [
            114.4280668,
            22.730486
          ],
          [
            114.4282022,
            22.7305308
          ],
          [
            114.4282786,
            22.7305853
          ],
          [
            114.4283585,
            22.7306461
          ],
          [
            114.4284453,
            22.730723
          ],
          [
            114.4285078,
            22.7307614
          ],
          [
            114.4286501,
            22.730807
          ]
        ]
      },
      "id": "way/985204448"
    },
    {
      "type": "Feature",
      "properties": {
        "@id": "way/1003017625",
        "highway": "tertiary",
        "lanes": "2",
        "name": "青兰二路",
        "name:en": "Qinglan 2nd Road",
        "name:zh": "青兰二路",
        "oneway": "yes"
      },
      "geometry": {
        "type": "LineString",
        "coordinates": [
          [
            114.3946646,
            22.7254748
          ],
          [
            114.3946665,
            22.7253992
          ],
          [
            114.3946674,
            22.7253628
          ],
          [
            114.3947585,
            22.7216953
          ],
          [
            114.3947595,
            22.7216522
          ],
          [
            114.3947629,
            22.7215171
          ],
          [
            114.3947671,
            22.7213486
          ],
          [
            114.3947682,
            22.7213045
          ],
          [
            114.394836,
            22.7185723
          ],
          [
            114.3948369,
            22.7185352
          ],
          [
            114.3948418,
            22.7183411
          ]
        ]
      },
      "id": "way/1003017625"
    },
    {
      "type": "Feature",
      "properties": {
        "@id": "way/1003017626",
        "highway": "tertiary",
        "lanes": "2",
        "name": "青兰二路",
        "name:en": "Qinglan 2nd Road",
        "name:zh": "青兰二路",
        "oneway": "yes"
      },
      "geometry": {
        "type": "LineString",
        "coordinates": [
          [
            114.394911,
            22.7183424
          ],
          [
            114.394906,
            22.7185352
          ],
          [
            114.3949051,
            22.7185723
          ],
          [
            114.3948353,
            22.7213033
          ],
          [
            114.3948341,
            22.7213518
          ],
          [
            114.3948299,
            22.7215169
          ],
          [
            114.3948264,
            22.7216533
          ],
          [
            114.3948253,
            22.7216953
          ],
          [
            114.3947317,
            22.7253629
          ],
          [
            114.3947307,
            22.725401
          ],
          [
            114.3947288,
            22.7254766
          ],
          [
            114.3946925,
            22.7255477
          ]
        ]
      },
      "id": "way/1003017626"
    },
    {
      "type": "Feature",
      "properties": {
        "@id": "way/1003017627",
        "highway": "tertiary",
        "lanes": "2",
        "name": "青兰二路",
        "name:en": "Qinglan 2nd Road",
        "name:zh": "青兰二路",
        "oneway": "yes"
      },
      "geometry": {
        "type": "LineString",
        "coordinates": [
          [
            114.3946925,
            22.7255477
          ],
          [
            114.3946646,
            22.7254748
          ]
        ]
      },
      "id": "way/1003017627"
    },
    {
      "type": "Feature",
      "properties": {
        "@id": "way/1003017628",
        "highway": "tertiary",
        "lanes": "2",
        "name": "青兰二路",
        "name:en": "Qinglan 2nd Road",
        "name:zh": "青兰二路",
        "oneway": "yes"
      },
      "geometry": {
        "type": "LineString",
        "coordinates": [
          [
            114.394911,
            22.7183424
          ],
          [
            114.3948799,
            22.7182517
          ]
        ]
      },
      "id": "way/1003017628"
    },
    {
      "type": "Feature",
      "properties": {
        "@id": "way/1003017629",
        "highway": "tertiary",
        "lanes": "2",
        "name": "青兰二路",
        "name:en": "Qinglan 2nd Road",
        "name:zh": "青兰二路",
        "oneway": "yes"
      },
      "geometry": {
        "type": "LineString",
        "coordinates": [
          [
            114.3948418,
            22.7183411
          ],
          [
            114.3948799,
            22.7182517
          ]
        ]
      },
      "id": "way/1003017629"
    },
    {
      "type": "Feature",
      "properties": {
        "@id": "way/1004703331",
        "alt_name": "237乡道",
        "alt_name_1": "石水线",
        "highway": "secondary",
        "name": "坪山金田路",
        "oneway": "yes",
        "ref": "Y237",
        "source": "bing"
      },
      "geometry": {
        "type": "LineString",
        "coordinates": [
          [
            114.4058554,
            22.6962088
          ],
          [
            114.4058271,
            22.6962084
          ],
          [
            114.4056914,
            22.6962064
          ],
          [
            114.4056384,
            22.6962056
          ],
          [
            114.4055111,
            22.6962037
          ],
          [
            114.4052869,
            22.6962005
          ]
        ]
      },
      "id": "way/1004703331"
    },
    {
      "type": "Feature",
      "properties": {
        "@id": "way/1004703332",
        "alt_name": "237乡道",
        "alt_name_1": "石水线",
        "highway": "secondary",
        "name": "坪山金田路",
        "oneway": "yes",
        "ref": "Y237",
        "source": "bing"
      },
      "geometry": {
        "type": "LineString",
        "coordinates": [
          [
            114.4053151,
            22.6961231
          ],
          [
            114.4055403,
            22.6961272
          ],
          [
            114.4056884,
            22.6961299
          ],
          [
            114.4057315,
            22.6961307
          ],
          [
            114.4058714,
            22.6961332
          ],
          [
            114.4059039,
            22.6961338
          ]
        ]
      },
      "id": "way/1004703332"
    },
    {
      "type": "Feature",
      "properties": {
        "@id": "way/1004703339",
        "access": "private",
        "highway": "service",
        "service": "parking_aisle"
      },
      "geometry": {
        "type": "LineString",
        "coordinates": [
          [
            114.3903793,
            22.7149354
          ],
          [
            114.390397,
            22.7140227
          ]
        ]
      },
      "id": "way/1004703339"
    },
    {
      "type": "Feature",
      "properties": {
        "@id": "way/1004703342",
        "access": "private",
        "highway": "service",
        "service": "parking_aisle"
      },
      "geometry": {
        "type": "LineString",
        "coordinates": [
          [
            114.3908848,
            22.7107337
          ],
          [
            114.390684,
            22.7107302
          ],
          [
            114.3904654,
            22.7107264
          ],
          [
            114.3904231,
            22.7107387
          ],
          [
            114.3903808,
            22.7107662
          ],
          [
            114.3903581,
            22.7108081
          ],
          [
            114.3903487,
            22.7108601
          ],
          [
            114.3903485,
            22.7113019
          ],
          [
            114.3903587,
            22.711333
          ],
          [
            114.3903837,
            22.7113597
          ],
          [
            114.3904268,
            22.7113778
          ],
          [
            114.3905764,
            22.711377
          ],
          [
            114.390614,
            22.7113662
          ],
          [
            114.3906484,
            22.7113424
          ],
          [
            114.3906672,
            22.7113106
          ],
          [
            114.3906751,
            22.711273
          ],
          [
            114.390684,
            22.7107302
          ]
        ]
      },
      "id": "way/1004703342"
    },
    {
      "type": "Feature",
      "properties": {
        "@id": "way/1004703343",
        "highway": "primary_link",
        "lanes": "1",
        "oneway": "yes"
      },
      "geometry": {
        "type": "LineString",
        "coordinates": [
          [
            114.3902806,
            22.7181308
          ],
          [
            114.3903704,
            22.7181218
          ],
          [
            114.3904405,
            22.7181036
          ],
          [
            114.3905071,
            22.718072
          ],
          [
            114.3905674,
            22.7180272
          ],
          [
            114.3906142,
            22.7179832
          ],
          [
            114.3906601,
            22.7179227
          ],
          [
            114.3906966,
            22.7178355
          ]
        ]
      },
      "id": "way/1004703343"
    },
    {
      "type": "Feature",
      "properties": {
        "@id": "way/1004703345",
        "access": "permissive",
        "highway": "service",
        "oneway": "no",
        "service": "parking_aisle"
      },
      "geometry": {
        "type": "LineString",
        "coordinates": [
          [
            114.3837413,
            22.7169094
          ],
          [
            114.3810192,
            22.7168325
          ],
          [
            114.380969,
            22.7168498
          ],
          [
            114.3809471,
            22.7168758
          ],
          [
            114.3809377,
            22.716922
          ],
          [
            114.380897,
            22.7178825
          ]
        ]
      },
      "id": "way/1004703345"
    },
    {
      "type": "Feature",
      "properties": {
        "@id": "way/1004703346",
        "highway": "residential"
      },
      "geometry": {
        "type": "LineString",
        "coordinates": [
          [
            114.3831671,
            22.7137338
          ],
          [
            114.3841101,
            22.7118052
          ],
          [
            114.3843214,
            22.7116125
          ],
          [
            114.3843807,
            22.711538
          ],
          [
            114.3844543,
            22.7113798
          ]
        ]
      },
      "id": "way/1004703346"
    },
    {
      "type": "Feature",
      "properties": {
        "@id": "way/1004703347",
        "highway": "secondary_link",
        "lanes": "1",
        "oneway": "yes"
      },
      "geometry": {
        "type": "LineString",
        "coordinates": [
          [
            114.3913599,
            22.7119947
          ],
          [
            114.3912947,
            22.7119962
          ],
          [
            114.3912351,
            22.7120042
          ],
          [
            114.3911795,
            22.7120194
          ],
          [
            114.3911294,
            22.7120425
          ],
          [
            114.3910832,
            22.7120735
          ],
          [
            114.3910417,
            22.7121111
          ],
          [
            114.3910166,
            22.7121508
          ],
          [
            114.3910004,
            22.7122008
          ]
        ]
      },
      "id": "way/1004703347"
    },
    {
      "type": "Feature",
      "properties": {
        "@id": "way/1004703348",
        "highway": "residential",
        "lanes": "1",
        "name": "耘田路",
        "name:en": "Gengtian Road",
        "name:zh": "耘田路",
        "oneway": "yes",
        "surface": "asphalt"
      },
      "geometry": {
        "type": "LineString",
        "coordinates": [
          [
            114.3962714,
            22.6983541
          ],
          [
            114.3962567,
            22.6982955
          ],
          [
            114.3962245,
            22.6982561
          ],
          [
            114.396182,
            22.6982242
          ],
          [
            114.3961346,
            22.6982034
          ],
          [
            114.3960654,
            22.6981901
          ]
        ]
      },
      "id": "way/1004703348"
    },
    {
      "type": "Feature",
      "properties": {
        "@id": "way/1004703349",
        "highway": "residential",
        "lanes": "1",
        "name": "耘田路",
        "name:en": "Gengtian Road",
        "name:zh": "耘田路",
        "oneway": "yes",
        "surface": "asphalt"
      },
      "geometry": {
        "type": "LineString",
        "coordinates": [
          [
            114.3960654,
            22.6981901
          ],
          [
            114.3961366,
            22.6981725
          ],
          [
            114.3961921,
            22.6981399
          ],
          [
            114.3962313,
            22.6981111
          ],
          [
            114.396259,
            22.698066
          ],
          [
            114.3962756,
            22.698012
          ]
        ]
      },
      "id": "way/1004703349"
    },
    {
      "type": "Feature",
      "properties": {
        "@id": "way/1004703350",
        "highway": "unclassified",
        "lanes": "2",
        "name": "竹岭三路",
        "name:en": "Zhuling 3rd Road",
        "name:zh": "竹岭三路",
        "oneway": "yes"
      },
      "geometry": {
        "type": "LineString",
        "coordinates": [
          [
            114.3954339,
            22.7042453
          ],
          [
            114.3956047,
            22.7042476
          ],
          [
            114.3957324,
            22.7042493
          ],
          [
            114.3957925,
            22.7042501
          ],
          [
            114.39675,
            22.7042615
          ],
          [
            114.397731,
            22.7042731
          ],
          [
            114.398068,
            22.7042771
          ],
          [
            114.3982902,
            22.7042798
          ]
        ]
      },
      "id": "way/1004703350"
    },
    {
      "type": "Feature",
      "properties": {
        "@id": "way/1004703351",
        "highway": "unclassified",
        "lanes": "2",
        "name": "创鞍路",
        "name:en": "Chuang'an Road",
        "name:zh": "创鞍路",
        "oneway": "yes"
      },
      "geometry": {
        "type": "LineString",
        "coordinates": [
          [
            114.3982869,
            22.7043475
          ],
          [
            114.3980713,
            22.7043451
          ],
          [
            114.3967475,
            22.7043309
          ],
          [
            114.3957495,
            22.7043201
          ],
          [
            114.3956889,
            22.7043195
          ],
          [
            114.3955472,
            22.7043152
          ],
          [
            114.3954339,
            22.7042453
          ]
        ]
      },
      "id": "way/1004703351"
    },
    {
      "type": "Feature",
      "properties": {
        "@id": "way/1004703353",
        "highway": "tertiary",
        "lanes": "2",
        "name": "杜岗路",
        "name:en": "Dugang Road",
        "name:zh": "杜岗路",
        "oneway": "yes"
      },
      "geometry": {
        "type": "LineString",
        "coordinates": [
          [
            114.3988327,
            22.7085082
          ],
          [
            114.3984534,
            22.7085053
          ],
          [
            114.3979754,
            22.708502
          ],
          [
            114.3979275,
            22.7085017
          ],
          [
            114.3976607,
            22.7084944
          ],
          [
            114.3973852,
            22.7084782
          ],
          [
            114.3971173,
            22.7084547
          ],
          [
            114.3968493,
            22.7084134
          ],
          [
            114.3966026,
            22.7083661
          ],
          [
            114.3960958,
            22.7082566
          ],
          [
            114.3960438,
            22.7082432
          ],
          [
            114.3959322,
            22.7082141
          ],
          [
            114.3958154,
            22.7081811
          ],
          [
            114.3956041,
            22.7081155
          ],
          [
            114.3955555,
            22.7081016
          ],
          [
            114.3953202,
            22.7080158
          ],
          [
            114.3950453,
            22.7079042
          ],
          [
            114.394775,
            22.7077804
          ],
          [
            114.3944784,
            22.7076282
          ],
          [
            114.3942209,
            22.707484
          ],
          [
            114.3939863,
            22.7073422
          ],
          [
            114.3936116,
            22.7070828
          ],
          [
            114.3935754,
            22.7070578
          ],
          [
            114.3933769,
            22.7069201
          ],
          [
            114.3932845,
            22.7068169
          ]
        ]
      },
      "id": "way/1004703353"
    },
    {
      "type": "Feature",
      "properties": {
        "@id": "way/1004703354",
        "highway": "tertiary",
        "lanes": "2",
        "name": "杜岗路",
        "name:en": "Dugang Road",
        "name:zh": "杜岗路",
        "oneway": "yes"
      },
      "geometry": {
        "type": "LineString",
        "coordinates": [
          [
            114.3934195,
            22.7068705
          ],
          [
            114.3936167,
            22.7070067
          ],
          [
            114.3936472,
            22.7070281
          ],
          [
            114.3939544,
            22.7072436
          ],
          [
            114.3940795,
            22.707327
          ],
          [
            114.3942685,
            22.7074446
          ],
          [
            114.3945064,
            22.7075765
          ],
          [
            114.3948093,
            22.7077292
          ],
          [
            114.3950795,
            22.7078521
          ],
          [
            114.3953458,
            22.7079608
          ],
          [
            114.3955753,
            22.7080436
          ],
          [
            114.3956287,
            22.708057
          ],
          [
            114.3958373,
            22.7081218
          ],
          [
            114.3960619,
            22.7081856
          ],
          [
            114.3961213,
            22.7082011
          ],
          [
            114.3966171,
            22.708304
          ],
          [
            114.3968756,
            22.7083493
          ],
          [
            114.397136,
            22.7083872
          ],
          [
            114.3973778,
            22.7084079
          ],
          [
            114.3976719,
            22.7084255
          ],
          [
            114.3979233,
            22.7084317
          ],
          [
            114.3979754,
            22.7084321
          ],
          [
            114.3984552,
            22.7084359
          ],
          [
            114.3988326,
            22.7084391
          ]
        ]
      },
      "id": "way/1004703354"
    },
    {
      "type": "Feature",
      "properties": {
        "@id": "way/1004703355",
        "highway": "tertiary",
        "lanes": "2",
        "name": "杜岗路",
        "name:en": "Dugang Road",
        "name:zh": "杜岗路",
        "oneway": "yes"
      },
      "geometry": {
        "type": "LineString",
        "coordinates": [
          [
            114.4029367,
            22.7086363
          ],
          [
            114.4027301,
            22.7085504
          ],
          [
            114.4026915,
            22.7085344
          ],
          [
            114.4022461,
            22.7085313
          ]
        ]
      },
      "id": "way/1004703355"
    },
    {
      "type": "Feature",
      "properties": {
        "@id": "way/1004703356",
        "highway": "tertiary",
        "lanes": "2",
        "name": "杜岗路",
        "name:en": "Dugang Road",
        "name:zh": "杜岗路",
        "oneway": "yes"
      },
      "geometry": {
        "type": "LineString",
        "coordinates": [
          [
            114.4022319,
            22.7084654
          ],
          [
            114.4026948,
            22.708469
          ],
          [
            114.4029367,
            22.7086363
          ]
        ]
      },
      "id": "way/1004703356"
    },
    {
      "type": "Feature",
      "properties": {
        "@id": "way/1004703357",
        "bridge": "yes",
        "highway": "tertiary",
        "lanes": "2",
        "layer": "1",
        "name": "杜岗路",
        "name:en": "Dugang Road",
        "name:zh": "杜岗路",
        "oneway": "yes"
      },
      "geometry": {
        "type": "LineString",
        "coordinates": [
          [
            114.4022461,
            22.7085313
          ],
          [
            114.4018606,
            22.7085287
          ]
        ]
      },
      "id": "way/1004703357"
    },
    {
      "type": "Feature",
      "properties": {
        "@id": "way/1004703358",
        "bridge": "yes",
        "highway": "tertiary",
        "lanes": "2",
        "layer": "1",
        "name": "杜岗路",
        "name:en": "Dugang Road",
        "name:zh": "杜岗路",
        "oneway": "yes"
      },
      "geometry": {
        "type": "LineString",
        "coordinates": [
          [
            114.4018516,
            22.7084624
          ],
          [
            114.4022319,
            22.7084654
          ]
        ]
      },
      "id": "way/1004703358"
    },
    {
      "type": "Feature",
      "properties": {
        "@id": "way/1004703359",
        "highway": "secondary_link",
        "lanes": "1",
        "oneway": "yes"
      },
      "geometry": {
        "type": "LineString",
        "coordinates": [
          [
            114.4018636,
            22.7137527
          ],
          [
            114.4018632,
            22.7138593
          ]
        ]
      },
      "id": "way/1004703359"
    },
    {
      "type": "Feature",
      "properties": {
        "@id": "way/1004703360",
        "highway": "residential",
        "lanes": "1",
        "name": "金兰路",
        "name:en": "Jinlan Road",
        "name:zh": "金兰路",
        "oneway": "yes"
      },
      "geometry": {
        "type": "LineString",
        "coordinates": [
          [
            114.3960034,
            22.71355
          ],
          [
            114.3960632,
            22.7135202
          ],
          [
            114.3960979,
            22.7134846
          ],
          [
            114.3961217,
            22.7134413
          ],
          [
            114.3961317,
            22.7133829
          ]
        ]
      },
      "id": "way/1004703360"
    },
    {
      "type": "Feature",
      "properties": {
        "@id": "way/1004703361",
        "highway": "residential",
        "lanes": "1",
        "name": "金兰路",
        "name:en": "Jinlan Road",
        "name:zh": "金兰路",
        "oneway": "yes"
      },
      "geometry": {
        "type": "LineString",
        "coordinates": [
          [
            114.3961317,
            22.7133829
          ],
          [
            114.396164,
            22.7135064
          ],
          [
            114.396185,
            22.7135866
          ]
        ]
      },
      "id": "way/1004703361"
    },
    {
      "type": "Feature",
      "properties": {
        "@id": "way/1004703362",
        "highway": "tertiary",
        "lanes": "1",
        "name": "金兰路",
        "name:en": "Jinlan Road",
        "name:zh": "金兰路",
        "oneway": "yes"
      },
      "geometry": {
        "type": "LineString",
        "coordinates": [
          [
            114.3963604,
            22.7136911
          ],
          [
            114.3962657,
            22.7136997
          ],
          [
            114.3961905,
            22.7137231
          ],
          [
            114.3961305,
            22.7137615
          ],
          [
            114.3960858,
            22.7138037
          ],
          [
            114.396047,
            22.7138665
          ]
        ]
      },
      "id": "way/1004703362"
    },
    {
      "type": "Feature",
      "properties": {
        "@id": "way/1004703363",
        "highway": "tertiary",
        "lanes": "1",
        "name": "金兰路",
        "name:en": "Jinlan Road",
        "name:zh": "金兰路",
        "oneway": "yes"
      },
      "geometry": {
        "type": "LineString",
        "coordinates": [
          [
            114.396047,
            22.7138665
          ],
          [
            114.3960339,
            22.7137981
          ],
          [
            114.3960075,
            22.7137334
          ],
          [
            114.3959669,
            22.7136734
          ],
          [
            114.3959191,
            22.7136312
          ],
          [
            114.3958498,
            22.7135925
          ]
        ]
      },
      "id": "way/1004703363"
    },
    {
      "type": "Feature",
      "properties": {
        "@id": "way/1004703364",
        "highway": "residential",
        "lanes": "2",
        "oneway": "no"
      },
      "geometry": {
        "type": "LineString",
        "coordinates": [
          [
            114.3934334,
            22.7152168
          ],
          [
            114.3934578,
            22.7127744
          ]
        ]
      },
      "id": "way/1004703364"
    },
    {
      "type": "Feature",
      "properties": {
        "@id": "way/1004703365",
        "highway": "secondary_link",
        "lanes": "1",
        "oneway": "yes"
      },
      "geometry": {
        "type": "LineString",
        "coordinates": [
          [
            114.3905166,
            22.7116577
          ],
          [
            114.3905782,
            22.7116583
          ],
          [
            114.3906402,
            22.7116489
          ],
          [
            114.3907001,
            22.7116292
          ],
          [
            114.3907611,
            22.7115964
          ],
          [
            114.3908058,
            22.7115598
          ],
          [
            114.3908404,
            22.7115186
          ],
          [
            114.3908654,
            22.7114596
          ]
        ]
      },
      "id": "way/1004703365"
    },
    {
      "type": "Feature",
      "properties": {
        "@id": "way/1004703366",
        "highway": "tertiary",
        "name": "翠景路",
        "oneway": "yes"
      },
      "geometry": {
        "type": "LineString",
        "coordinates": [
          [
            114.386022,
            22.7117054
          ],
          [
            114.3860648,
            22.7116077
          ],
          [
            114.386089,
            22.7115524
          ],
          [
            114.3861457,
            22.711423
          ],
          [
            114.3862343,
            22.7113323
          ]
        ]
      },
      "id": "way/1004703366"
    },
    {
      "type": "Feature",
      "properties": {
        "@id": "way/1004834341",
        "highway": "residential"
      },
      "geometry": {
        "type": "LineString",
        "coordinates": [
          [
            114.3977225,
            22.7271417
          ],
          [
            114.3979182,
            22.7271735
          ],
          [
            114.3980293,
            22.7271265
          ],
          [
            114.398122,
            22.726883
          ],
          [
            114.3981776,
            22.7266438
          ],
          [
            114.3983397,
            22.7265797
          ],
          [
            114.3994373,
            22.7276819
          ],
          [
            114.399919,
            22.727857
          ],
          [
            114.4003497,
            22.7284508
          ]
        ]
      },
      "id": "way/1004834341"
    },
    {
      "type": "Feature",
      "properties": {
        "@id": "way/1034077061",
        "highway": "tertiary",
        "name": "新西路",
        "ref": "YV56"
      },
      "geometry": {
        "type": "LineString",
        "coordinates": [
          [
            114.4161953,
            22.7155868
          ],
          [
            114.4162762,
            22.715646
          ],
          [
            114.4175827,
            22.7163268
          ],
          [
            114.4180075,
            22.716535
          ],
          [
            114.4185115,
            22.7166738
          ],
          [
            114.4188621,
            22.7167688
          ],
          [
            114.4192976,
            22.7168407
          ],
          [
            114.4195444,
            22.7168893
          ],
          [
            114.419748,
            22.7170052
          ],
          [
            114.4201688,
            22.7174092
          ],
          [
            114.4203693,
            22.7176132
          ],
          [
            114.4208237,
            22.7182881
          ],
          [
            114.4214396,
            22.7192208
          ],
          [
            114.4221263,
            22.7201746
          ],
          [
            114.4224452,
            22.7205657
          ],
          [
            114.4229028,
            22.721026
          ],
          [
            114.423504,
            22.7215608
          ],
          [
            114.4239039,
            22.7219251
          ],
          [
            114.4241231,
            22.722134
          ],
          [
            114.4243171,
            22.7223262
          ],
          [
            114.4244465,
            22.7224787
          ],
          [
            114.4245472,
            22.7226203
          ]
        ]
      },
      "id": "way/1034077061"
    },
    {
      "type": "Feature",
      "properties": {
        "@id": "way/1034077066",
        "highway": "residential",
        "name": "咸水湖路"
      },
      "geometry": {
        "type": "LineString",
        "coordinates": [
          [
            114.3890893,
            22.6945987
          ],
          [
            114.389047,
            22.6954712
          ],
          [
            114.3889821,
            22.6960272
          ],
          [
            114.3889749,
            22.6963868
          ],
          [
            114.3888883,
            22.6964867
          ],
          [
            114.3887331,
            22.6966098
          ],
          [
            114.388679,
            22.6967463
          ],
          [
            114.388679,
            22.6971092
          ],
          [
            114.3886681,
            22.6972357
          ],
          [
            114.3887872,
            22.6976685
          ],
          [
            114.3889532,
            22.6977751
          ],
          [
            114.3890218,
            22.6977751
          ],
          [
            114.389343,
            22.6974455
          ],
          [
            114.3894224,
            22.6973989
          ],
          [
            114.3895775,
            22.6975121
          ],
          [
            114.3900273,
            22.6980874
          ]
        ]
      },
      "id": "way/1034077066"
    },
    {
      "type": "Feature",
      "properties": {
        "@id": "way/1034077067",
        "highway": "service"
      },
      "geometry": {
        "type": "LineString",
        "coordinates": [
          [
            114.3859824,
            22.6948773
          ],
          [
            114.3861155,
            22.6965843
          ],
          [
            114.3862878,
            22.698795
          ],
          [
            114.3863874,
            22.7000722
          ]
        ]
      },
      "id": "way/1034077067"
    },
    {
      "type": "Feature",
      "properties": {
        "@id": "way/1034077068",
        "highway": "service"
      },
      "geometry": {
        "type": "LineString",
        "coordinates": [
          [
            114.3862878,
            22.698795
          ],
          [
            114.3870171,
            22.6987669
          ],
          [
            114.3897913,
            22.6986603
          ],
          [
            114.3906968,
            22.6986255
          ]
        ]
      },
      "id": "way/1034077068"
    },
    {
      "type": "Feature",
      "properties": {
        "@id": "way/1034077069",
        "highway": "service"
      },
      "geometry": {
        "type": "LineString",
        "coordinates": [
          [
            114.3832391,
            22.6951248
          ],
          [
            114.3832806,
            22.6954168
          ],
          [
            114.3832914,
            22.695495
          ],
          [
            114.3831687,
            22.6955433
          ],
          [
            114.3829757,
            22.6956831
          ],
          [
            114.382871,
            22.6957647
          ],
          [
            114.3828277,
            22.6959611
          ],
          [
            114.3828999,
            22.6968017
          ],
          [
            114.3861155,
            22.6965843
          ],
          [
            114.3868067,
            22.6965337
          ],
          [
            114.3874541,
            22.6964864
          ]
        ]
      },
      "id": "way/1034077069"
    },
    {
      "type": "Feature",
      "properties": {
        "@id": "way/1034077070",
        "highway": "service"
      },
      "geometry": {
        "type": "LineString",
        "coordinates": [
          [
            114.3866687,
            22.6949898
          ],
          [
            114.3868067,
            22.6965337
          ],
          [
            114.3870171,
            22.6987669
          ]
        ]
      },
      "id": "way/1034077070"
    },
    {
      "type": "Feature",
      "properties": {
        "@id": "way/1034077071",
        "highway": "residential",
        "name": "田头埔路"
      },
      "geometry": {
        "type": "LineString",
        "coordinates": [
          [
            114.3897913,
            22.6986603
          ],
          [
            114.3900273,
            22.6980874
          ],
          [
            114.3904067,
            22.6979791
          ],
          [
            114.3906282,
            22.6977831
          ],
          [
            114.3906798,
            22.6974696
          ],
          [
            114.3904249,
            22.6970804
          ],
          [
            114.390343,
            22.6967025
          ],
          [
            114.3902429,
            22.6960866
          ],
          [
            114.3899898,
            22.6945187
          ]
        ]
      },
      "id": "way/1034077071"
    },
    {
      "type": "Feature",
      "properties": {
        "@id": "way/1070734849",
        "highway": "tertiary",
        "name": "龙盛五路",
        "oneway": "yes"
      },
      "geometry": {
        "type": "LineString",
        "coordinates": [
          [
            114.4043288,
            22.7332354
          ],
          [
            114.4040003,
            22.7330052
          ],
          [
            114.4036619,
            22.7327387
          ],
          [
            114.4033616,
            22.7324232
          ],
          [
            114.403083,
            22.7320608
          ],
          [
            114.401741,
            22.7301778
          ],
          [
            114.4016923,
            22.7300871
          ]
        ]
      },
      "id": "way/1070734849"
    },
    {
      "type": "Feature",
      "properties": {
        "@id": "way/1070734850",
        "highway": "tertiary",
        "name": "龙盛五路",
        "oneway": "yes"
      },
      "geometry": {
        "type": "LineString",
        "coordinates": [
          [
            114.4018081,
            22.7300322
          ],
          [
            114.402331,
            22.7307648
          ],
          [
            114.4029234,
            22.7316134
          ],
          [
            114.4034464,
            22.7323124
          ],
          [
            114.4037831,
            22.7326465
          ],
          [
            114.4043511,
            22.7330784
          ],
          [
            114.4044271,
            22.7331362
          ]
        ]
      },
      "id": "way/1070734850"
    },
    {
      "type": "Feature",
      "properties": {
        "@id": "way/1070909101",
        "highway": "primary_link",
        "oneway": "yes"
      },
      "geometry": {
        "type": "LineString",
        "coordinates": [
          [
            114.3863939,
            22.718028
          ],
          [
            114.3863913,
            22.7181162
          ]
        ]
      },
      "id": "way/1070909101"
    },
    {
      "type": "Feature",
      "properties": {
        "@id": "way/1070909102",
        "highway": "primary",
        "name": "兰竹东路",
        "name:en": "Lanzhu East Road",
        "name:zh": "兰竹东路",
        "oneway": "yes"
      },
      "geometry": {
        "type": "LineString",
        "coordinates": [
          [
            114.390752,
            22.7182344
          ],
          [
            114.3905687,
            22.7182294
          ],
          [
            114.3905099,
            22.7182278
          ],
          [
            114.389008,
            22.7181871
          ],
          [
            114.3889391,
            22.7181852
          ],
          [
            114.3887726,
            22.7181807
          ],
          [
            114.3886174,
            22.7181765
          ],
          [
            114.3885676,
            22.7181752
          ],
          [
            114.3869178,
            22.7181305
          ],
          [
            114.3866575,
            22.7181234
          ],
          [
            114.3863913,
            22.7181162
          ]
        ]
      },
      "id": "way/1070909102"
    },
    {
      "type": "Feature",
      "properties": {
        "@id": "way/1070909103",
        "highway": "primary",
        "name": "兰竹东路",
        "name:en": "Lanzhu East Road",
        "name:zh": "兰竹东路",
        "oneway": "yes"
      },
      "geometry": {
        "type": "LineString",
        "coordinates": [
          [
            114.3869555,
            22.7180428
          ],
          [
            114.3883461,
            22.7180796
          ],
          [
            114.3885664,
            22.7180854
          ],
          [
            114.3886206,
            22.7180869
          ],
          [
            114.3887757,
            22.718091
          ],
          [
            114.3889436,
            22.7180954
          ],
          [
            114.3890138,
            22.7180973
          ],
          [
            114.3902806,
            22.7181308
          ],
          [
            114.3905246,
            22.7181373
          ],
          [
            114.3905769,
            22.7181386
          ],
          [
            114.3906886,
            22.7181416
          ],
          [
            114.3908189,
            22.718145
          ]
        ]
      },
      "id": "way/1070909103"
    },
    {
      "type": "Feature",
      "properties": {
        "@id": "way/1070909124",
        "highway": "primary_link",
        "oneway": "yes"
      },
      "geometry": {
        "type": "LineString",
        "coordinates": [
          [
            114.4197521,
            22.7315954
          ],
          [
            114.4196985,
            22.7313297
          ],
          [
            114.4196277,
            22.7312122
          ],
          [
            114.4195428,
            22.7311273
          ],
          [
            114.4194593,
            22.7310667
          ],
          [
            114.4193478,
            22.731019
          ],
          [
            114.4192681,
            22.730994
          ],
          [
            114.4191498,
            22.7309646
          ],
          [
            114.4190177,
            22.7309416
          ]
        ]
      },
      "id": "way/1070909124"
    },
    {
      "type": "Feature",
      "properties": {
        "@id": "way/1070909125",
        "highway": "primary",
        "name": "龙山一路",
        "oneway": "yes"
      },
      "geometry": {
        "type": "LineString",
        "coordinates": [
          [
            114.4197521,
            22.7315954
          ],
          [
            114.4197696,
            22.7311027
          ],
          [
            114.4197809,
            22.7309513
          ],
          [
            114.4198923,
            22.7307947
          ]
        ]
      },
      "id": "way/1070909125"
    },
    {
      "type": "Feature",
      "properties": {
        "@id": "way/1070909126",
        "highway": "primary",
        "name": "西南大道",
        "oneway": "yes"
      },
      "geometry": {
        "type": "LineString",
        "coordinates": [
          [
            114.4199937,
            22.7309485
          ],
          [
            114.4197809,
            22.7309513
          ],
          [
            114.4195802,
            22.7309517
          ],
          [
            114.4190177,
            22.7309416
          ]
        ]
      },
      "id": "way/1070909126"
    },
    {
      "type": "Feature",
      "properties": {
        "@id": "way/1070909127",
        "highway": "primary",
        "name": "兰竹东路",
        "name:en": "Lanzhu East Road",
        "name:zh": "兰竹东路",
        "oneway": "yes"
      },
      "geometry": {
        "type": "LineString",
        "coordinates": [
          [
            114.3863939,
            22.718028
          ],
          [
            114.3866596,
            22.718035
          ],
          [
            114.3869555,
            22.7180428
          ]
        ]
      },
      "id": "way/1070909127"
    },
    {
      "type": "Feature",
      "properties": {
        "@id": "way/1070973493",
        "highway": "primary",
        "name": "西南大道",
        "oneway": "yes"
      },
      "geometry": {
        "type": "LineString",
        "coordinates": [
          [
            114.4054139,
            22.7213107
          ],
          [
            114.4052194,
            22.7209536
          ],
          [
            114.4048503,
            22.7202314
          ],
          [
            114.4046718,
            22.7199216
          ],
          [
            114.4044863,
            22.7196601
          ],
          [
            114.4042906,
            22.7194351
          ],
          [
            114.404096,
            22.7192577
          ],
          [
            114.4038742,
            22.7191029
          ],
          [
            114.4036008,
            22.7189295
          ],
          [
            114.4033279,
            22.7187937
          ],
          [
            114.4031997,
            22.7187391
          ]
        ]
      },
      "id": "way/1070973493"
    },
    {
      "type": "Feature",
      "properties": {
        "@id": "way/1070973494",
        "highway": "unclassified",
        "name": "曦城西路",
        "oneway": "yes"
      },
      "geometry": {
        "type": "LineString",
        "coordinates": [
          [
            114.4005324,
            22.7270501
          ],
          [
            114.4015302,
            22.7258705
          ],
          [
            114.4024638,
            22.724768
          ],
          [
            114.4037294,
            22.723271
          ],
          [
            114.4048369,
            22.721961
          ],
          [
            114.4054139,
            22.7213107
          ]
        ]
      },
      "id": "way/1070973494"
    },
    {
      "type": "Feature",
      "properties": {
        "@id": "way/1070973495",
        "highway": "primary",
        "name": "西南大道",
        "oneway": "yes"
      },
      "geometry": {
        "type": "LineString",
        "coordinates": [
          [
            114.4032663,
            22.7186136
          ],
          [
            114.403392,
            22.7186708
          ],
          [
            114.403678,
            22.718813
          ],
          [
            114.4039607,
            22.7189924
          ],
          [
            114.4041929,
            22.7191545
          ],
          [
            114.4044005,
            22.7193437
          ],
          [
            114.404606,
            22.71958
          ],
          [
            114.4047991,
            22.7198522
          ],
          [
            114.4049815,
            22.7201688
          ],
          [
            114.4053785,
            22.7208962
          ],
          [
            114.4055387,
            22.7211871
          ]
        ]
      },
      "id": "way/1070973495"
    },
    {
      "type": "Feature",
      "properties": {
        "@id": "way/1070973496",
        "highway": "unclassified",
        "name": "曦城西路",
        "oneway": "yes"
      },
      "geometry": {
        "type": "LineString",
        "coordinates": [
          [
            114.4054139,
            22.7213107
          ],
          [
            114.4055387,
            22.7211871
          ]
        ]
      },
      "id": "way/1070973496"
    },
    {
      "type": "Feature",
      "properties": {
        "@id": "way/1119837354",
        "highway": "service"
      },
      "geometry": {
        "type": "LineString",
        "coordinates": [
          [
            114.3954206,
            22.7282174
          ],
          [
            114.3963674,
            22.7283344
          ],
          [
            114.3963143,
            22.7286962
          ],
          [
            114.396276,
            22.7287588
          ],
          [
            114.3953144,
            22.7285493
          ],
          [
            114.3952613,
            22.7284976
          ],
          [
            114.3954206,
            22.7282174
          ],
          [
            114.3954796,
            22.7280025
          ],
          [
            114.3956005,
            22.7269333
          ],
          [
            114.3956032,
            22.726797
          ],
          [
            114.3956182,
            22.7260465
          ],
          [
            114.395689,
            22.7259948
          ],
          [
            114.3964708,
            22.7260203
          ],
          [
            114.3966325,
            22.7260256
          ],
          [
            114.3970222,
            22.7260383
          ],
          [
            114.3971254,
            22.7261172
          ],
          [
            114.3970635,
            22.7268
          ],
          [
            114.3970045,
            22.7268599
          ],
          [
            114.3966096,
            22.7268422
          ],
          [
            114.3956032,
            22.726797
          ]
        ]
      },
      "id": "way/1119837354"
    },
    {
      "type": "Feature",
      "properties": {
        "@id": "way/1119837355",
        "highway": "service"
      },
      "geometry": {
        "type": "LineString",
        "coordinates": [
          [
            114.396276,
            22.7287588
          ],
          [
            114.396739,
            22.7288486
          ],
          [
            114.3967921,
            22.7287887
          ],
          [
            114.3968835,
            22.7282147
          ],
          [
            114.3968128,
            22.7281848
          ],
          [
            114.3964205,
            22.7281358
          ]
        ]
      },
      "id": "way/1119837355"
    },
    {
      "type": "Feature",
      "properties": {
        "@id": "way/1119837356",
        "highway": "service"
      },
      "geometry": {
        "type": "LineString",
        "coordinates": [
          [
            114.3963674,
            22.7283344
          ],
          [
            114.3964205,
            22.7281358
          ],
          [
            114.3966096,
            22.7268422
          ]
        ]
      },
      "id": "way/1119837356"
    },
    {
      "type": "Feature",
      "properties": {
        "@id": "way/1119837357",
        "highway": "service"
      },
      "geometry": {
        "type": "LineString",
        "coordinates": [
          [
            114.3965416,
            22.7255985
          ],
          [
            114.3965296,
            22.7258479
          ],
          [
            114.3966325,
            22.7260256
          ],
          [
            114.3966682,
            22.7261036
          ],
          [
            114.3966682,
            22.7263484
          ],
          [
            114.396621,
            22.7264273
          ],
          [
            114.3964824,
            22.7264246
          ],
          [
            114.3964352,
            22.7263539
          ],
          [
            114.396447,
            22.72609
          ],
          [
            114.3964708,
            22.7260203
          ],
          [
            114.3965296,
            22.7258479
          ]
        ]
      },
      "id": "way/1119837357"
    },
    {
      "type": "Feature",
      "properties": {
        "@id": "way/1125426235",
        "highway": "secondary",
        "name": "Y237石水线连接线",
        "source": "bing"
      },
      "geometry": {
        "type": "LineString",
        "coordinates": [
          [
            114.4279272,
            22.7023513
          ],
          [
            114.4277044,
            22.7020504
          ],
          [
            114.4272101,
            22.7008113
          ],
          [
            114.4270985,
            22.7003992
          ]
        ]
      },
      "id": "way/1125426235"
    },
    {
      "type": "Feature",
      "properties": {
        "@id": "way/1125426236",
        "highway": "service",
        "name": "宁水路"
      },
      "geometry": {
        "type": "LineString",
        "coordinates": [
          [
            114.4240856,
            22.6968268
          ],
          [
            114.4241018,
            22.6969107
          ]
        ]
      },
      "id": "way/1125426236"
    },
    {
      "type": "Feature",
      "properties": {
        "@id": "way/1125426237",
        "alt_name": "237乡道",
        "alt_name_1": "石水线",
        "highway": "secondary",
        "name": "坪山金田路",
        "oneway": "yes",
        "ref": "Y237",
        "source": "bing"
      },
      "geometry": {
        "type": "LineString",
        "coordinates": [
          [
            114.4241018,
            22.6969107
          ],
          [
            114.4239607,
            22.6968988
          ]
        ]
      },
      "id": "way/1125426237"
    },
    {
      "type": "Feature",
      "properties": {
        "@id": "way/1125426238",
        "alt_name": "237乡道",
        "alt_name_1": "石水线",
        "highway": "secondary",
        "name": "坪山金田路",
        "oneway": "yes",
        "ref": "Y237",
        "source": "bing"
      },
      "geometry": {
        "type": "LineString",
        "coordinates": [
          [
            114.4239683,
            22.6968163
          ],
          [
            114.4240856,
            22.6968268
          ]
        ]
      },
      "id": "way/1125426238"
    },
    {
      "type": "Feature",
      "properties": {
        "@id": "way/1133531093",
        "highway": "service",
        "oneway": "yes"
      },
      "geometry": {
        "type": "LineString",
        "coordinates": [
          [
            114.405118,
            22.7323626
          ],
          [
            114.4050187,
            22.7322891
          ],
          [
            114.4048918,
            22.7321952
          ]
        ]
      },
      "id": "way/1133531093"
    },
    {
      "type": "Feature",
      "properties": {
        "@id": "way/1133531108",
        "highway": "tertiary",
        "name": "金辉路",
        "oneway": "yes"
      },
      "geometry": {
        "type": "LineString",
        "coordinates": [
          [
            114.4060035,
            22.7314341
          ],
          [
            114.4047989,
            22.7328378
          ],
          [
            114.4046035,
            22.7330624
          ],
          [
            114.4044891,
            22.7331796
          ],
          [
            114.4043918,
            22.7332792
          ],
          [
            114.4042968,
            22.7333765
          ],
          [
            114.4033962,
            22.7342988
          ]
        ]
      },
      "id": "way/1133531108"
    },
    {
      "type": "Feature",
      "properties": {
        "@id": "way/1133531109",
        "highway": "tertiary",
        "name": "金辉路",
        "oneway": "yes"
      },
      "geometry": {
        "type": "LineString",
        "coordinates": [
          [
            114.4044271,
            22.7331362
          ],
          [
            114.4045383,
            22.7330241
          ],
          [
            114.4047324,
            22.7328021
          ],
          [
            114.405118,
            22.7323626
          ],
          [
            114.4051527,
            22.732323
          ],
          [
            114.4059656,
            22.7313963
          ]
        ]
      },
      "id": "way/1133531109"
    },
    {
      "type": "Feature",
      "properties": {
        "@id": "way/1144302485",
        "highway": "secondary_link",
        "lanes": "1",
        "oneway": "yes"
      },
      "geometry": {
        "type": "LineString",
        "coordinates": [
          [
            114.4023468,
            22.7177438
          ],
          [
            114.4021256,
            22.7177083
          ]
        ]
      },
      "id": "way/1144302485"
    },
    {
      "type": "Feature",
      "properties": {
        "@id": "way/1144302486",
        "highway": "secondary_link",
        "lanes": "1",
        "oneway": "yes"
      },
      "geometry": {
        "type": "LineString",
        "coordinates": [
          [
            114.4024927,
            22.7142938
          ],
          [
            114.4027839,
            22.7143106
          ]
        ]
      },
      "id": "way/1144302486"
    },
    {
      "type": "Feature",
      "properties": {
        "@id": "way/1159712541",
        "highway": "residential",
        "name": "新面路"
      },
      "geometry": {
        "type": "LineString",
        "coordinates": [
          [
            114.4143771,
            22.6992464
          ],
          [
            114.4144857,
            22.6997773
          ],
          [
            114.4144857,
            22.7000049
          ]
        ]
      },
      "id": "way/1159712541"
    },
    {
      "type": "Feature",
      "properties": {
        "@id": "way/1159712542",
        "highway": "residential",
        "layer": "-1",
        "name": "新面路",
        "tunnel": "yes"
      },
      "geometry": {
        "type": "LineString",
        "coordinates": [
          [
            114.4143576,
            22.6991063
          ],
          [
            114.4143771,
            22.6992464
          ]
        ]
      },
      "id": "way/1159712542"
    },
    {
      "type": "Feature",
      "properties": {
        "@id": "way/1159712557",
        "highway": "residential",
        "name": "新面路"
      },
      "geometry": {
        "type": "LineString",
        "coordinates": [
          [
            114.4138894,
            22.696073
          ],
          [
            114.4138994,
            22.6961381
          ],
          [
            114.4141221,
            22.6976014
          ]
        ]
      },
      "id": "way/1159712557"
    },
    {
      "type": "Feature",
      "properties": {
        "@id": "way/1159712558",
        "highway": "service"
      },
      "geometry": {
        "type": "LineString",
        "coordinates": [
          [
            114.4069432,
            22.6961528
          ],
          [
            114.4069413,
            22.6962246
          ],
          [
            114.4069351,
            22.6964155
          ],
          [
            114.4069345,
            22.6964867
          ],
          [
            114.4069374,
            22.6965441
          ],
          [
            114.4069398,
            22.6965919
          ],
          [
            114.4069884,
            22.6969777
          ]
        ]
      },
      "id": "way/1159712558"
    },
    {
      "type": "Feature",
      "properties": {
        "@id": "way/1159712559",
        "highway": "service"
      },
      "geometry": {
        "type": "LineString",
        "coordinates": [
          [
            114.4069374,
            22.6965441
          ],
          [
            114.406061,
            22.6966423
          ],
          [
            114.4060302,
            22.6966494
          ],
          [
            114.4060101,
            22.6966665
          ],
          [
            114.4058352,
            22.6971083
          ],
          [
            114.4058106,
            22.6971703
          ],
          [
            114.4058022,
            22.6972037
          ],
          [
            114.4057991,
            22.6972413
          ],
          [
            114.4059403,
            22.6983406
          ],
          [
            114.4059976,
            22.6987864
          ],
          [
            114.4061264,
            22.6997889
          ]
        ]
      },
      "id": "way/1159712559"
    },
    {
      "type": "Feature",
      "properties": {
        "@id": "way/1159712560",
        "highway": "service"
      },
      "geometry": {
        "type": "LineString",
        "coordinates": [
          [
            114.4054311,
            22.700451
          ],
          [
            114.4054033,
            22.7002603
          ],
          [
            114.4053941,
            22.7001924
          ],
          [
            114.4053493,
            22.6998798
          ],
          [
            114.4052214,
            22.6989823
          ],
          [
            114.4052145,
            22.6989113
          ],
          [
            114.4052191,
            22.6988878
          ],
          [
            114.4052353,
            22.6988729
          ],
          [
            114.4059976,
            22.6987864
          ]
        ]
      },
      "id": "way/1159712560"
    },
    {
      "type": "Feature",
      "properties": {
        "@id": "way/1159712562",
        "highway": "service"
      },
      "geometry": {
        "type": "LineString",
        "coordinates": [
          [
            114.404542,
            22.7002849
          ],
          [
            114.4048916,
            22.7002469
          ],
          [
            114.4053941,
            22.7001924
          ]
        ]
      },
      "id": "way/1159712562"
    },
    {
      "type": "Feature",
      "properties": {
        "@id": "way/1159712563",
        "highway": "service"
      },
      "geometry": {
        "type": "LineString",
        "coordinates": [
          [
            114.4048916,
            22.7002469
          ],
          [
            114.4048671,
            22.7000397
          ],
          [
            114.4048717,
            22.7000155
          ],
          [
            114.4048879,
            22.6999857
          ],
          [
            114.4049156,
            22.6999594
          ],
          [
            114.4049618,
            22.6999409
          ],
          [
            114.4052745,
            22.6998976
          ],
          [
            114.4053493,
            22.6998798
          ],
          [
            114.4061264,
            22.6997889
          ],
          [
            114.4093767,
            22.6994458
          ],
          [
            114.4091932,
            22.6979802
          ]
        ]
      },
      "id": "way/1159712563"
    },
    {
      "type": "Feature",
      "properties": {
        "@id": "way/1159712564",
        "highway": "service"
      },
      "geometry": {
        "type": "LineString",
        "coordinates": [
          [
            114.4092071,
            22.6967366
          ],
          [
            114.4069884,
            22.6969777
          ],
          [
            114.4058352,
            22.6971083
          ]
        ]
      },
      "id": "way/1159712564"
    },
    {
      "type": "Feature",
      "properties": {
        "@id": "way/1159712565",
        "highway": "service"
      },
      "geometry": {
        "type": "LineString",
        "coordinates": [
          [
            114.4059403,
            22.6983406
          ],
          [
            114.4091932,
            22.6979802
          ],
          [
            114.4093739,
            22.6979602
          ],
          [
            114.4093611,
            22.6978662
          ],
          [
            114.4093525,
            22.6978033
          ],
          [
            114.4092071,
            22.6967366
          ]
        ]
      },
      "id": "way/1159712565"
    },
    {
      "type": "Feature",
      "properties": {
        "@id": "way/1180617849",
        "highway": "tertiary"
      },
      "geometry": {
        "type": "LineString",
        "coordinates": [
          [
            114.4286859,
            22.7270396
          ],
          [
            114.4286714,
            22.7255907
          ],
          [
            114.4286712,
            22.7254526
          ],
          [
            114.4286712,
            22.7254428
          ],
          [
            114.4286509,
            22.7218376
          ]
        ]
      },
      "id": "way/1180617849"
    },
    {
      "type": "Feature",
      "properties": {
        "@id": "way/1217246214",
        "highway": "residential",
        "name": "田同路"
      },
      "geometry": {
        "type": "LineString",
        "coordinates": [
          [
            114.3964647,
            22.6938977
          ],
          [
            114.3966417,
            22.6939208
          ],
          [
            114.3966886,
            22.6939269
          ],
          [
            114.3975952,
            22.694045
          ]
        ]
      },
      "id": "way/1217246214"
    },
    {
      "type": "Feature",
      "properties": {
        "@id": "way/1217246215",
        "highway": "residential",
        "lanes": "2",
        "oneway": "no"
      },
      "geometry": {
        "type": "LineString",
        "coordinates": [
          [
            114.3973793,
            22.6919019
          ],
          [
            114.3973392,
            22.6921819
          ]
        ]
      },
      "id": "way/1217246215"
    },
    {
      "type": "Feature",
      "properties": {
        "@id": "way/1217246219",
        "highway": "service",
        "service": "parking_aisle"
      },
      "geometry": {
        "type": "LineString",
        "coordinates": [
          [
            114.3930546,
            22.6941518
          ],
          [
            114.3934909,
            22.6942194
          ]
        ]
      },
      "id": "way/1217246219"
    },
    {
      "type": "Feature",
      "properties": {
        "@id": "way/1217246220",
        "highway": "service",
        "service": "parking_aisle"
      },
      "geometry": {
        "type": "LineString",
        "coordinates": [
          [
            114.3939775,
            22.6942148
          ],
          [
            114.3935063,
            22.6941353
          ]
        ]
      },
      "id": "way/1217246220"
    },
    {
      "type": "Feature",
      "properties": {
        "@id": "way/1217246221",
        "highway": "service",
        "service": "parking_aisle"
      },
      "geometry": {
        "type": "LineString",
        "coordinates": [
          [
            114.3931089,
            22.6939789
          ],
          [
            114.3935232,
            22.6940429
          ]
        ]
      },
      "id": "way/1217246221"
    },
    {
      "type": "Feature",
      "properties": {
        "@id": "way/1217246222",
        "highway": "service",
        "service": "parking_aisle"
      },
      "geometry": {
        "type": "LineString",
        "coordinates": [
          [
            114.3940283,
            22.6937721
          ],
          [
            114.3935851,
            22.6937056
          ]
        ]
      },
      "id": "way/1217246222"
    },
    {
      "type": "Feature",
      "properties": {
        "@id": "way/1217246223",
        "highway": "service",
        "service": "parking_aisle"
      },
      "geometry": {
        "type": "LineString",
        "coordinates": [
          [
            114.3953252,
            22.6941982
          ],
          [
            114.3954208,
            22.6937303
          ]
        ]
      },
      "id": "way/1217246223"
    },
    {
      "type": "Feature",
      "properties": {
        "@id": "way/1217246224",
        "highway": "service",
        "service": "parking_aisle"
      },
      "geometry": {
        "type": "LineString",
        "coordinates": [
          [
            114.3960502,
            22.69467
          ],
          [
            114.3961403,
            22.6938432
          ]
        ]
      },
      "id": "way/1217246224"
    },
    {
      "type": "Feature",
      "properties": {
        "@id": "way/1217246225",
        "highway": "residential",
        "lanes": "1",
        "oneway": "yes",
        "surface": "asphalt"
      },
      "geometry": {
        "type": "LineString",
        "coordinates": [
          [
            114.3964557,
            22.6944851
          ],
          [
            114.3963482,
            22.6944835
          ]
        ]
      },
      "id": "way/1217246225"
    },
    {
      "type": "Feature",
      "properties": {
        "@id": "way/1217246226",
        "highway": "residential",
        "lanes": "1",
        "oneway": "yes"
      },
      "geometry": {
        "type": "LineString",
        "coordinates": [
          [
            114.3963865,
            22.6923135
          ],
          [
            114.3964887,
            22.692311
          ]
        ]
      },
      "id": "way/1217246226"
    },
    {
      "type": "Feature",
      "properties": {
        "@id": "way/1217246227",
        "highway": "secondary_link",
        "lanes": "1",
        "oneway": "yes",
        "surface": "asphalt"
      },
      "geometry": {
        "type": "LineString",
        "coordinates": [
          [
            114.3968293,
            22.6952122
          ],
          [
            114.3967395,
            22.6952309
          ],
          [
            114.3966483,
            22.6952642
          ],
          [
            114.3965771,
            22.6953096
          ],
          [
            114.396519,
            22.6953632
          ],
          [
            114.3964789,
            22.6954261
          ],
          [
            114.3964483,
            22.6955195
          ]
        ]
      },
      "id": "way/1217246227"
    },
    {
      "type": "Feature",
      "properties": {
        "@id": "way/1217246228",
        "highway": "secondary_link",
        "lanes": "1",
        "oneway": "yes",
        "surface": "asphalt"
      },
      "geometry": {
        "type": "LineString",
        "coordinates": [
          [
            114.3963057,
            22.695513
          ],
          [
            114.3962894,
            22.6954122
          ],
          [
            114.3962614,
            22.6953262
          ],
          [
            114.3962183,
            22.6952504
          ],
          [
            114.3961561,
            22.6951782
          ],
          [
            114.3960819,
            22.6951218
          ],
          [
            114.3959791,
            22.6950771
          ]
        ]
      },
      "id": "way/1217246228"
    },
    {
      "type": "Feature",
      "properties": {
        "@id": "way/1217246229",
        "highway": "secondary_link",
        "lanes": "1",
        "oneway": "yes",
        "surface": "asphalt"
      },
      "geometry": {
        "type": "LineString",
        "coordinates": [
          [
            114.4038728,
            22.7001573
          ],
          [
            114.4036672,
            22.7000895
          ]
        ]
      },
      "id": "way/1217246229"
    },
    {
      "type": "Feature",
      "properties": {
        "@id": "way/1217248239",
        "highway": "residential"
      },
      "geometry": {
        "type": "LineString",
        "coordinates": [
          [
            114.3904369,
            22.7010181
          ],
          [
            114.3904149,
            22.7010146
          ],
          [
            114.3903942,
            22.7010065
          ],
          [
            114.3903817,
            22.7009711
          ],
          [
            114.3903915,
            22.7009406
          ],
          [
            114.3904075,
            22.7009273
          ],
          [
            114.3904315,
            22.700919
          ]
        ]
      },
      "id": "way/1217248239"
    },
    {
      "type": "Feature",
      "properties": {
        "@id": "way/1229585749",
        "highway": "service"
      },
      "geometry": {
        "type": "LineString",
        "coordinates": [
          [
            114.4115518,
            22.728983
          ],
          [
            114.4114285,
            22.7292216
          ],
          [
            114.4112684,
            22.7295338
          ],
          [
            114.4111855,
            22.72964
          ],
          [
            114.4110844,
            22.7297164
          ],
          [
            114.4110002,
            22.7297864
          ],
          [
            114.4109805,
            22.7298291
          ],
          [
            114.4109707,
            22.7298848
          ],
          [
            114.4109749,
            22.7299366
          ],
          [
            114.4109906,
            22.7299692
          ],
          [
            114.411622,
            22.7302604
          ],
          [
            114.411736,
            22.7303345
          ],
          [
            114.4118021,
            22.7303848
          ],
          [
            114.4118493,
            22.7304293
          ]
        ]
      },
      "id": "way/1229585749"
    },
    {
      "type": "Feature",
      "properties": {
        "@id": "way/1229585750",
        "highway": "service"
      },
      "geometry": {
        "type": "LineString",
        "coordinates": [
          [
            114.4114285,
            22.7292216
          ],
          [
            114.4116417,
            22.7293121
          ],
          [
            114.4118273,
            22.729394
          ],
          [
            114.4119386,
            22.7294535
          ],
          [
            114.4120015,
            22.7295234
          ],
          [
            114.4120144,
            22.7295919
          ],
          [
            114.4120144,
            22.7296722
          ]
        ]
      },
      "id": "way/1229585750"
    },
    {
      "type": "Feature",
      "properties": {
        "@id": "way/1237939784",
        "highway": "residential",
        "name": "坪河北路"
      },
      "geometry": {
        "type": "LineString",
        "coordinates": [
          [
            114.3872061,
            22.707517
          ],
          [
            114.3878461,
            22.7078429
          ],
          [
            114.3881511,
            22.7079564
          ],
          [
            114.3885288,
            22.7081114
          ],
          [
            114.3889813,
            22.7082828
          ]
        ]
      },
      "id": "way/1237939784"
    },
    {
      "type": "Feature",
      "properties": {
        "@id": "way/1237939791",
        "highway": "residential",
        "name": "坪河北路"
      },
      "geometry": {
        "type": "LineString",
        "coordinates": [
          [
            114.3889813,
            22.7082828
          ],
          [
            114.3893918,
            22.7083781
          ],
          [
            114.3897823,
            22.7084392
          ],
          [
            114.3901197,
            22.7084659
          ]
        ]
      },
      "id": "way/1237939791"
    },
    {
      "type": "Feature",
      "properties": {
        "@id": "way/1237939792",
        "bridge": "yes",
        "highway": "residential",
        "layer": "1",
        "name": "坪河北路"
      },
      "geometry": {
        "type": "LineString",
        "coordinates": [
          [
            114.3901197,
            22.7084659
          ],
          [
            114.3902562,
            22.708473
          ]
        ]
      },
      "id": "way/1237939792"
    },
    {
      "type": "Feature",
      "properties": {
        "@id": "way/1302225034",
        "highway": "service"
      },
      "geometry": {
        "type": "LineString",
        "coordinates": [
          [
            114.414581,
            22.7302641
          ],
          [
            114.4137458,
            22.7296456
          ],
          [
            114.4129819,
            22.7290798
          ]
        ]
      },
      "id": "way/1302225034"
    },
    {
      "type": "Feature",
      "properties": {
        "@id": "way/1305375579",
        "highway": "unclassified"
      },
      "geometry": {
        "type": "LineString",
        "coordinates": [
          [
            114.424969,
            22.7311259
          ],
          [
            114.4250917,
            22.7312477
          ],
          [
            114.4252144,
            22.7313261
          ],
          [
            114.4253496,
            22.7314247
          ],
          [
            114.4255037,
            22.7315929
          ],
          [
            114.4255981,
            22.7317554
          ],
          [
            114.4256484,
            22.7319062
          ],
          [
            114.425683,
            22.7320774
          ],
          [
            114.4257364,
            22.7323848
          ],
          [
            114.425771,
            22.7325937
          ],
          [
            114.4258245,
            22.7327852
          ],
          [
            114.4258843,
            22.7329708
          ],
          [
            114.4259629,
            22.7331361
          ],
          [
            114.4260918,
            22.7333856
          ],
          [
            114.426209,
            22.7335682
          ]
        ]
      },
      "id": "way/1305375579"
    },
    {
      "type": "Feature",
      "properties": {
        "@id": "way/1305375642",
        "highway": "unclassified"
      },
      "geometry": {
        "type": "LineString",
        "coordinates": [
          [
            114.4242686,
            22.7311877
          ],
          [
            114.4242729,
            22.732471
          ]
        ]
      },
      "id": "way/1305375642"
    },
    {
      "type": "Feature",
      "properties": {
        "@id": "way/1305375643",
        "highway": "unclassified",
        "oneway": "yes"
      },
      "geometry": {
        "type": "LineString",
        "coordinates": [
          [
            114.4242686,
            22.7311877
          ],
          [
            114.4242475,
            22.7311335
          ],
          [
            114.4242038,
            22.7310696
          ],
          [
            114.424136,
            22.7310126
          ],
          [
            114.4240793,
            22.7309791
          ],
          [
            114.4240051,
            22.7309493
          ]
        ]
      },
      "id": "way/1305375643"
    },
    {
      "type": "Feature",
      "properties": {
        "@id": "way/1305375644",
        "highway": "unclassified",
        "oneway": "yes"
      },
      "geometry": {
        "type": "LineString",
        "coordinates": [
          [
            114.4245664,
            22.7309502
          ],
          [
            114.424485,
            22.7309735
          ],
          [
            114.4244132,
            22.7310112
          ],
          [
            114.4243439,
            22.731071
          ],
          [
            114.4242987,
            22.7311265
          ],
          [
            114.4242686,
            22.7311877
          ]
        ]
      },
      "id": "way/1305375644"
    },
    {
      "type": "Feature",
      "properties": {
        "@id": "way/1306652710",
        "highway": "service"
      },
      "geometry": {
        "type": "LineString",
        "coordinates": [
          [
            114.4265728,
            22.7309866
          ],
          [
            114.426635,
            22.7310955
          ],
          [
            114.4267196,
            22.7312436
          ]
        ]
      },
      "id": "way/1306652710"
    },
    {
      "type": "Feature",
      "properties": {
        "@id": "way/1306652711",
        "highway": "unclassified",
        "oneway": "yes"
      },
      "geometry": {
        "type": "LineString",
        "coordinates": [
          [
            114.426635,
            22.7310955
          ],
          [
            114.4267246,
            22.7311774
          ],
          [
            114.4268125,
            22.7312132
          ],
          [
            114.4269193,
            22.7312312
          ],
          [
            114.4282335,
            22.7312116
          ],
          [
            114.4283197,
            22.731201
          ],
          [
            114.4283542,
            22.7311691
          ],
          [
            114.4283642,
            22.7311301
          ],
          [
            114.4283598,
            22.7310859
          ],
          [
            114.4283275,
            22.7310273
          ],
          [
            114.4282806,
            22.7309861
          ],
          [
            114.4282314,
            22.7309646
          ],
          [
            114.4281736,
            22.7309492
          ]
        ]
      },
      "id": "way/1306652711"
    },
    {
      "type": "Feature",
      "properties": {
        "@id": "way/1306652712",
        "highway": "unclassified",
        "oneway": "yes"
      },
      "geometry": {
        "type": "LineString",
        "coordinates": [
          [
            114.4289774,
            22.7309428
          ],
          [
            114.4288168,
            22.7309738
          ],
          [
            114.428696,
            22.7310164
          ],
          [
            114.4286087,
            22.7310549
          ],
          [
            114.4285359,
            22.7310996
          ],
          [
            114.4284466,
            22.7311694
          ],
          [
            114.4283894,
            22.7312133
          ],
          [
            114.4283263,
            22.7312428
          ],
          [
            114.428239,
            22.73126
          ],
          [
            114.4270196,
            22.7312887
          ],
          [
            114.4269865,
            22.7313082
          ],
          [
            114.4268914,
            22.7313926
          ],
          [
            114.4268528,
            22.7314269
          ]
        ]
      },
      "id": "way/1306652712"
    },
    {
      "type": "Feature",
      "properties": {
        "@id": "way/1321761311",
        "highway": "service",
        "layer": "-1",
        "service": "parking_aisle",
        "tunnel": "yes"
      },
      "geometry": {
        "type": "LineString",
        "coordinates": [
          [
            114.4008414,
            22.7036594
          ],
          [
            114.400451,
            22.7037146
          ],
          [
            114.4003342,
            22.7029212
          ],
          [
            114.400698,
            22.7028593
          ]
        ]
      },
      "id": "way/1321761311"
    },
    {
      "type": "Feature",
      "properties": {
        "@id": "way/1321761312",
        "highway": "residential"
      },
      "geometry": {
        "type": "LineString",
        "coordinates": [
          [
            114.4052311,
            22.7152096
          ],
          [
            114.4055143,
            22.7153431
          ],
          [
            114.405608,
            22.7153749
          ],
          [
            114.4056822,
            22.7153848
          ],
          [
            114.4069569,
            22.7160184
          ]
        ]
      },
      "id": "way/1321761312"
    },
    {
      "type": "Feature",
      "properties": {
        "@id": "way/1321761313",
        "highway": "residential"
      },
      "geometry": {
        "type": "LineString",
        "coordinates": [
          [
            114.4066124,
            22.7165788
          ],
          [
            114.4069569,
            22.7160184
          ],
          [
            114.4076296,
            22.7149242
          ]
        ]
      },
      "id": "way/1321761313"
    },
    {
      "type": "Feature",
      "properties": {
        "@id": "way/1321761314",
        "highway": "residential"
      },
      "geometry": {
        "type": "LineString",
        "coordinates": [
          [
            114.4058875,
            22.716967
          ],
          [
            114.4060603,
            22.7166163
          ],
          [
            114.4061186,
            22.7165386
          ],
          [
            114.4061855,
            22.7164928
          ],
          [
            114.4062806,
            22.7164848
          ],
          [
            114.4063756,
            22.7165008
          ],
          [
            114.4066124,
            22.7165788
          ],
          [
            114.4076801,
            22.7169308
          ],
          [
            114.4079498,
            22.7169923
          ],
          [
            114.4079983,
            22.7169884
          ],
          [
            114.4080587,
            22.7169581
          ],
          [
            114.4088299,
            22.7162399
          ]
        ]
      },
      "id": "way/1321761314"
    },
    {
      "type": "Feature",
      "properties": {
        "@id": "way/1321761315",
        "highway": "residential"
      },
      "geometry": {
        "type": "LineString",
        "coordinates": [
          [
            114.4079855,
            22.717438
          ],
          [
            114.4080801,
            22.7174696
          ],
          [
            114.4082061,
            22.7175234
          ],
          [
            114.4083377,
            22.7175963
          ],
          [
            114.4086047,
            22.7177662
          ],
          [
            114.4094216,
            22.7182858
          ],
          [
            114.4094713,
            22.7183174
          ],
          [
            114.4095374,
            22.7183595
          ]
        ]
      },
      "id": "way/1321761315"
    },
    {
      "type": "Feature",
      "properties": {
        "@id": "way/1321761316",
        "highway": "residential"
      },
      "geometry": {
        "type": "LineString",
        "coordinates": [
          [
            114.4081927,
            22.7189093
          ],
          [
            114.4082993,
            22.7183472
          ],
          [
            114.4083166,
            22.7181918
          ],
          [
            114.4082972,
            22.7180583
          ],
          [
            114.4082389,
            22.7178849
          ],
          [
            114.4081591,
            22.7177264
          ],
          [
            114.4079855,
            22.717438
          ],
          [
            114.4076801,
            22.7169308
          ],
          [
            114.4076547,
            22.7168383
          ],
          [
            114.4076404,
            22.716741
          ],
          [
            114.4076429,
            22.7166435
          ],
          [
            114.4076707,
            22.7165514
          ],
          [
            114.4077198,
            22.7164577
          ],
          [
            114.4082135,
            22.715887
          ],
          [
            114.4082762,
            22.7156911
          ]
        ]
      },
      "id": "way/1321761316"
    },
    {
      "type": "Feature",
      "properties": {
        "@id": "way/1324180615",
        "highway": "residential"
      },
      "geometry": {
        "type": "LineString",
        "coordinates": [
          [
            114.4037294,
            22.723271
          ],
          [
            114.4037845,
            22.723312
          ],
          [
            114.4044272,
            22.7237901
          ],
          [
            114.4044369,
            22.7237981
          ],
          [
            114.4045772,
            22.7239142
          ],
          [
            114.4047195,
            22.7240614
          ],
          [
            114.4048233,
            22.7242175
          ],
          [
            114.4049605,
            22.7244335
          ],
          [
            114.4050689,
            22.724701
          ],
          [
            114.4051564,
            22.7249654
          ],
          [
            114.4052668,
            22.7253364
          ],
          [
            114.405362,
            22.725526
          ],
          [
            114.4054356,
            22.7256442
          ],
          [
            114.4055079,
            22.725739
          ],
          [
            114.4056474,
            22.7258525
          ],
          [
            114.4063084,
            22.7263491
          ],
          [
            114.406511,
            22.7264602
          ],
          [
            114.4066834,
            22.7265637
          ],
          [
            114.4068174,
            22.7266532
          ],
          [
            114.4068977,
            22.7267551
          ],
          [
            114.4069496,
            22.7268771
          ],
          [
            114.4069697,
            22.7270454
          ],
          [
            114.4069731,
            22.7272508
          ],
          [
            114.4069345,
            22.727484
          ],
          [
            114.4068379,
            22.7278054
          ]
        ]
      },
      "id": "way/1324180615"
    },
    {
      "type": "Feature",
      "properties": {
        "@id": "way/1324180625",
        "highway": "service"
      },
      "geometry": {
        "type": "LineString",
        "coordinates": [
          [
            114.4042033,
            22.7240618
          ],
          [
            114.4044369,
            22.7237981
          ]
        ]
      },
      "id": "way/1324180625"
    },
    {
      "type": "Feature",
      "properties": {
        "@id": "way/1324186618",
        "highway": "service"
      },
      "geometry": {
        "type": "LineString",
        "coordinates": [
          [
            114.4073323,
            22.7217048
          ],
          [
            114.4072143,
            22.721487
          ],
          [
            114.4072008,
            22.7214512
          ],
          [
            114.4072172,
            22.7214277
          ],
          [
            114.4078004,
            22.7211703
          ],
          [
            114.4083052,
            22.7209509
          ]
        ]
      },
      "id": "way/1324186618"
    },
    {
      "type": "Feature",
      "properties": {
        "@id": "way/1324186619",
        "highway": "service"
      },
      "geometry": {
        "type": "LineString",
        "coordinates": [
          [
            114.4066004,
            22.7208772
          ],
          [
            114.4072832,
            22.7205757
          ],
          [
            114.4078577,
            22.7203161
          ],
          [
            114.407902,
            22.720335
          ],
          [
            114.4079398,
            22.7203658
          ],
          [
            114.408169,
            22.7207198
          ],
          [
            114.4083052,
            22.7209509
          ],
          [
            114.4083916,
            22.7210975
          ],
          [
            114.4083927,
            22.7211396
          ],
          [
            114.4083637,
            22.7211981
          ],
          [
            114.4082536,
            22.7214362
          ],
          [
            114.4082113,
            22.7216107
          ],
          [
            114.4081824,
            22.7217872
          ],
          [
            114.4081479,
            22.7218683
          ],
          [
            114.4080533,
            22.7219812
          ],
          [
            114.4078519,
            22.7221587
          ],
          [
            114.4076972,
            22.722286
          ],
          [
            114.4075904,
            22.7223363
          ],
          [
            114.4074505,
            22.7223725
          ],
          [
            114.4072333,
            22.7224122
          ]
        ]
      },
      "id": "way/1324186619"
    },
    {
      "type": "Feature",
      "properties": {
        "@id": "way/1324186620",
        "highway": "service"
      },
      "geometry": {
        "type": "LineString",
        "coordinates": [
          [
            114.4071898,
            22.7203831
          ],
          [
            114.4072832,
            22.7205757
          ]
        ]
      },
      "id": "way/1324186620"
    },
    {
      "type": "Feature",
      "properties": {
        "@id": "way/1324186621",
        "highway": "service"
      },
      "geometry": {
        "type": "LineString",
        "coordinates": [
          [
            114.4078004,
            22.7211703
          ],
          [
            114.4079525,
            22.7214716
          ],
          [
            114.4079757,
            22.7215609
          ],
          [
            114.4079651,
            22.7216797
          ],
          [
            114.4079302,
            22.7217896
          ],
          [
            114.4078963,
            22.7218566
          ]
        ]
      },
      "id": "way/1324186621"
    },
    {
      "type": "Feature",
      "properties": {
        "@id": "way/1324186623",
        "highway": "unclassified"
      },
      "geometry": {
        "type": "LineString",
        "coordinates": [
          [
            114.4078686,
            22.7200499
          ],
          [
            114.408549,
            22.7211119
          ]
        ]
      },
      "id": "way/1324186623"
    },
    {
      "type": "Feature",
      "properties": {
        "@id": "way/1324186624",
        "highway": "unclassified"
      },
      "geometry": {
        "type": "LineString",
        "coordinates": [
          [
            114.4103912,
            22.7172223
          ],
          [
            114.4106395,
            22.7174189
          ],
          [
            114.4109177,
            22.7176857
          ],
          [
            114.4112559,
            22.7180203
          ],
          [
            114.4114584,
            22.7182256
          ],
          [
            114.4115157,
            22.7182923
          ],
          [
            114.4115629,
            22.718423
          ],
          [
            114.4115933,
            22.7185786
          ]
        ]
      },
      "id": "way/1324186624"
    },
    {
      "type": "Feature",
      "properties": {
        "@id": "way/1324186631",
        "highway": "service"
      },
      "geometry": {
        "type": "LineString",
        "coordinates": [
          [
            114.4108453,
            22.7167017
          ],
          [
            114.4109726,
            22.7168072
          ],
          [
            114.4110822,
            22.7169083
          ],
          [
            114.4111055,
            22.7169336
          ],
          [
            114.4113648,
            22.7172158
          ],
          [
            114.411401,
            22.7172552
          ],
          [
            114.4114595,
            22.7173082
          ],
          [
            114.4115174,
            22.7173595
          ],
          [
            114.4115293,
            22.7173932
          ],
          [
            114.4115277,
            22.7174166
          ],
          [
            114.4112612,
            22.7176484
          ]
        ]
      },
      "id": "way/1324186631"
    },
    {
      "type": "Feature",
      "properties": {
        "@id": "way/1324186632",
        "highway": "service"
      },
      "geometry": {
        "type": "LineString",
        "coordinates": [
          [
            114.4108364,
            22.7171912
          ],
          [
            114.4111055,
            22.7169336
          ]
        ]
      },
      "id": "way/1324186632"
    },
    {
      "type": "Feature",
      "properties": {
        "@id": "way/1324186633",
        "highway": "service"
      },
      "geometry": {
        "type": "LineString",
        "coordinates": [
          [
            114.4110945,
            22.7174313
          ],
          [
            114.4113648,
            22.7172158
          ]
        ]
      },
      "id": "way/1324186633"
    },
    {
      "type": "Feature",
      "properties": {
        "@id": "way/1324186646",
        "highway": "service"
      },
      "geometry": {
        "type": "LineString",
        "coordinates": [
          [
            114.4088801,
            22.7173613
          ],
          [
            114.4089972,
            22.7172007
          ],
          [
            114.4091552,
            22.7169842
          ],
          [
            114.4092487,
            22.7168597
          ],
          [
            114.4093059,
            22.7168028
          ],
          [
            114.4093485,
            22.7167798
          ],
          [
            114.4094131,
            22.7167839
          ],
          [
            114.409532,
            22.7168028
          ],
          [
            114.4096142,
            22.7168069
          ],
          [
            114.4096803,
            22.7167879
          ],
          [
            114.4097287,
            22.7167365
          ],
          [
            114.4097405,
            22.7167026
          ],
          [
            114.409742,
            22.7166512
          ],
          [
            114.4097214,
            22.7165929
          ],
          [
            114.409673,
            22.7165645
          ],
          [
            114.4089418,
            22.7164467
          ],
          [
            114.4088669,
            22.7164494
          ],
          [
            114.4087979,
            22.7164954
          ],
          [
            114.4080947,
            22.7171143
          ],
          [
            114.4080242,
            22.7172037
          ],
          [
            114.4080168,
            22.717266
          ],
          [
            114.4080477,
            22.7173256
          ],
          [
            114.4085615,
            22.717633
          ],
          [
            114.4086335,
            22.7176736
          ],
          [
            114.4086496,
            22.7177021
          ],
          [
            114.4086047,
            22.7177662
          ]
        ]
      },
      "id": "way/1324186646"
    },
    {
      "type": "Feature",
      "properties": {
        "@id": "way/1324186647",
        "highway": "service"
      },
      "geometry": {
        "type": "LineString",
        "coordinates": [
          [
            114.4089972,
            22.7172007
          ],
          [
            114.4091004,
            22.7172714
          ],
          [
            114.40914,
            22.717289
          ],
          [
            114.4091782,
            22.717289
          ],
          [
            114.4092105,
            22.7173012
          ],
          [
            114.4098819,
            22.7177359
          ]
        ]
      },
      "id": "way/1324186647"
    },
    {
      "type": "Feature",
      "properties": {
        "@id": "way/1324186649",
        "highway": "unclassified"
      },
      "geometry": {
        "type": "LineString",
        "coordinates": [
          [
            114.4065656,
            22.7228512
          ],
          [
            114.4066599,
            22.7227766
          ],
          [
            114.4067865,
            22.722694
          ],
          [
            114.406949,
            22.722618
          ],
          [
            114.4071181,
            22.7225482
          ],
          [
            114.4073473,
            22.7224826
          ],
          [
            114.4075832,
            22.7224251
          ],
          [
            114.4077056,
            22.722384
          ],
          [
            114.4079348,
            22.7222321
          ],
          [
            114.4081952,
            22.7220166
          ],
          [
            114.4082619,
            22.7218976
          ],
          [
            114.4082873,
            22.7218125
          ],
          [
            114.4083309,
            22.7215979
          ],
          [
            114.4084044,
            22.7213474
          ],
          [
            114.408549,
            22.7211119
          ],
          [
            114.4087604,
            22.7209328
          ],
          [
            114.4092099,
            22.7205982
          ],
          [
            114.4095638,
            22.7203519
          ],
          [
            114.4096928,
            22.7202452
          ],
          [
            114.4098019,
            22.7201097
          ],
          [
            114.4099065,
            22.7199537
          ],
          [
            114.4100534,
            22.7197731
          ],
          [
            114.4105073,
            22.7192476
          ],
          [
            114.4107477,
            22.7190033
          ],
          [
            114.4108834,
            22.7189068
          ],
          [
            114.4110525,
            22.718798
          ],
          [
            114.4111927,
            22.7187241
          ],
          [
            114.4113752,
            22.7186441
          ],
          [
            114.4114998,
            22.7185989
          ],
          [
            114.4115933,
            22.7185786
          ]
        ]
      },
      "id": "way/1324186649"
    },
    {
      "type": "Feature",
      "properties": {
        "@id": "way/1336409663",
        "highway": "service"
      },
      "geometry": {
        "type": "LineString",
        "coordinates": [
          [
            114.3959041,
            22.7026511
          ],
          [
            114.3961662,
            22.7026589
          ],
          [
            114.3962284,
            22.7026608
          ]
        ]
      },
      "id": "way/1336409663"
    },
    {
      "type": "Feature",
      "properties": {
        "@id": "way/1336409664",
        "highway": "service"
      },
      "geometry": {
        "type": "LineString",
        "coordinates": [
          [
            114.3961698,
            22.7029575
          ],
          [
            114.3960998,
            22.702956
          ],
          [
            114.396007,
            22.702954
          ],
          [
            114.3958872,
            22.7029514
          ],
          [
            114.3946791,
            22.7029452
          ],
          [
            114.3932632,
            22.7029379
          ],
          [
            114.3931537,
            22.7029373
          ],
          [
            114.3928077,
            22.7029355
          ]
        ]
      },
      "id": "way/1336409664"
    },
    {
      "type": "Feature",
      "properties": {
        "@id": "way/1336409665",
        "highway": "service"
      },
      "geometry": {
        "type": "LineString",
        "coordinates": [
          [
            114.3958872,
            22.7029514
          ],
          [
            114.3958736,
            22.7031513
          ],
          [
            114.3958496,
            22.703251
          ],
          [
            114.3958014,
            22.7033296
          ],
          [
            114.395684,
            22.7035212
          ],
          [
            114.3955099,
            22.7037771
          ],
          [
            114.3953787,
            22.7039701
          ],
          [
            114.3933746,
            22.7062872
          ],
          [
            114.393329,
            22.7063226
          ],
          [
            114.3932785,
            22.7063426
          ],
          [
            114.3932137,
            22.7063426
          ],
          [
            114.3931417,
            22.7063271
          ],
          [
            114.3930865,
            22.706285
          ],
          [
            114.392011,
            22.7055232
          ],
          [
            114.3918695,
            22.7054029
          ],
          [
            114.3918286,
            22.7053682
          ],
          [
            114.3916509,
            22.7052419
          ],
          [
            114.3915069,
            22.7051467
          ],
          [
            114.391298,
            22.7050293
          ],
          [
            114.3910459,
            22.7049097
          ],
          [
            114.3904554,
            22.7046661
          ],
          [
            114.3900142,
            22.7044964
          ],
          [
            114.3896514,
            22.7043437
          ],
          [
            114.3894123,
            22.7042352
          ],
          [
            114.3893702,
            22.7042089
          ],
          [
            114.3893408,
            22.7041705
          ],
          [
            114.3893278,
            22.7041218
          ],
          [
            114.3893258,
            22.7040744
          ],
          [
            114.3893412,
            22.7040254
          ],
          [
            114.389366,
            22.7039846
          ],
          [
            114.3894159,
            22.7039198
          ],
          [
            114.3899039,
            22.7033008
          ],
          [
            114.3899627,
            22.7032234
          ],
          [
            114.3900137,
            22.7031491
          ],
          [
            114.390064,
            22.7030627
          ],
          [
            114.3901142,
            22.7029642
          ],
          [
            114.3901496,
            22.7028816
          ],
          [
            114.3901731,
            22.7028054
          ],
          [
            114.3901965,
            22.7027077
          ],
          [
            114.3902191,
            22.702583
          ],
          [
            114.3902334,
            22.7024641
          ],
          [
            114.3902398,
            22.7023596
          ],
          [
            114.3902421,
            22.7022342
          ],
          [
            114.3902465,
            22.7019133
          ],
          [
            114.3902297,
            22.7015103
          ],
          [
            114.3902393,
            22.7013707
          ],
          [
            114.3902619,
            22.7012702
          ],
          [
            114.390305,
            22.7012535
          ],
          [
            114.3915132,
            22.701268
          ],
          [
            114.3917519,
            22.7012709
          ],
          [
            114.3945539,
            22.7013047
          ],
          [
            114.3957515,
            22.7013192
          ],
          [
            114.3958116,
            22.7013369
          ],
          [
            114.395862,
            22.7013591
          ],
          [
            114.3958884,
            22.7014034
          ],
          [
            114.3958932,
            22.7014632
          ],
          [
            114.3959073,
            22.7022011
          ],
          [
            114.39591,
            22.7023402
          ],
          [
            114.3959041,
            22.7026511
          ],
          [
            114.3958872,
            22.7029514
          ]
        ]
      },
      "id": "way/1336409665"
    },
    {
      "type": "Feature",
      "properties": {
        "@id": "way/1336409666",
        "highway": "service"
      },
      "geometry": {
        "type": "LineString",
        "coordinates": [
          [
            114.3917519,
            22.7012709
          ],
          [
            114.3917427,
            22.701403
          ],
          [
            114.3917088,
            22.7015394
          ],
          [
            114.3915717,
            22.701982
          ],
          [
            114.3914789,
            22.7022816
          ],
          [
            114.3913576,
            22.7026735
          ],
          [
            114.3913524,
            22.7030383
          ],
          [
            114.3913514,
            22.7031055
          ],
          [
            114.3911234,
            22.7036143
          ],
          [
            114.3910803,
            22.7036626
          ],
          [
            114.3910063,
            22.7036939
          ],
          [
            114.3909139,
            22.7036967
          ],
          [
            114.3905771,
            22.7035716
          ],
          [
            114.3899039,
            22.7033008
          ]
        ]
      },
      "id": "way/1336409666"
    },
    {
      "type": "Feature",
      "properties": {
        "@id": "way/1336409667",
        "highway": "service"
      },
      "geometry": {
        "type": "LineString",
        "coordinates": [
          [
            114.3905771,
            22.7035716
          ],
          [
            114.3905395,
            22.7036527
          ],
          [
            114.390484,
            22.7037607
          ],
          [
            114.3904378,
            22.7038034
          ],
          [
            114.3903577,
            22.7038631
          ],
          [
            114.3903084,
            22.7039199
          ],
          [
            114.3900142,
            22.7044964
          ]
        ]
      },
      "id": "way/1336409667"
    },
    {
      "type": "Feature",
      "properties": {
        "@id": "way/1336409668",
        "highway": "service"
      },
      "geometry": {
        "type": "LineString",
        "coordinates": [
          [
            114.3902421,
            22.7022342
          ],
          [
            114.3906326,
            22.7022492
          ],
          [
            114.3910517,
            22.7022652
          ],
          [
            114.3914789,
            22.7022816
          ]
        ]
      },
      "id": "way/1336409668"
    },
    {
      "type": "Feature",
      "properties": {
        "@id": "way/1336409669",
        "highway": "service"
      },
      "geometry": {
        "type": "LineString",
        "coordinates": [
          [
            114.3906326,
            22.7022492
          ],
          [
            114.3906626,
            22.7021009
          ],
          [
            114.390715,
            22.7020715
          ],
          [
            114.3910348,
            22.7021526
          ],
          [
            114.3910554,
            22.7021854
          ],
          [
            114.3910517,
            22.7022652
          ]
        ]
      },
      "id": "way/1336409669"
    },
    {
      "type": "Feature",
      "properties": {
        "@id": "way/1336409671",
        "highway": "service"
      },
      "geometry": {
        "type": "LineString",
        "coordinates": [
          [
            114.3963137,
            22.7029546
          ],
          [
            114.3963772,
            22.7029562
          ],
          [
            114.3964833,
            22.702959
          ],
          [
            114.3965539,
            22.7029608
          ],
          [
            114.3969783,
            22.7029718
          ],
          [
            114.3979469,
            22.7029968
          ],
          [
            114.398422,
            22.7030123
          ],
          [
            114.3984354,
            22.7023022
          ],
          [
            114.3984491,
            22.7022002
          ],
          [
            114.3984792,
            22.7019761
          ],
          [
            114.3984957,
            22.7013921
          ]
        ]
      },
      "id": "way/1336409671"
    },
    {
      "type": "Feature",
      "properties": {
        "@id": "way/1336409672",
        "highway": "service"
      },
      "geometry": {
        "type": "LineString",
        "coordinates": [
          [
            114.3963679,
            22.7026396
          ],
          [
            114.3964335,
            22.7026396
          ],
          [
            114.3965637,
            22.7026396
          ]
        ]
      },
      "id": "way/1336409672"
    },
    {
      "type": "Feature",
      "properties": {
        "@id": "way/1336409673",
        "highway": "service"
      },
      "geometry": {
        "type": "LineString",
        "coordinates": [
          [
            114.3965637,
            22.7026396
          ],
          [
            114.3965539,
            22.7029608
          ],
          [
            114.3965373,
            22.7031136
          ],
          [
            114.3962636,
            22.7038796
          ],
          [
            114.3962403,
            22.7039449
          ],
          [
            114.3962278,
            22.7039799
          ],
          [
            114.3979306,
            22.7040134
          ],
          [
            114.3980215,
            22.704016
          ],
          [
            114.3980617,
            22.7040171
          ],
          [
            114.3982609,
            22.7038998
          ],
          [
            114.3983315,
            22.7038607
          ],
          [
            114.3984072,
            22.7038657
          ],
          [
            114.3992688,
            22.7039486
          ],
          [
            114.4001151,
            22.7040295
          ],
          [
            114.4006865,
            22.7040333
          ]
        ]
      },
      "id": "way/1336409673"
    },
    {
      "type": "Feature",
      "properties": {
        "@id": "way/1336409674",
        "highway": "service"
      },
      "geometry": {
        "type": "LineString",
        "coordinates": [
          [
            114.3965637,
            22.7026396
          ],
          [
            114.3965762,
            22.7023289
          ],
          [
            114.396596,
            22.701873
          ],
          [
            114.3965881,
            22.70153
          ],
          [
            114.3966122,
            22.7014513
          ],
          [
            114.396677,
            22.7013964
          ],
          [
            114.3984957,
            22.7013921
          ],
          [
            114.3987437,
            22.7013895
          ],
          [
            114.3989305,
            22.7013875
          ],
          [
            114.3990165,
            22.7013865
          ],
          [
            114.3992498,
            22.7013909
          ],
          [
            114.3993377,
            22.7013926
          ],
          [
            114.3994163,
            22.7014202
          ],
          [
            114.3994387,
            22.7014685
          ],
          [
            114.3994593,
            22.7015203
          ],
          [
            114.3994555,
            22.7019638
          ],
          [
            114.3994742,
            22.702019
          ],
          [
            114.3995285,
            22.7020501
          ],
          [
            114.3996089,
            22.7020535
          ],
          [
            114.4002673,
            22.7020639
          ],
          [
            114.4003235,
            22.702076
          ],
          [
            114.4003796,
            22.7020949
          ],
          [
            114.4004114,
            22.7021519
          ],
          [
            114.4004245,
            22.7021985
          ],
          [
            114.4004544,
            22.7026247
          ],
          [
            114.4004862,
            22.7028663
          ],
          [
            114.4006865,
            22.7040333
          ],
          [
            114.4007615,
            22.7044918
          ],
          [
            114.4009864,
            22.7058862
          ],
          [
            114.4011382,
            22.7068269
          ]
        ]
      },
      "id": "way/1336409674"
    },
    {
      "type": "Feature",
      "properties": {
        "@id": "way/1336409675",
        "highway": "service"
      },
      "geometry": {
        "type": "LineString",
        "coordinates": [
          [
            114.4001027,
            22.7068021
          ],
          [
            114.4001069,
            22.7058709
          ],
          [
            114.4001151,
            22.7040295
          ]
        ]
      },
      "id": "way/1336409675"
    },
    {
      "type": "Feature",
      "properties": {
        "@id": "way/1336731290",
        "highway": "service"
      },
      "geometry": {
        "type": "LineString",
        "coordinates": [
          [
            114.3979306,
            22.7040134
          ],
          [
            114.3979469,
            22.7029968
          ]
        ]
      },
      "id": "way/1336731290"
    },
    {
      "type": "Feature",
      "properties": {
        "@id": "way/1336731306",
        "highway": "service"
      },
      "geometry": {
        "type": "LineString",
        "coordinates": [
          [
            114.3908801,
            22.6991211
          ],
          [
            114.391091,
            22.6985363
          ],
          [
            114.3911035,
            22.6984438
          ],
          [
            114.3910784,
            22.6983647
          ],
          [
            114.3910095,
            22.6981893
          ],
          [
            114.3909906,
            22.6980948
          ],
          [
            114.3909969,
            22.6979946
          ],
          [
            114.3910324,
            22.6979463
          ],
          [
            114.3915967,
            22.6977401
          ],
          [
            114.3916531,
            22.6977227
          ],
          [
            114.3917117,
            22.6977323
          ],
          [
            114.3917576,
            22.6977535
          ],
          [
            114.3917785,
            22.6977786
          ],
          [
            114.3919624,
            22.6981739
          ],
          [
            114.3921046,
            22.6984052
          ],
          [
            114.3922944,
            22.698851
          ]
        ]
      },
      "id": "way/1336731306"
    },
    {
      "type": "Feature",
      "properties": {
        "@id": "way/1336731307",
        "highway": "service",
        "oneway": "yes"
      },
      "geometry": {
        "type": "LineString",
        "coordinates": [
          [
            114.3919788,
            22.700585
          ],
          [
            114.391976,
            22.7007034
          ]
        ]
      },
      "id": "way/1336731307"
    },
    {
      "type": "Feature",
      "properties": {
        "@id": "way/1336731308",
        "highway": "service",
        "oneway": "yes"
      },
      "geometry": {
        "type": "LineString",
        "coordinates": [
          [
            114.3919742,
            22.7007845
          ],
          [
            114.3919706,
            22.7009353
          ]
        ]
      },
      "id": "way/1336731308"
    },
    {
      "type": "Feature",
      "properties": {
        "@id": "way/1336731309",
        "bridge": "yes",
        "highway": "service",
        "layer": "1",
        "oneway": "yes"
      },
      "geometry": {
        "type": "LineString",
        "coordinates": [
          [
            114.391976,
            22.7007034
          ],
          [
            114.3919742,
            22.7007845
          ]
        ]
      },
      "id": "way/1336731309"
    },
    {
      "type": "Feature",
      "properties": {
        "@id": "way/1336731310",
        "highway": "service",
        "oneway": "yes"
      },
      "geometry": {
        "type": "LineString",
        "coordinates": [
          [
            114.3918843,
            22.7009344
          ],
          [
            114.3918879,
            22.7007829
          ]
        ]
      },
      "id": "way/1336731310"
    },
    {
      "type": "Feature",
      "properties": {
        "@id": "way/1336731311",
        "highway": "service",
        "oneway": "yes"
      },
      "geometry": {
        "type": "LineString",
        "coordinates": [
          [
            114.3918899,
            22.7007018
          ],
          [
            114.3918927,
            22.7005831
          ]
        ]
      },
      "id": "way/1336731311"
    },
    {
      "type": "Feature",
      "properties": {
        "@id": "way/1336731312",
        "bridge": "yes",
        "highway": "service",
        "layer": "1",
        "oneway": "yes"
      },
      "geometry": {
        "type": "LineString",
        "coordinates": [
          [
            114.3918879,
            22.7007829
          ],
          [
            114.3918899,
            22.7007018
          ]
        ]
      },
      "id": "way/1336731312"
    },
    {
      "type": "Feature",
      "properties": {
        "@id": "way/1336731313",
        "highway": "service"
      },
      "geometry": {
        "type": "LineString",
        "coordinates": [
          [
            114.3908801,
            22.6991211
          ],
          [
            114.3924135,
            22.6991437
          ]
        ]
      },
      "id": "way/1336731313"
    },
    {
      "type": "Feature",
      "properties": {
        "@id": "way/1336731318",
        "highway": "tertiary_link",
        "oneway": "yes"
      },
      "geometry": {
        "type": "LineString",
        "coordinates": [
          [
            114.3958517,
            22.7037017
          ],
          [
            114.3959597,
            22.703352
          ],
          [
            114.3960378,
            22.7031567
          ],
          [
            114.3960704,
            22.7030605
          ],
          [
            114.3960998,
            22.702956
          ],
          [
            114.3961437,
            22.7028021
          ],
          [
            114.3961662,
            22.7026589
          ],
          [
            114.3961893,
            22.7023665
          ],
          [
            114.3962072,
            22.7020631
          ],
          [
            114.3962554,
            22.7018528
          ]
        ]
      },
      "id": "way/1336731318"
    },
    {
      "type": "Feature",
      "properties": {
        "@id": "way/1336731319",
        "highway": "tertiary_link",
        "oneway": "yes"
      },
      "geometry": {
        "type": "LineString",
        "coordinates": [
          [
            114.3963938,
            22.701812
          ],
          [
            114.3964384,
            22.7020851
          ],
          [
            114.3964514,
            22.7022939
          ],
          [
            114.3964335,
            22.7026396
          ],
          [
            114.3964075,
            22.7028001
          ],
          [
            114.3963772,
            22.7029562
          ],
          [
            114.3963099,
            22.7031776
          ],
          [
            114.3962288,
            22.7033892
          ],
          [
            114.3961883,
            22.7034667
          ],
          [
            114.3961409,
            22.7035451
          ],
          [
            114.3960319,
            22.7036512
          ]
        ]
      },
      "id": "way/1336731319"
    },
    {
      "type": "Feature",
      "properties": {
        "@id": "way/1356139989",
        "highway": "service"
      },
      "geometry": {
        "type": "LineString",
        "coordinates": [
          [
            114.4001027,
            22.7068021
          ],
          [
            114.4008267,
            22.7068194
          ],
          [
            114.4009687,
            22.7068226
          ]
        ]
      },
      "id": "way/1356139989"
    },
    {
      "type": "Feature",
      "properties": {
        "@id": "way/1362831356",
        "highway": "service"
      },
      "geometry": {
        "type": "LineString",
        "coordinates": [
          [
            114.4272529,
            22.6995041
          ],
          [
            114.4274662,
            22.6995716
          ],
          [
            114.4278605,
            22.6997066
          ],
          [
            114.4279012,
            22.6997403
          ],
          [
            114.4279174,
            22.6997778
          ],
          [
            114.4279215,
            22.6998341
          ],
          [
            114.4279052,
            22.7006217
          ]
        ]
      },
      "id": "way/1362831356"
    },
    {
      "type": "Feature",
      "properties": {
        "@id": "way/1362831357",
        "highway": "service"
      },
      "geometry": {
        "type": "LineString",
        "coordinates": [
          [
            114.4279622,
            22.6981913
          ],
          [
            114.4274662,
            22.6995716
          ],
          [
            114.4274052,
            22.6997741
          ],
          [
            114.4273727,
            22.6999466
          ],
          [
            114.4273605,
            22.7001004
          ],
          [
            114.4273727,
            22.7002842
          ],
          [
            114.4273971,
            22.7004642
          ],
          [
            114.4274499,
            22.7006217
          ],
          [
            114.4275223,
            22.7007795
          ],
          [
            114.4276979,
            22.7011618
          ]
        ]
      },
      "id": "way/1362831357"
    },
    {
      "type": "Feature",
      "properties": {
        "@id": "way/1362831359",
        "highway": "tertiary",
        "oneway": "yes"
      },
      "geometry": {
        "type": "LineString",
        "coordinates": [
          [
            114.4276979,
            22.7011618
          ],
          [
            114.4280959,
            22.7008744
          ],
          [
            114.4292518,
            22.7002395
          ],
          [
            114.4293302,
            22.7001964
          ],
          [
            114.4304674,
            22.6995717
          ],
          [
            114.4305329,
            22.6995357
          ],
          [
            114.4316748,
            22.6989085
          ],
          [
            114.4318466,
            22.6988141
          ],
          [
            114.4319555,
            22.6987543
          ],
          [
            114.4329172,
            22.698226
          ],
          [
            114.4333977,
            22.6979621
          ],
          [
            114.4341943,
            22.6975245
          ],
          [
            114.4346461,
            22.6972763
          ]
        ]
      },
      "id": "way/1362831359"
    },
    {
      "type": "Feature",
      "properties": {
        "@id": "way/1362831360",
        "highway": "tertiary",
        "oneway": "yes"
      },
      "geometry": {
        "type": "LineString",
        "coordinates": [
          [
            114.4347731,
            22.6973295
          ],
          [
            114.4342501,
            22.6976167
          ],
          [
            114.4329898,
            22.6983087
          ],
          [
            114.4321168,
            22.698788
          ],
          [
            114.4319566,
            22.698876
          ],
          [
            114.4318472,
            22.6989361
          ],
          [
            114.4305911,
            22.6996258
          ],
          [
            114.4305252,
            22.699662
          ],
          [
            114.4293478,
            22.7003084
          ],
          [
            114.4281706,
            22.7009519
          ],
          [
            114.4276979,
            22.7011618
          ]
        ]
      },
      "id": "way/1362831360"
    },
    {
      "type": "Feature",
      "properties": {
        "@id": "way/1362831368",
        "highway": "unclassified"
      },
      "geometry": {
        "type": "LineString",
        "coordinates": [
          [
            114.4275223,
            22.7007795
          ],
          [
            114.4279052,
            22.7006217
          ],
          [
            114.4279848,
            22.7005704
          ],
          [
            114.4280376,
            22.700516
          ],
          [
            114.4280905,
            22.7004466
          ],
          [
            114.4281555,
            22.7003716
          ],
          [
            114.4282775,
            22.7002666
          ],
          [
            114.4284035,
            22.7001954
          ],
          [
            114.4284369,
            22.7001764
          ],
          [
            114.4285092,
            22.7001354
          ],
          [
            114.4286718,
            22.7000491
          ],
          [
            114.4287857,
            22.6999778
          ],
          [
            114.4288954,
            22.6998803
          ],
          [
            114.4289605,
            22.699779
          ],
          [
            114.4290093,
            22.6996628
          ],
          [
            114.4290621,
            22.6995128
          ],
          [
            114.4291272,
            22.6993515
          ],
          [
            114.4292125,
            22.699209
          ],
          [
            114.4293101,
            22.6990852
          ],
          [
            114.4294687,
            22.6989689
          ],
          [
            114.4299159,
            22.6987626
          ],
          [
            114.4299809,
            22.6987338
          ],
          [
            114.4304159,
            22.6985414
          ],
          [
            114.4341764,
            22.6968986
          ]
        ]
      },
      "id": "way/1362831368"
    },
    {
      "type": "Feature",
      "properties": {
        "@id": "way/1362831369",
        "highway": "unclassified",
        "name": "ADAS测试路"
      },
      "geometry": {
        "type": "LineString",
        "coordinates": [
          [
            114.4341215,
            22.6968076
          ],
          [
            114.4337711,
            22.6969605
          ],
          [
            114.4326924,
            22.6974314
          ],
          [
            114.4317047,
            22.6978625
          ],
          [
            114.4299376,
            22.6986574
          ],
          [
            114.4294117,
            22.6988939
          ],
          [
            114.4292817,
            22.6989914
          ],
          [
            114.4291719,
            22.6990927
          ],
          [
            114.4290865,
            22.6991977
          ],
          [
            114.4290174,
            22.6993177
          ],
          [
            114.4289767,
            22.6994302
          ],
          [
            114.428932,
            22.6995653
          ],
          [
            114.4289076,
            22.6996478
          ],
          [
            114.4288548,
            22.699704
          ],
          [
            114.4287897,
            22.6997265
          ],
          [
            114.4287084,
            22.6997265
          ],
          [
            114.4286556,
            22.6996928
          ],
          [
            114.4286149,
            22.6996328
          ],
          [
            114.4286068,
            22.6995353
          ],
          [
            114.4286434,
            22.699449
          ],
          [
            114.4287287,
            22.6993552
          ],
          [
            114.4291109,
            22.6990102
          ],
          [
            114.4294931,
            22.6987476
          ],
          [
            114.4298634,
            22.6985266
          ],
          [
            114.4305867,
            22.698095
          ],
          [
            114.4313225,
            22.6976262
          ],
          [
            114.4342617,
            22.6956461
          ]
        ]
      },
      "id": "way/1362831369"
    },
    {
      "type": "Feature",
      "properties": {
        "@id": "way/1362831370",
        "highway": "unclassified",
        "oneway": "yes"
      },
      "geometry": {
        "type": "LineString",
        "coordinates": [
          [
            114.434291,
            22.6970331
          ],
          [
            114.4339789,
            22.6971679
          ],
          [
            114.4333959,
            22.6974199
          ],
          [
            114.4330646,
            22.6975658
          ],
          [
            114.4325709,
            22.6977833
          ],
          [
            114.4320491,
            22.6980138
          ],
          [
            114.4319501,
            22.6980567
          ],
          [
            114.4318436,
            22.698108
          ],
          [
            114.4314718,
            22.6982728
          ],
          [
            114.4305493,
            22.6986817
          ],
          [
            114.4302736,
            22.6988039
          ],
          [
            114.4301081,
            22.6988774
          ],
          [
            114.4300425,
            22.698909
          ],
          [
            114.4298549,
            22.6989839
          ],
          [
            114.4296923,
            22.6990664
          ],
          [
            114.4295296,
            22.699164
          ],
          [
            114.4293833,
            22.6992877
          ],
          [
            114.4292898,
            22.6994227
          ],
          [
            114.4292207,
            22.6995878
          ],
          [
            114.4291963,
            22.6997453
          ],
          [
            114.4292085,
            22.6998878
          ],
          [
            114.4292491,
            22.7000491
          ],
          [
            114.4293302,
            22.7001964
          ],
          [
            114.4293478,
            22.7003084
          ]
        ]
      },
      "id": "way/1362831370"
    },
    {
      "type": "Feature",
      "properties": {
        "@id": "way/1362831371",
        "highway": "unclassified"
      },
      "geometry": {
        "type": "LineString",
        "coordinates": [
          [
            114.4293478,
            22.7003084
          ],
          [
            114.4294687,
            22.7004504
          ],
          [
            114.4295459,
            22.7005142
          ],
          [
            114.4296313,
            22.7005442
          ],
          [
            114.429741,
            22.7005479
          ],
          [
            114.4298752,
            22.7005179
          ],
          [
            114.4304515,
            22.7003665
          ],
          [
            114.4307371,
            22.7002854
          ],
          [
            114.4308306,
            22.7002479
          ],
          [
            114.4308839,
            22.7002214
          ],
          [
            114.430916,
            22.7002029
          ],
          [
            114.4309514,
            22.7001842
          ],
          [
            114.4310745,
            22.7001203
          ],
          [
            114.4312331,
            22.7000003
          ],
          [
            114.431355,
            22.6998878
          ],
          [
            114.4315258,
            22.6997172
          ],
          [
            114.4316396,
            22.6996028
          ],
          [
            114.4316843,
            22.6995615
          ],
          [
            114.4317778,
            22.699479
          ],
          [
            114.4318492,
            22.6994263
          ],
          [
            114.4319608,
            22.699344
          ],
          [
            114.432221,
            22.699194
          ],
          [
            114.433197,
            22.6986511
          ],
          [
            114.4333868,
            22.6985455
          ],
          [
            114.4341774,
            22.6981058
          ],
          [
            114.4344529,
            22.6979525
          ],
          [
            114.4343583,
            22.6977958
          ],
          [
            114.4342501,
            22.6976167
          ],
          [
            114.4341943,
            22.6975245
          ],
          [
            114.4339789,
            22.6971679
          ],
          [
            114.4339424,
            22.6971074
          ]
        ]
      },
      "id": "way/1362831371"
    },
    {
      "type": "Feature",
      "properties": {
        "@id": "way/1362831372",
        "highway": "unclassified",
        "oneway": "yes"
      },
      "geometry": {
        "type": "LineString",
        "coordinates": [
          [
            114.4293478,
            22.7003084
          ],
          [
            114.4292518,
            22.7002395
          ],
          [
            114.4291719,
            22.7000791
          ],
          [
            114.4291353,
            22.6999591
          ],
          [
            114.429119,
            22.6998541
          ],
          [
            114.4291109,
            22.6997603
          ],
          [
            114.4291312,
            22.6995728
          ],
          [
            114.4291881,
            22.6994452
          ],
          [
            114.4292532,
            22.699329
          ],
          [
            114.4293508,
            22.699209
          ],
          [
            114.4294443,
            22.699134
          ],
          [
            114.4295622,
            22.6990514
          ],
          [
            114.4297289,
            22.6989614
          ],
          [
            114.4298589,
            22.6989014
          ],
          [
            114.4300329,
            22.6988254
          ],
          [
            114.4315479,
            22.6981609
          ],
          [
            114.431884,
            22.6980064
          ],
          [
            114.4339424,
            22.6971074
          ],
          [
            114.434239,
            22.6969779
          ]
        ]
      },
      "id": "way/1362831372"
    },
    {
      "type": "Feature",
      "properties": {
        "@id": "way/1362831373",
        "highway": "unclassified",
        "oneway": "yes"
      },
      "geometry": {
        "type": "LineString",
        "coordinates": [
          [
            114.4308839,
            22.7002214
          ],
          [
            114.4305252,
            22.699662
          ],
          [
            114.4304674,
            22.6995717
          ],
          [
            114.4301289,
            22.6990416
          ],
          [
            114.4300425,
            22.698909
          ],
          [
            114.4300329,
            22.6988254
          ]
        ]
      },
      "id": "way/1362831373"
    },
    {
      "type": "Feature",
      "properties": {
        "@id": "way/1362831374",
        "highway": "unclassified",
        "oneway": "yes"
      },
      "geometry": {
        "type": "LineString",
        "coordinates": [
          [
            114.4300329,
            22.6988254
          ],
          [
            114.4301081,
            22.6988774
          ],
          [
            114.4305329,
            22.6995357
          ],
          [
            114.4305911,
            22.6996258
          ],
          [
            114.4308729,
            22.70007
          ],
          [
            114.4309514,
            22.7001842
          ]
        ]
      },
      "id": "way/1362831374"
    },
    {
      "type": "Feature",
      "properties": {
        "@id": "way/1362831375",
        "highway": "unclassified"
      },
      "geometry": {
        "type": "LineString",
        "coordinates": [
          [
            114.4300329,
            22.6988254
          ],
          [
            114.4299809,
            22.6987338
          ],
          [
            114.4299376,
            22.6986574
          ],
          [
            114.4298634,
            22.6985266
          ]
        ]
      },
      "id": "way/1362831375"
    },
    {
      "type": "Feature",
      "properties": {
        "@id": "way/1362831376",
        "highway": "service"
      },
      "geometry": {
        "type": "LineString",
        "coordinates": [
          [
            114.4304515,
            22.7003665
          ],
          [
            114.4303509,
            22.7001766
          ]
        ]
      },
      "id": "way/1362831376"
    },
    {
      "type": "Feature",
      "properties": {
        "@id": "way/1362831377",
        "highway": "service"
      },
      "geometry": {
        "type": "LineString",
        "coordinates": [
          [
            114.4303509,
            22.7001766
          ],
          [
            114.4298305,
            22.7004166
          ],
          [
            114.4297654,
            22.7004391
          ],
          [
            114.4297045,
            22.7004354
          ],
          [
            114.4296597,
            22.7004054
          ],
          [
            114.4296435,
            22.7003604
          ],
          [
            114.4296475,
            22.7003191
          ],
          [
            114.4296923,
            22.7002779
          ],
          [
            114.4303875,
            22.6998878
          ],
          [
            114.4304362,
            22.6998803
          ],
          [
            114.4305013,
            22.6998991
          ],
          [
            114.4305501,
            22.6999403
          ],
          [
            114.4305623,
            22.6999891
          ],
          [
            114.4305541,
            22.7000566
          ],
          [
            114.4305013,
            22.7001016
          ],
          [
            114.4303509,
            22.7001766
          ]
        ]
      },
      "id": "way/1362831377"
    },
    {
      "type": "Feature",
      "properties": {
        "@id": "way/1362831381",
        "highway": "service",
        "oneway": "yes"
      },
      "geometry": {
        "type": "LineString",
        "coordinates": [
          [
            114.4314718,
            22.6982728
          ],
          [
            114.4312392,
            22.6984438
          ],
          [
            114.4308449,
            22.6986164
          ],
          [
            114.4305493,
            22.6986817
          ]
        ]
      },
      "id": "way/1362831381"
    },
    {
      "type": "Feature",
      "properties": {
        "@id": "way/1362831382",
        "highway": "service",
        "oneway": "yes"
      },
      "geometry": {
        "type": "LineString",
        "coordinates": [
          [
            114.4314718,
            22.6982728
          ],
          [
            114.4312514,
            22.6985001
          ],
          [
            114.4308815,
            22.6986576
          ],
          [
            114.4305493,
            22.6986817
          ]
        ]
      },
      "id": "way/1362831382"
    },
    {
      "type": "Feature",
      "properties": {
        "@id": "way/1399505864",
        "highway": "unclassified"
      },
      "geometry": {
        "type": "LineString",
        "coordinates": [
          [
            114.4110764,
            22.7234234
          ],
          [
            114.4111735,
            22.7232791
          ],
          [
            114.4112519,
            22.7231322
          ],
          [
            114.4113614,
            22.722928
          ],
          [
            114.4115334,
            22.7226057
          ],
          [
            114.4116642,
            22.7223667
          ],
          [
            114.4117436,
            22.7222288
          ],
          [
            114.4118487,
            22.7221513
          ],
          [
            114.4119818,
            22.7221082
          ],
          [
            114.4121009,
            22.7220393
          ],
          [
            114.4121476,
            22.7219898
          ],
          [
            114.4121616,
            22.7218864
          ],
          [
            114.4122106,
            22.7217572
          ],
          [
            114.4122923,
            22.7216645
          ],
          [
            114.4126309,
            22.7214535
          ],
          [
            114.4129928,
            22.7212359
          ],
          [
            114.4133151,
            22.7210507
          ],
          [
            114.4135392,
            22.7208978
          ],
          [
            114.4137027,
            22.7207384
          ],
          [
            114.4137937,
            22.7205747
          ],
          [
            114.4138941,
            22.7203658
          ],
          [
            114.4140015,
            22.7201483
          ],
          [
            114.4140412,
            22.7199135
          ],
          [
            114.4140062,
            22.7197261
          ],
          [
            114.4139256,
            22.7195511
          ],
          [
            114.4138871,
            22.7194677
          ],
          [
            114.4137494,
            22.7192437
          ],
          [
            114.4135626,
            22.7190498
          ],
          [
            114.4133151,
            22.7188344
          ],
          [
            114.4130489,
            22.718688
          ],
          [
            114.4128504,
            22.7186104
          ],
          [
            114.4125188,
            22.7185458
          ],
          [
            114.4122643,
            22.7185286
          ],
          [
            114.4120351,
            22.7185276
          ],
          [
            114.4118481,
            22.7185463
          ],
          [
            114.4115933,
            22.7185786
          ]
        ]
      },
      "id": "way/1399505864"
    },
    {
      "type": "Feature",
      "properties": {
        "@id": "way/1399505865",
        "highway": "unclassified",
        "oneway": "yes"
      },
      "geometry": {
        "type": "LineString",
        "coordinates": [
          [
            114.4110764,
            22.7234234
          ],
          [
            114.411099,
            22.723444
          ],
          [
            114.4111132,
            22.7234703
          ],
          [
            114.4111175,
            22.7234993
          ],
          [
            114.4111112,
            22.7235287
          ],
          [
            114.4110948,
            22.7235546
          ],
          [
            114.41107,
            22.7235741
          ],
          [
            114.4110397,
            22.723585
          ],
          [
            114.4110073,
            22.7235861
          ],
          [
            114.4109762,
            22.7235773
          ],
          [
            114.4109499,
            22.7235596
          ],
          [
            114.4109315,
            22.7235349
          ],
          [
            114.4109228,
            22.723506
          ],
          [
            114.4109236,
            22.723494
          ],
          [
            114.4109248,
            22.7234767
          ],
          [
            114.4109368,
            22.7234496
          ],
          [
            114.4109577,
            22.7234275
          ],
          [
            114.4109851,
            22.7234127
          ],
          [
            114.4110163,
            22.7234069
          ],
          [
            114.4110478,
            22.7234105
          ],
          [
            114.4110764,
            22.7234234
          ]
        ]
      },
      "id": "way/1399505865"
    },
    {
      "type": "Feature",
      "properties": {
        "@id": "way/1399505866",
        "highway": "unclassified"
      },
      "geometry": {
        "type": "LineString",
        "coordinates": [
          [
            114.4110948,
            22.7235546
          ],
          [
            114.4120258,
            22.7243673
          ]
        ]
      },
      "id": "way/1399505866"
    },
    {
      "type": "Feature",
      "properties": {
        "@id": "way/1399505867",
        "highway": "unclassified"
      },
      "geometry": {
        "type": "LineString",
        "coordinates": [
          [
            114.408351,
            22.7228769
          ],
          [
            114.4087288,
            22.7231552
          ],
          [
            114.4090279,
            22.72334
          ],
          [
            114.4091987,
            22.723355
          ],
          [
            114.4093795,
            22.7233689
          ],
          [
            114.4096925,
            22.7234308
          ],
          [
            114.410093,
            22.7234814
          ],
          [
            114.4103857,
            22.7234945
          ],
          [
            114.4107089,
            22.723502
          ],
          [
            114.4109236,
            22.723494
          ]
        ]
      },
      "id": "way/1399505867"
    },
    {
      "type": "Feature",
      "properties": {
        "@id": "way/1399505868",
        "highway": "unclassified"
      },
      "geometry": {
        "type": "LineString",
        "coordinates": [
          [
            114.4075605,
            22.7237449
          ],
          [
            114.408351,
            22.7228769
          ]
        ]
      },
      "id": "way/1399505868"
    },
    {
      "type": "Feature",
      "properties": {
        "@id": "way/1399505869",
        "highway": "unclassified"
      },
      "geometry": {
        "type": "LineString",
        "coordinates": [
          [
            114.4082619,
            22.7218976
          ],
          [
            114.4083159,
            22.7220209
          ],
          [
            114.4084216,
            22.7221634
          ],
          [
            114.4086107,
            22.7223191
          ],
          [
            114.4086879,
            22.7223866
          ],
          [
            114.4087082,
            22.7224484
          ],
          [
            114.408633,
            22.7225534
          ],
          [
            114.408351,
            22.7228769
          ]
        ]
      },
      "id": "way/1399505869"
    },
    {
      "type": "Feature",
      "properties": {
        "@id": "way/1399505882",
        "highway": "unclassified"
      },
      "geometry": {
        "type": "LineString",
        "coordinates": [
          [
            114.4139256,
            22.7195511
          ],
          [
            114.4150865,
            22.7195462
          ],
          [
            114.4153131,
            22.7195629
          ],
          [
            114.4153406,
            22.7195649
          ],
          [
            114.4155744,
            22.7196137
          ],
          [
            114.4157553,
            22.719713
          ],
          [
            114.4159164,
            22.7197905
          ]
        ]
      },
      "id": "way/1399505882"
    },
    {
      "type": "Feature",
      "properties": {
        "@id": "way/1399505883",
        "highway": "unclassified"
      },
      "geometry": {
        "type": "LineString",
        "coordinates": [
          [
            114.4153131,
            22.7195629
          ],
          [
            114.4153272,
            22.7191885
          ],
          [
            114.4153424,
            22.7191126
          ],
          [
            114.4153955,
            22.719075
          ],
          [
            114.416161,
            22.7190707
          ]
        ]
      },
      "id": "way/1399505883"
    },
    {
      "type": "Feature",
      "properties": {
        "@id": "way/1413474141",
        "highway": "tertiary",
        "name": "创景路",
        "oneway": "yes"
      },
      "geometry": {
        "type": "LineString",
        "coordinates": [
          [
            114.3920841,
            22.7084482
          ],
          [
            114.3920016,
            22.7085476
          ],
          [
            114.3919516,
            22.7086079
          ],
          [
            114.3919252,
            22.7086438
          ],
          [
            114.3918605,
            22.7087318
          ],
          [
            114.3917835,
            22.7088366
          ],
          [
            114.3917619,
            22.7088659
          ],
          [
            114.3916447,
            22.7090339
          ],
          [
            114.3915569,
            22.7091809
          ],
          [
            114.39154,
            22.7092158
          ],
          [
            114.3914512,
            22.7093997
          ],
          [
            114.3913863,
            22.709534
          ],
          [
            114.3913645,
            22.7095791
          ],
          [
            114.3912558,
            22.7098375
          ],
          [
            114.3911872,
            22.7100146
          ],
          [
            114.3911134,
            22.7102566
          ],
          [
            114.3910631,
            22.7104726
          ],
          [
            114.3910237,
            22.7107429
          ],
          [
            114.3910245,
            22.7109093
          ],
          [
            114.3910403,
            22.7110408
          ],
          [
            114.3910293,
            22.711256
          ],
          [
            114.3910197,
            22.7115703
          ],
          [
            114.3910184,
            22.7116137
          ],
          [
            114.3910131,
            22.7117873
          ],
          [
            114.3910101,
            22.7118841
          ]
        ]
      },
      "id": "way/1413474141"
    },
    {
      "type": "Feature",
      "properties": {
        "@id": "way/1413474142",
        "highway": "tertiary",
        "name": "创景路",
        "name:en": "Chuangjing Road",
        "name:zh": "创景路",
        "oneway": "yes",
        "surface": "asphalt"
      },
      "geometry": {
        "type": "LineString",
        "coordinates": [
          [
            114.3964502,
            22.6950551
          ],
          [
            114.3964504,
            22.695152
          ],
          [
            114.3964507,
            22.6952731
          ],
          [
            114.3964509,
            22.6953347
          ],
          [
            114.3964483,
            22.6955195
          ]
        ]
      },
      "id": "way/1413474142"
    },
    {
      "type": "Feature",
      "properties": {
        "@id": "way/1413474143",
        "alt_name": "237乡道",
        "alt_name_1": "石水线",
        "highway": "secondary",
        "name": "坪山金田路",
        "name:en": "Pingshan Jintian Road",
        "name:zh": "坪山金田路",
        "oneway": "yes",
        "ref": "Y237",
        "surface": "asphalt"
      },
      "geometry": {
        "type": "LineString",
        "coordinates": [
          [
            114.3968293,
            22.6952122
          ],
          [
            114.3966418,
            22.6951824
          ],
          [
            114.3965728,
            22.6951714
          ],
          [
            114.3964504,
            22.695152
          ],
          [
            114.3963216,
            22.6951315
          ],
          [
            114.3962181,
            22.6951151
          ],
          [
            114.3961449,
            22.6951035
          ],
          [
            114.3959791,
            22.6950771
          ],
          [
            114.3949704,
            22.6949169
          ],
          [
            114.3939816,
            22.6947598
          ],
          [
            114.3929759,
            22.6946001
          ]
        ]
      },
      "id": "way/1413474143"
    },
    {
      "type": "Feature",
      "properties": {
        "@id": "way/1413474147",
        "highway": "secondary",
        "name": "金牛东路",
        "name:en": "Jinniu East Road",
        "name:zh": "金牛东路",
        "oneway": "yes",
        "source": "bing"
      },
      "geometry": {
        "type": "LineString",
        "coordinates": [
          [
            114.3905166,
            22.7116577
          ],
          [
            114.3907238,
            22.7117069
          ],
          [
            114.3907658,
            22.7117186
          ],
          [
            114.3908573,
            22.711744
          ],
          [
            114.3910131,
            22.7117873
          ]
        ]
      },
      "id": "way/1413474147"
    },
    {
      "type": "Feature",
      "properties": {
        "@id": "way/1413474148",
        "highway": "tertiary",
        "lanes": "2",
        "name": "创景路",
        "name:en": "Chuangjing Road",
        "name:zh": "创景路",
        "oneway": "yes",
        "source": "bing"
      },
      "geometry": {
        "type": "LineString",
        "coordinates": [
          [
            114.3908547,
            22.7118425
          ],
          [
            114.3908573,
            22.711744
          ],
          [
            114.390861,
            22.7116072
          ],
          [
            114.3908618,
            22.7115751
          ],
          [
            114.3908654,
            22.7114596
          ]
        ]
      },
      "id": "way/1413474148"
    },
    {
      "type": "Feature",
      "properties": {
        "@id": "way/1413474149",
        "alt_name": "237乡道",
        "alt_name_1": "石水线",
        "highway": "secondary",
        "name": "坪山金田路",
        "name:en": "Pingshan Jintian Road",
        "name:zh": "坪山金田路",
        "oneway": "yes",
        "ref": "Y237",
        "surface": "asphalt"
      },
      "geometry": {
        "type": "LineString",
        "coordinates": [
          [
            114.3929747,
            22.6945103
          ],
          [
            114.3934246,
            22.6945808
          ],
          [
            114.3945221,
            22.6947529
          ],
          [
            114.3961513,
            22.6950083
          ],
          [
            114.3962163,
            22.6950185
          ],
          [
            114.3963287,
            22.6950361
          ]
        ]
      },
      "id": "way/1413474149"
    },
    {
      "type": "Feature",
      "properties": {
        "@id": "way/1433755300",
        "highway": "service"
      },
      "geometry": {
        "type": "LineString",
        "coordinates": [
          [
            114.3988353,
            22.7081894
          ],
          [
            114.3988333,
            22.7083759
          ],
          [
            114.3988326,
            22.7084391
          ]
        ]
      },
      "id": "way/1433755300"
    },
    {
      "type": "Feature",
      "properties": {
        "@id": "way/1433755301",
        "highway": "service"
      },
      "geometry": {
        "type": "LineString",
        "coordinates": [
          [
            114.4002436,
            22.7083374
          ],
          [
            114.4002537,
            22.7075891
          ],
          [
            114.4002598,
            22.707252
          ]
        ]
      },
      "id": "way/1433755301"
    },
    {
      "type": "Feature",
      "properties": {
        "@id": "way/1433755302",
        "highway": "service"
      },
      "geometry": {
        "type": "LineString",
        "coordinates": [
          [
            114.4002598,
            22.707252
          ],
          [
            114.4002625,
            22.7071007
          ],
          [
            114.4002649,
            22.7069686
          ],
          [
            114.4000998,
            22.7069661
          ],
          [
            114.4001027,
            22.7068021
          ]
        ]
      },
      "id": "way/1433755302"
    },
    {
      "type": "Feature",
      "properties": {
        "@id": "way/1433755305",
        "highway": "service"
      },
      "geometry": {
        "type": "LineString",
        "coordinates": [
          [
            114.4002625,
            22.7071007
          ],
          [
            114.4002141,
            22.7071001
          ],
          [
            114.4001966,
            22.7071021
          ],
          [
            114.4001874,
            22.7071119
          ],
          [
            114.4001873,
            22.7071323
          ],
          [
            114.4001873,
            22.707147
          ]
        ]
      },
      "id": "way/1433755305"
    },
    {
      "type": "Feature",
      "properties": {
        "@id": "way/1433779997",
        "highway": "service"
      },
      "geometry": {
        "type": "LineString",
        "coordinates": [
          [
            114.4001069,
            22.7058709
          ],
          [
            114.4001996,
            22.7058725
          ],
          [
            114.4009864,
            22.7058862
          ]
        ]
      },
      "id": "way/1433779997"
    },
    {
      "type": "Feature",
      "properties": {
        "@id": "way/1433779998",
        "highway": "service"
      },
      "geometry": {
        "type": "LineString",
        "coordinates": [
          [
            114.401173,
            22.7072602
          ],
          [
            114.4011783,
            22.7074294
          ],
          [
            114.401177,
            22.7075872
          ],
          [
            114.4011752,
            22.7078103
          ],
          [
            114.4011691,
            22.7082196
          ],
          [
            114.4011259,
            22.7082878
          ],
          [
            114.401052,
            22.7083361
          ],
          [
            114.4009287,
            22.7083503
          ],
          [
            114.4002436,
            22.7083374
          ],
          [
            114.3989514,
            22.7083213
          ],
          [
            114.3988937,
            22.7083056
          ],
          [
            114.3988626,
            22.7082787
          ],
          [
            114.3988432,
            22.7082463
          ],
          [
            114.3988353,
            22.7081894
          ]
        ]
      },
      "id": "way/1433779998"
    },
    {
      "type": "Feature",
      "properties": {
        "@id": "way/1433780006",
        "highway": "service"
      },
      "geometry": {
        "type": "LineString",
        "coordinates": [
          [
            114.3984072,
            22.7038657
          ],
          [
            114.3984103,
            22.7036386
          ],
          [
            114.398422,
            22.7030123
          ]
        ]
      },
      "id": "way/1433780006"
    },
    {
      "type": "Feature",
      "properties": {
        "@id": "way/1433780007",
        "highway": "service"
      },
      "geometry": {
        "type": "LineString",
        "coordinates": [
          [
            114.3984491,
            22.7022002
          ],
          [
            114.3986109,
            22.7022012
          ],
          [
            114.3988645,
            22.7022027
          ]
        ]
      },
      "id": "way/1433780007"
    },
    {
      "type": "Feature",
      "properties": {
        "@id": "way/1433780015",
        "highway": "service"
      },
      "geometry": {
        "type": "LineString",
        "coordinates": [
          [
            114.3994555,
            22.7019638
          ],
          [
            114.3994537,
            22.7020384
          ],
          [
            114.3994442,
            22.702084
          ],
          [
            114.3994286,
            22.7021209
          ],
          [
            114.3994062,
            22.7021465
          ],
          [
            114.3993744,
            22.7021615
          ],
          [
            114.3993405,
            22.702164
          ]
        ]
      },
      "id": "way/1433780015"
    },
    {
      "type": "Feature",
      "properties": {
        "@id": "way/1433780016",
        "highway": "service"
      },
      "geometry": {
        "type": "LineString",
        "coordinates": [
          [
            114.3997261,
            22.7015475
          ],
          [
            114.4001824,
            22.7015559
          ],
          [
            114.4002285,
            22.7015854
          ],
          [
            114.4002612,
            22.7016256
          ],
          [
            114.4002604,
            22.7017993
          ],
          [
            114.4002448,
            22.7018295
          ],
          [
            114.4002285,
            22.7018553
          ],
          [
            114.400202,
            22.7018733
          ],
          [
            114.4001717,
            22.7018805
          ],
          [
            114.3996634,
            22.7018675
          ],
          [
            114.3996142,
            22.7018527
          ],
          [
            114.3995934,
            22.7018169
          ],
          [
            114.3995891,
            22.7017785
          ],
          [
            114.3995907,
            22.7015688
          ],
          [
            114.3996209,
            22.7015474
          ],
          [
            114.3997261,
            22.7015475
          ]
        ]
      },
      "id": "way/1433780016"
    },
    {
      "type": "Feature",
      "properties": {
        "@id": "way/1433780017",
        "highway": "service"
      },
      "geometry": {
        "type": "LineString",
        "coordinates": [
          [
            114.3995907,
            22.7015688
          ],
          [
            114.3995911,
            22.7012933
          ],
          [
            114.3995911,
            22.7010978
          ]
        ]
      },
      "id": "way/1433780017"
    },
    {
      "type": "Feature",
      "properties": {
        "@id": "way/1433780019",
        "highway": "service",
        "service": "parking_aisle"
      },
      "geometry": {
        "type": "LineString",
        "coordinates": [
          [
            114.397731,
            22.7042731
          ],
          [
            114.397731,
            22.704146
          ]
        ]
      },
      "id": "way/1433780019"
    },
    {
      "type": "Feature",
      "properties": {
        "@id": "way/1433780020",
        "highway": "service"
      },
      "geometry": {
        "type": "LineString",
        "coordinates": [
          [
            114.3980215,
            22.704016
          ],
          [
            114.3980606,
            22.704061
          ],
          [
            114.3980806,
            22.7040775
          ],
          [
            114.398126,
            22.7040991
          ]
        ]
      },
      "id": "way/1433780020"
    },
    {
      "type": "Feature",
      "properties": {
        "@id": "way/1433780024",
        "highway": "service",
        "oneway": "yes"
      },
      "geometry": {
        "type": "LineString",
        "coordinates": [
          [
            114.3990201,
            22.7010973
          ],
          [
            114.3990175,
            22.7012512
          ],
          [
            114.3990165,
            22.7013865
          ]
        ]
      },
      "id": "way/1433780024"
    },
    {
      "type": "Feature",
      "properties": {
        "@id": "way/1433780025",
        "highway": "service",
        "oneway": "yes"
      },
      "geometry": {
        "type": "LineString",
        "coordinates": [
          [
            114.3989305,
            22.7013875
          ],
          [
            114.3989324,
            22.7012529
          ],
          [
            114.3989347,
            22.7010966
          ]
        ]
      },
      "id": "way/1433780025"
    },
    {
      "type": "Feature",
      "properties": {
        "@id": "way/1433780026",
        "highway": "service"
      },
      "geometry": {
        "type": "LineString",
        "coordinates": [
          [
            114.3987437,
            22.7013895
          ],
          [
            114.398741,
            22.7013637
          ],
          [
            114.3987271,
            22.7013336
          ],
          [
            114.3987065,
            22.7013159
          ],
          [
            114.3986726,
            22.7012949
          ],
          [
            114.3986355,
            22.7012879
          ],
          [
            114.3986086,
            22.7012841
          ],
          [
            114.3983985,
            22.7012837
          ]
        ]
      },
      "id": "way/1433780026"
    },
    {
      "type": "Feature",
      "properties": {
        "@id": "way/1433800163",
        "highway": "service",
        "layer": "-1"
      },
      "geometry": {
        "type": "LineString",
        "coordinates": [
          [
            114.3959073,
            22.7022011
          ],
          [
            114.3932646,
            22.7022176
          ],
          [
            114.3932632,
            22.7029379
          ]
        ]
      },
      "id": "way/1433800163"
    },
    {
      "type": "Feature",
      "properties": {
        "@id": "way/1433800166",
        "highway": "service"
      },
      "geometry": {
        "type": "LineString",
        "coordinates": [
          [
            114.3955099,
            22.7037771
          ],
          [
            114.3952605,
            22.7036162
          ]
        ]
      },
      "id": "way/1433800166"
    },
    {
      "type": "Feature",
      "properties": {
        "@id": "way/1433800167",
        "highway": "service"
      },
      "geometry": {
        "type": "LineString",
        "coordinates": [
          [
            114.3958014,
            22.7033296
          ],
          [
            114.3957304,
            22.7032887
          ],
          [
            114.3956701,
            22.7032868
          ],
          [
            114.3956051,
            22.7032918
          ],
          [
            114.3955773,
            22.7033118
          ],
          [
            114.395519,
            22.7033812
          ],
          [
            114.395412,
            22.7035475
          ]
        ]
      },
      "id": "way/1433800167"
    },
    {
      "type": "Feature",
      "properties": {
        "@id": "way/1433848022",
        "highway": "service"
      },
      "geometry": {
        "type": "LineString",
        "coordinates": [
          [
            114.3915132,
            22.701268
          ],
          [
            114.3915164,
            22.7010281
          ],
          [
            114.3915178,
            22.70093
          ]
        ]
      },
      "id": "way/1433848022"
    },
    {
      "type": "Feature",
      "properties": {
        "@id": "way/1433848025",
        "highway": "residential",
        "name": "竹坑路"
      },
      "geometry": {
        "type": "LineString",
        "coordinates": [
          [
            114.3983435,
            22.7121697
          ],
          [
            114.4000167,
            22.712209
          ]
        ]
      },
      "id": "way/1433848025"
    },
    {
      "type": "Feature",
      "properties": {
        "@id": "way/1433848026",
        "highway": "residential",
        "name": "茜竹路"
      },
      "geometry": {
        "type": "LineString",
        "coordinates": [
          [
            114.3983752,
            22.7108914
          ],
          [
            114.3983435,
            22.7121697
          ]
        ]
      },
      "id": "way/1433848026"
    },
    {
      "type": "Feature",
      "properties": {
        "@id": "way/1433848027",
        "highway": "residential",
        "name": "竹坑路"
      },
      "geometry": {
        "type": "LineString",
        "coordinates": [
          [
            114.3960339,
            22.711931
          ],
          [
            114.3962183,
            22.7119714
          ],
          [
            114.3983435,
            22.7121697
          ]
        ]
      },
      "id": "way/1433848027"
    },
    {
      "type": "Feature",
      "properties": {
        "@id": "way/1433848028",
        "highway": "residential",
        "lanes": "2",
        "name": "金兰路",
        "name:en": "Jinlan Road",
        "name:zh": "金兰路",
        "oneway": "no"
      },
      "geometry": {
        "type": "LineString",
        "coordinates": [
          [
            114.3960339,
            22.711931
          ],
          [
            114.3962817,
            22.7107887
          ]
        ]
      },
      "id": "way/1433848028"
    },
    {
      "type": "Feature",
      "properties": {
        "@id": "way/1433973642",
        "highway": "service"
      },
      "geometry": {
        "type": "LineString",
        "coordinates": [
          [
            114.3918927,
            22.7005831
          ],
          [
            114.3904995,
            22.7005511
          ],
          [
            114.3904368,
            22.7005106
          ],
          [
            114.3904201,
            22.7004316
          ],
          [
            114.3904243,
            22.7003699
          ],
          [
            114.3908801,
            22.6991211
          ]
        ]
      },
      "id": "way/1433973642"
    },
    {
      "type": "Feature",
      "properties": {
        "@id": "way/1433973643",
        "highway": "service"
      },
      "geometry": {
        "type": "LineString",
        "coordinates": [
          [
            114.3922944,
            22.698851
          ],
          [
            114.3923846,
            22.6990627
          ],
          [
            114.3924135,
            22.6991437
          ],
          [
            114.3924159,
            22.6992343
          ],
          [
            114.3924097,
            22.7004643
          ],
          [
            114.3923971,
            22.7005125
          ],
          [
            114.3923574,
            22.7005511
          ],
          [
            114.3923135,
            22.7005781
          ],
          [
            114.3922613,
            22.7005858
          ],
          [
            114.3921798,
            22.7005896
          ],
          [
            114.3919788,
            22.700585
          ]
        ]
      },
      "id": "way/1433973643"
    },
    {
      "type": "Feature",
      "properties": {
        "@id": "way/1433975610",
        "highway": "tertiary",
        "name": "兰田路",
        "name:en": "Lantian Road",
        "name:zh": "兰田路",
        "oneway": "yes",
        "surface": "asphalt"
      },
      "geometry": {
        "type": "LineString",
        "coordinates": [
          [
            114.3904315,
            22.700919
          ],
          [
            114.3915178,
            22.70093
          ],
          [
            114.3918843,
            22.7009344
          ],
          [
            114.3919706,
            22.7009353
          ]
        ]
      },
      "id": "way/1433975610"
    },
    {
      "type": "Feature",
      "properties": {
        "@id": "way/1433975611",
        "highway": "tertiary",
        "name": "创景路",
        "name:en": "Chuangjing Road",
        "name:zh": "创景路",
        "oneway": "yes",
        "surface": "asphalt"
      },
      "geometry": {
        "type": "LineString",
        "coordinates": [
          [
            114.3964483,
            22.6955195
          ],
          [
            114.3964133,
            22.6980317
          ],
          [
            114.3964121,
            22.6981171
          ],
          [
            114.3963756,
            22.700738
          ],
          [
            114.3963739,
            22.7008594
          ],
          [
            114.3963751,
            22.7009237
          ],
          [
            114.3963756,
            22.700949
          ],
          [
            114.3963761,
            22.7009742
          ],
          [
            114.3963762,
            22.700982
          ]
        ]
      },
      "id": "way/1433975611"
    },
    {
      "type": "Feature",
      "properties": {
        "@id": "way/1433975612",
        "highway": "tertiary",
        "name": "兰田路",
        "name:en": "Lantian Road",
        "name:zh": "兰田路",
        "oneway": "yes",
        "surface": "asphalt"
      },
      "geometry": {
        "type": "LineString",
        "coordinates": [
          [
            114.3919706,
            22.7009353
          ],
          [
            114.3925948,
            22.7009419
          ],
          [
            114.3945456,
            22.7009626
          ],
          [
            114.3959861,
            22.7009778
          ],
          [
            114.3961262,
            22.7009793
          ],
          [
            114.396159,
            22.7009797
          ],
          [
            114.3962433,
            22.7009805
          ],
          [
            114.3963762,
            22.700982
          ]
        ]
      },
      "id": "way/1433975612"
    },
    {
      "type": "Feature",
      "properties": {
        "@id": "way/1433975613",
        "highway": "tertiary",
        "name": "创景路",
        "name:en": "Chuangjing Road",
        "name:zh": "创景路",
        "oneway": "yes",
        "surface": "asphalt"
      },
      "geometry": {
        "type": "LineString",
        "coordinates": [
          [
            114.3963762,
            22.700982
          ],
          [
            114.3963776,
            22.7010527
          ],
          [
            114.396378,
            22.7010732
          ]
        ]
      },
      "id": "way/1433975613"
    },
    {
      "type": "Feature",
      "properties": {
        "@id": "way/1433975614",
        "highway": "tertiary",
        "name": "兰田路",
        "name:en": "Lantian Road",
        "name:zh": "兰田路",
        "oneway": "yes",
        "surface": "asphalt"
      },
      "geometry": {
        "type": "LineString",
        "coordinates": [
          [
            114.3959915,
            22.7010696
          ],
          [
            114.3919685,
            22.7010323
          ],
          [
            114.391882,
            22.7010315
          ]
        ]
      },
      "id": "way/1433975614"
    },
    {
      "type": "Feature",
      "properties": {
        "@id": "way/1433975615",
        "highway": "tertiary",
        "name": "创景路",
        "name:en": "Chuangjing Road",
        "name:zh": "创景路",
        "oneway": "yes",
        "surface": "asphalt"
      },
      "geometry": {
        "type": "LineString",
        "coordinates": [
          [
            114.3934195,
            22.7068705
          ],
          [
            114.3933769,
            22.7069201
          ],
          [
            114.393162,
            22.7071705
          ],
          [
            114.3931359,
            22.7072009
          ],
          [
            114.3929209,
            22.7074515
          ]
        ]
      },
      "id": "way/1433975615"
    },
    {
      "type": "Feature",
      "properties": {
        "@id": "way/1433975616",
        "highway": "tertiary",
        "lanes": "2",
        "name": "杜岗路",
        "name:en": "Dugang Road",
        "name:zh": "杜岗路",
        "oneway": "yes"
      },
      "geometry": {
        "type": "LineString",
        "coordinates": [
          [
            114.3932845,
            22.7068169
          ],
          [
            114.3934195,
            22.7068705
          ]
        ]
      },
      "id": "way/1433975616"
    },
    {
      "type": "Feature",
      "properties": {
        "@id": "way/1433975617",
        "highway": "tertiary",
        "lanes": "2",
        "name": "杜岗路",
        "name:en": "Dugang Road",
        "name:zh": "杜岗路",
        "oneway": "yes"
      },
      "geometry": {
        "type": "LineString",
        "coordinates": [
          [
            114.3988326,
            22.7084391
          ],
          [
            114.4010463,
            22.708458
          ],
          [
            114.4011147,
            22.7084585
          ],
          [
            114.401352,
            22.7084604
          ],
          [
            114.4016034,
            22.7084623
          ],
          [
            114.4016488,
            22.7084627
          ],
          [
            114.4018516,
            22.7084624
          ]
        ]
      },
      "id": "way/1433975617"
    },
    {
      "type": "Feature",
      "properties": {
        "@id": "way/1433975618",
        "highway": "service"
      },
      "geometry": {
        "type": "LineString",
        "coordinates": [
          [
            114.3988353,
            22.7081894
          ],
          [
            114.3988518,
            22.7076584
          ],
          [
            114.3988626,
            22.7076139
          ],
          [
            114.3988928,
            22.7075824
          ],
          [
            114.3989251,
            22.7075694
          ],
          [
            114.3989712,
            22.7075649
          ],
          [
            114.4002537,
            22.7075891
          ]
        ]
      },
      "id": "way/1433975618"
    },
    {
      "type": "Feature",
      "properties": {
        "@id": "way/1433975619",
        "highway": "service"
      },
      "geometry": {
        "type": "LineString",
        "coordinates": [
          [
            114.4011382,
            22.7068269
          ],
          [
            114.4011691,
            22.7071395
          ],
          [
            114.401173,
            22.7072602
          ]
        ]
      },
      "id": "way/1433975619"
    },
    {
      "type": "Feature",
      "properties": {
        "@id": "way/1433975620",
        "highway": "service"
      },
      "geometry": {
        "type": "LineString",
        "coordinates": [
          [
            114.4009687,
            22.7068226
          ],
          [
            114.4011382,
            22.7068269
          ]
        ]
      },
      "id": "way/1433975620"
    },
    {
      "type": "Feature",
      "properties": {
        "@id": "way/1433977617",
        "highway": "service"
      },
      "geometry": {
        "type": "LineString",
        "coordinates": [
          [
            114.3988326,
            22.7084391
          ],
          [
            114.3988327,
            22.7085082
          ]
        ]
      },
      "id": "way/1433977617"
    },
    {
      "type": "Feature",
      "properties": {
        "@id": "way/1433977618",
        "highway": "tertiary",
        "lanes": "2",
        "name": "杜岗路",
        "name:en": "Dugang Road",
        "name:zh": "杜岗路",
        "oneway": "yes"
      },
      "geometry": {
        "type": "LineString",
        "coordinates": [
          [
            114.4018606,
            22.7085287
          ],
          [
            114.4016477,
            22.708529
          ],
          [
            114.4016008,
            22.7085287
          ],
          [
            114.4013514,
            22.708527
          ],
          [
            114.4011121,
            22.7085253
          ],
          [
            114.4010528,
            22.7085249
          ],
          [
            114.3988327,
            22.7085082
          ]
        ]
      },
      "id": "way/1433977618"
    },
    {
      "type": "Feature",
      "properties": {
        "@id": "way/1433977619",
        "highway": "tertiary",
        "lanes": "2",
        "name": "创景路",
        "name:en": "Chuangjing Road",
        "name:zh": "创景路",
        "oneway": "yes",
        "surface": "asphalt"
      },
      "geometry": {
        "type": "LineString",
        "coordinates": [
          [
            114.3928148,
            22.7073694
          ],
          [
            114.393019,
            22.7071295
          ],
          [
            114.3930458,
            22.7070979
          ],
          [
            114.3932845,
            22.7068169
          ]
        ]
      },
      "id": "way/1433977619"
    },
    {
      "type": "Feature",
      "properties": {
        "@id": "way/1433977620",
        "highway": "tertiary",
        "lanes": "2",
        "name": "创景路",
        "name:en": "Chuangjing Road",
        "name:zh": "创景路",
        "oneway": "yes",
        "surface": "asphalt"
      },
      "geometry": {
        "type": "LineString",
        "coordinates": [
          [
            114.3962496,
            22.7012886
          ],
          [
            114.3962468,
            22.7011525
          ],
          [
            114.3962463,
            22.7011261
          ],
          [
            114.3962452,
            22.701072
          ],
          [
            114.3962433,
            22.7009805
          ],
          [
            114.3962425,
            22.700944
          ],
          [
            114.396242,
            22.7009226
          ],
          [
            114.3962427,
            22.7007365
          ],
          [
            114.3962714,
            22.6983541
          ],
          [
            114.3962729,
            22.6982351
          ],
          [
            114.3962736,
            22.6981756
          ],
          [
            114.3962756,
            22.698012
          ],
          [
            114.3963057,
            22.695513
          ],
          [
            114.3963081,
            22.6953141
          ],
          [
            114.396313,
            22.6952488
          ],
          [
            114.3963216,
            22.6951315
          ],
          [
            114.3963287,
            22.6950361
          ]
        ]
      },
      "id": "way/1433977620"
    },
    {
      "type": "Feature",
      "properties": {
        "@id": "way/1433977621",
        "highway": "tertiary",
        "name": "兰田路",
        "name:en": "Lantian Road",
        "name:zh": "兰田路",
        "oneway": "yes",
        "surface": "asphalt"
      },
      "geometry": {
        "type": "LineString",
        "coordinates": [
          [
            114.396378,
            22.7010732
          ],
          [
            114.3962452,
            22.701072
          ],
          [
            114.3961607,
            22.7010712
          ],
          [
            114.3961312,
            22.7010709
          ],
          [
            114.3959915,
            22.7010696
          ]
        ]
      },
      "id": "way/1433977621"
    },
    {
      "type": "Feature",
      "properties": {
        "@id": "way/1433977622",
        "highway": "service",
        "oneway": "yes"
      },
      "geometry": {
        "type": "LineString",
        "coordinates": [
          [
            114.3919706,
            22.7009353
          ],
          [
            114.3919685,
            22.7010323
          ]
        ]
      },
      "id": "way/1433977622"
    },
    {
      "type": "Feature",
      "properties": {
        "@id": "way/1433977623",
        "highway": "service",
        "oneway": "yes"
      },
      "geometry": {
        "type": "LineString",
        "coordinates": [
          [
            114.391882,
            22.7010315
          ],
          [
            114.3918843,
            22.7009344
          ]
        ]
      },
      "id": "way/1433977623"
    },
    {
      "type": "Feature",
      "properties": {
        "@id": "way/1433977624",
        "highway": "tertiary",
        "name": "兰田路",
        "name:en": "Lantian Road",
        "name:zh": "兰田路",
        "oneway": "yes",
        "surface": "asphalt"
      },
      "geometry": {
        "type": "LineString",
        "coordinates": [
          [
            114.391882,
            22.7010315
          ],
          [
            114.3915164,
            22.7010281
          ],
          [
            114.3904369,
            22.7010181
          ]
        ]
      },
      "id": "way/1433977624"
    },
    {
      "type": "Feature",
      "properties": {
        "@id": "way/1433977625",
        "highway": "service"
      },
      "geometry": {
        "type": "LineString",
        "coordinates": [
          [
            114.3919788,
            22.700585
          ],
          [
            114.3918927,
            22.7005831
          ]
        ]
      },
      "id": "way/1433977625"
    }
  ]
}